,datetime,open,close,high,low,volume
0,2015-01-05,11.18,11.18,11.18,11.18,1018
1,2015-01-06,12.3,12.3,12.3,12.3,13334
2,2015-01-07,13.53,13.53,13.53,13.53,2293
3,2015-01-08,14.88,14.88,14.88,14.88,4286
4,2015-01-09,16.37,16.37,16.37,16.37,10589
5,2015-01-12,18.01,18.01,18.01,18.01,27964
6,2015-01-13,19.81,19.81,19.81,19.81,48791
7,2015-01-14,21.79,21.79,21.79,21.79,1887530
8,2015-01-15,21.67,23.97,23.97,21.11,7469779
9,2015-01-16,23.74,23.68,24.92,23.23,4967086
10,2015-01-19,21.6,21.31,22.56,21.31,3825089
11,2015-01-20,22.0,23.18,23.29,21.66,4458665
12,2015-01-21,23.2,24.11,25.2,22.5,4075936
13,2015-01-22,23.71,23.85,24.1,23.22,2338870
14,2015-01-23,24.14,23.6,24.85,23.21,2554175
15,2015-01-26,23.14,22.93,23.29,22.13,2117007
16,2015-01-27,22.8,22.21,23.0,21.96,1606414
17,2015-01-28,22.02,22.3,22.93,21.9,1418588
18,2015-01-29,21.9,21.85,22.45,21.41,1299864
19,2015-01-30,22.02,21.09,22.23,21.01,1099745
20,2015-02-02,20.1,20.4,20.85,20.08,927862
21,2015-02-03,20.75,21.39,21.56,20.42,1198594
22,2015-02-04,21.35,20.5,21.5,20.47,1180967
23,2015-02-05,21.29,20.29,21.3,20.28,1047161
24,2015-02-06,20.02,20.14,20.58,19.9,689312
25,2015-02-09,20.0,20.78,21.16,19.96,1067787
26,2015-02-10,20.6,20.6,20.94,20.3,868595
27,2015-02-11,20.6,20.84,20.93,20.31,699712
28,2015-02-12,20.8,21.26,21.45,20.51,825231
29,2015-02-13,21.4,21.16,21.57,21.09,888998
30,2015-02-16,21.09,21.04,21.2,20.84,601272
31,2015-02-17,21.12,21.14,21.46,21.04,550283
32,2015-02-25,21.07,20.47,21.07,20.46,525693
33,2015-02-26,20.47,21.21,21.45,20.31,921573
34,2015-02-27,21.09,21.07,21.35,21.0,669583
35,2015-03-02,21.4,21.39,21.85,21.18,973371
36,2015-03-03,21.23,20.54,21.24,20.51,856211
37,2015-03-04,20.49,20.56,20.74,20.37,461863
38,2015-03-05,20.46,20.69,20.75,20.35,533162
39,2015-03-06,20.65,20.39,20.92,20.36,485072
40,2015-03-09,19.99,19.79,19.99,19.34,748724
41,2015-03-10,19.7,19.73,20.04,19.5,507858
42,2015-03-11,19.71,19.49,20.0,19.46,428176
43,2015-03-12,19.57,19.85,20.0,19.47,565720
44,2015-03-13,20.08,19.93,20.35,19.83,471607
45,2015-03-16,20.12,20.71,20.96,19.9,987002
46,2015-03-17,21.1,21.24,21.44,20.77,1348996
47,2015-03-18,21.35,21.65,21.65,21.35,1133253
48,2015-03-19,21.77,21.5,21.77,21.35,892376
49,2015-03-20,21.55,22.61,23.52,21.33,1751454
50,2015-03-23,22.81,22.74,22.97,22.42,1159719
51,2015-03-24,22.76,22.09,22.76,21.6,1090518
52,2015-03-25,22.09,22.14,22.54,21.8,801632
53,2015-03-26,21.99,22.08,22.78,21.8,869131
54,2015-03-27,22.01,22.08,22.39,21.9,490478
55,2015-03-30,22.2,22.41,22.64,21.92,922451
56,2015-03-31,22.71,22.18,23.45,22.1,1224592
57,2015-04-01,22.36,22.58,22.75,22.15,932394
58,2015-04-02,22.88,22.56,22.93,22.25,858628
59,2015-04-03,22.41,24.53,24.75,22.36,2415351
60,2015-04-07,24.6,25.4,25.73,24.16,2057669
61,2015-04-08,25.45,27.94,27.94,25.45,2173699
62,2015-04-09,28.99,29.0,30.73,28.5,2841587
63,2015-04-10,29.21,31.5,31.9,29.0,2439332
64,2015-04-13,31.0,30.53,31.18,29.76,1973860
65,2015-04-14,30.01,29.83,30.19,28.91,1442974
66,2015-04-15,29.3,28.88,30.15,28.87,891317
67,2015-04-16,28.1,28.88,29.48,28.08,749883
68,2015-04-17,29.39,29.55,30.99,29.17,1116526
69,2015-04-29,29.4,28.7,29.47,27.88,1023712
70,2015-04-30,28.82,29.2,31.06,28.82,1032916
71,2015-05-04,29.0,30.1,30.69,28.78,1018203
72,2015-05-05,30.0,28.41,31.0,28.02,1183322
73,2015-05-06,28.56,27.65,29.25,27.3,894809
74,2015-05-07,27.37,27.95,28.35,27.35,695787
75,2015-05-08,28.68,28.12,28.77,27.25,787547
76,2015-05-11,28.3,29.37,29.49,27.88,1011132
77,2015-05-12,29.28,29.92,30.95,28.71,1187237
78,2015-05-13,29.51,29.0,29.89,28.75,784954
79,2015-05-14,29.05,28.88,29.46,28.62,598675
80,2015-05-15,28.66,27.79,28.67,27.56,732608
81,2015-05-18,27.47,27.59,28.24,27.2,533318
82,2015-05-19,27.54,30.04,30.35,27.5,1681602
83,2015-05-20,29.7,29.09,29.96,28.79,1343502
84,2015-05-21,29.08,29.42,29.69,28.72,803791
85,2015-05-22,29.85,31.48,31.86,29.5,1760438
86,2015-05-25,31.9,34.61,34.63,31.9,2463180
87,2015-05-26,33.8,34.71,34.94,32.8,2071905
88,2015-05-27,34.3,33.79,34.68,33.51,1189503
89,2015-05-28,33.69,30.46,34.5,30.44,1454692
90,2015-05-29,30.45,29.94,31.37,29.01,1112205
91,2015-06-01,29.99,31.6,32.26,29.56,1033350
92,2015-06-02,31.25,31.21,31.74,30.51,833684
93,2015-06-03,31.23,30.98,31.82,30.68,801896
94,2015-06-04,31.0,32.2,32.47,29.82,1180486
95,2015-06-05,33.05,32.1,33.59,31.11,1211032
96,2015-06-08,32.12,33.71,34.1,31.51,1453167
97,2015-06-09,33.82,32.67,34.2,32.29,966194
98,2015-06-10,32.0,31.96,32.55,31.69,737543
99,2015-06-11,31.77,31.39,31.96,31.0,644483
100,2015-06-12,31.42,31.68,32.37,31.42,684985
101,2015-06-15,32.3,32.0,32.69,31.73,988757
102,2015-06-16,31.6,30.69,32.58,30.45,733435
103,2015-06-17,30.69,30.35,30.9,29.12,658800
104,2015-06-18,29.96,28.7,30.18,28.58,488018
105,2015-06-19,28.32,27.33,29.24,27.31,616872
106,2015-06-23,27.51,28.49,28.55,26.01,554473
107,2015-06-24,28.7,28.6,28.79,27.8,545268
108,2015-06-25,28.33,27.64,28.97,27.4,543860
109,2015-06-26,26.94,24.95,28.18,24.88,809570
110,2015-06-29,25.75,22.81,25.8,22.46,1004989
111,2015-06-30,22.82,25.09,25.09,21.6,942167
112,2015-07-01,24.93,24.3,26.28,24.09,968623
113,2015-07-02,25.3,24.36,25.85,23.03,852867
114,2015-07-03,24.4,23.05,25.21,22.31,715505
115,2015-07-06,25.36,24.43,25.36,23.0,987876
116,2015-07-07,23.7,23.7,24.55,21.99,1390289
117,2015-07-08,21.33,21.33,21.8,21.33,529980
118,2015-07-09,21.0,23.46,23.46,19.2,1669059
119,2015-07-10,22.92,25.42,25.78,22.2,1842993
120,2015-07-13,24.7,25.32,26.6,24.2,1599294
121,2015-07-14,24.48,23.4,24.96,23.01,1052343
122,2015-07-15,22.9,21.06,23.58,21.06,848928
123,2015-07-16,21.06,21.11,21.79,20.05,574933
124,2015-07-17,21.4,22.18,22.56,21.11,608353
125,2015-07-20,22.18,21.59,22.48,21.41,591432
126,2015-07-21,21.3,21.83,22.4,20.96,680764
127,2015-07-22,21.59,21.54,22.09,21.23,471266
128,2015-07-23,21.65,22.29,22.41,21.62,724049
129,2015-07-24,22.81,21.95,22.99,21.84,815623
130,2015-07-27,21.4,19.76,21.77,19.76,730695
131,2015-07-28,19.17,21.74,21.74,18.21,1480807
132,2015-07-29,22.5,22.58,22.78,21.51,1374491
133,2015-07-30,22.1,21.06,22.51,21.0,926475
134,2015-07-31,20.8,21.81,22.19,20.63,926731
135,2015-08-03,21.02,22.77,22.78,20.9,1020389
136,2015-08-04,22.59,23.04,23.27,21.89,947992
137,2015-08-05,22.71,22.14,22.9,22.11,548609
138,2015-08-06,21.7,21.25,21.99,21.2,410098
139,2015-08-07,21.52,21.56,21.93,21.35,402274
140,2015-08-10,21.6,22.98,23.4,21.4,821366
141,2015-08-11,22.7,22.44,23.03,22.39,542170
142,2015-08-12,22.1,22.46,23.35,22.01,564800
143,2015-08-13,22.52,22.9,23.25,22.28,473160
144,2015-08-14,23.1,22.99,23.32,22.77,586089
145,2015-08-17,22.92,22.47,23.01,22.08,417139
146,2015-08-18,22.56,20.45,23.4,20.24,850310
147,2015-08-19,19.95,20.66,20.74,19.32,501975
148,2015-08-20,20.32,19.8,20.5,19.8,362904
149,2015-08-21,19.37,18.31,19.9,18.1,374127
150,2015-08-24,17.68,16.48,17.68,16.48,422795
151,2015-08-25,14.88,14.88,15.61,14.83,594175
152,2015-08-26,15.25,14.3,15.61,13.88,636173
153,2015-08-27,14.75,15.12,15.2,13.76,505563
154,2015-08-28,15.3,15.74,15.98,15.08,652235
155,2015-08-31,15.85,15.37,15.85,14.42,568017
156,2015-09-01,15.0,16.2,16.22,14.3,840891
157,2015-09-02,15.5,16.93,17.03,15.3,1185435
158,2015-09-07,16.58,16.24,17.37,16.18,397425
159,2015-09-08,15.9,16.52,16.6,15.22,365529
160,2015-09-09,16.45,16.79,17.35,16.11,466214
161,2015-09-10,16.32,16.06,16.5,16.0,249359
162,2015-09-11,16.06,15.9,16.29,15.71,171619
163,2015-09-14,15.9,14.5,15.99,14.31,296307
164,2015-09-15,14.26,13.83,14.73,13.77,237899
165,2015-09-16,13.95,14.91,15.2,13.81,245531
166,2015-09-17,14.75,14.46,15.15,14.46,229863
167,2015-09-18,14.58,14.48,14.69,14.36,124111
168,2015-09-21,14.32,14.86,14.93,14.2,166891
169,2015-09-22,14.94,15.55,16.14,14.83,377944
170,2015-09-23,15.15,15.0,15.42,14.94,214728
171,2015-09-24,15.1,15.13,15.28,14.91,135766
172,2015-09-25,15.0,14.44,15.15,14.32,130868
173,2015-09-28,14.5,14.72,14.8,14.33,91884
174,2015-09-29,14.5,14.75,15.24,14.29,176982
175,2015-09-30,14.67,14.79,15.2,14.61,169730
176,2015-10-08,15.6,15.18,15.75,15.17,295547
177,2015-10-09,15.2,15.72,15.85,15.18,323524
178,2015-10-12,15.65,16.51,16.93,15.51,500014
179,2015-10-13,16.2,16.3,16.35,16.04,279573
180,2015-10-14,16.14,16.01,16.65,16.01,311912
181,2015-10-15,15.95,16.42,16.47,15.9,283936
182,2015-10-16,16.58,16.72,16.95,16.41,434271
183,2015-10-19,16.78,17.29,18.11,16.78,644049
184,2015-10-20,17.25,17.44,17.48,17.01,301725
185,2015-10-21,17.45,16.18,17.67,16.0,426061
186,2015-10-22,16.2,16.49,16.56,15.82,284423
187,2015-10-23,16.63,16.8,16.95,16.16,336772
188,2015-10-26,16.99,16.75,17.58,16.64,653374
189,2015-10-27,16.45,16.46,16.51,15.71,422215
190,2015-10-28,16.4,16.1,16.61,16.0,261685
191,2015-10-29,16.19,16.19,16.3,16.01,177451
192,2015-10-30,16.22,16.48,16.96,15.92,458732
193,2015-11-02,16.1,16.12,16.55,16.0,257571
194,2015-11-03,16.2,16.28,16.45,16.11,210242
195,2015-11-04,16.35,17.91,17.91,16.35,916471
196,2015-11-05,18.75,19.15,19.7,18.52,1455344
197,2015-11-06,18.97,21.07,21.07,18.56,1439282
198,2015-11-09,21.38,20.91,22.29,20.7,1452866
199,2015-11-10,20.4,21.62,22.99,20.3,1145478
200,2015-11-11,21.2,22.75,23.1,21.0,908680
201,2015-11-12,23.0,22.06,23.0,21.72,751708
202,2015-11-13,21.77,21.92,22.65,21.56,769483
203,2015-11-16,21.2,21.28,21.55,20.85,566723
204,2015-11-17,21.65,22.27,23.41,21.57,1319609
205,2015-11-18,22.1,20.6,22.38,20.3,811436
206,2015-11-19,20.7,21.09,21.12,20.3,404698
207,2015-11-20,21.0,20.8,21.07,20.58,320990
208,2015-11-23,21.05,21.15,22.62,20.91,595354
209,2015-11-24,20.77,21.85,22.0,20.5,498219
210,2015-11-25,21.48,21.84,21.98,21.31,412688
211,2015-11-26,22.19,21.62,22.82,21.5,490870
212,2015-11-27,20.65,19.46,20.99,19.46,839205
213,2015-11-30,19.3,18.92,19.48,17.91,564337
214,2015-12-01,18.8,18.75,18.96,18.2,412847
215,2015-12-02,18.69,19.8,19.97,18.53,515004
216,2015-12-03,19.6,19.8,20.18,19.39,357361
217,2015-12-04,19.69,19.09,19.69,18.98,319607
218,2015-12-07,19.1,18.94,19.18,18.7,206388
219,2015-12-08,18.8,18.68,19.15,18.62,238080
220,2015-12-09,18.57,18.65,18.93,18.5,158319
221,2015-12-10,18.79,18.73,19.69,18.61,360215
222,2015-12-11,18.45,18.8,19.2,18.26,262742
223,2015-12-14,18.59,20.3,20.5,18.5,551551
224,2015-12-15,20.29,19.74,20.29,19.6,440740
225,2015-12-16,19.86,19.76,20.2,19.64,253809
226,2015-12-17,20.0,20.08,20.39,19.81,441974
227,2015-12-18,20.06,19.9,20.16,19.8,242844
228,2015-12-21,19.75,20.16,20.56,19.75,339023
229,2015-12-22,20.18,20.31,20.39,19.93,285721
230,2015-12-23,20.43,20.87,21.86,20.3,833868
231,2015-12-24,20.59,20.19,20.68,19.89,361495
232,2015-12-25,20.11,20.1,20.36,19.9,211800
233,2015-12-28,20.22,19.48,20.32,19.48,275293
234,2015-12-29,19.41,19.77,19.84,19.41,201818
235,2015-12-30,19.77,19.7,19.87,19.4,183804
236,2015-12-31,19.71,19.75,20.21,19.71,214354
237,2016-01-04,19.97,17.88,20.04,17.78,224529
238,2016-01-05,17.08,18.02,18.29,17.0,282207
239,2016-01-06,18.02,18.25,18.42,17.8,204438
240,2016-01-07,17.84,16.59,17.93,16.51,51562
241,2016-01-08,17.1,16.96,17.88,16.31,411327
242,2016-01-11,16.4,15.58,16.74,15.56,267473
243,2016-01-12,15.99,15.85,16.34,15.58,220185
244,2016-01-13,16.15,16.02,16.28,15.8,250964
245,2016-01-14,15.69,16.9,17.09,15.5,380623
246,2016-01-15,16.56,16.24,16.77,15.96,316461
247,2016-01-18,15.88,16.22,16.46,15.8,202996
248,2016-01-19,16.18,16.83,16.85,16.03,313683
249,2016-01-20,16.7,16.84,17.06,16.57,303604
250,2016-01-21,16.52,15.9,16.97,15.85,216984
251,2016-01-22,16.15,16.15,16.3,15.65,159459
252,2016-01-25,16.31,16.31,16.68,16.13,159299
253,2016-01-26,16.08,14.69,16.21,14.69,297697
254,2016-01-27,14.74,14.25,14.98,13.76,266258
255,2016-01-28,14.17,13.84,14.68,13.77,226990
256,2016-01-29,13.92,14.59,14.7,13.88,311228
257,2016-02-01,14.57,14.53,14.75,14.28,224404
258,2016-02-02,14.65,14.99,15.07,14.56,200961
259,2016-02-03,14.75,14.86,14.99,14.55,158380
260,2016-02-04,14.93,15.05,15.2,14.89,144500
261,2016-02-05,14.8,14.55,14.91,14.53,150529
262,2016-02-15,13.98,14.24,14.34,13.98,103442
263,2016-02-16,14.32,14.81,14.9,14.32,173193
264,2016-02-17,14.75,14.94,15.14,14.69,174426
265,2016-02-18,15.1,14.91,15.39,14.9,173666
266,2016-02-19,14.9,14.94,15.07,14.83,123186
267,2016-02-22,15.2,15.45,15.67,15.06,248583
268,2016-02-23,15.49,15.28,15.49,15.1,154263
269,2016-02-24,15.28,15.35,15.47,14.98,146637
270,2016-02-25,15.3,14.1,15.33,13.96,224088
271,2016-02-26,14.31,14.2,14.39,13.96,136640
272,2016-02-29,14.1,13.5,14.17,13.28,194612
273,2016-03-01,13.65,14.01,14.35,13.45,196252
274,2016-03-02,13.91,14.81,14.88,13.91,254826
275,2016-03-03,14.75,14.64,15.1,14.6,234184
276,2016-03-04,14.56,14.67,14.95,14.41,347961
277,2016-03-07,14.95,14.87,15.29,14.71,200998
278,2016-03-08,14.85,14.76,14.86,14.25,152569
279,2016-03-09,14.48,14.38,14.8,14.28,138797
280,2016-03-10,14.4,14.1,14.53,14.06,113819
281,2016-03-11,14.08,14.2,14.43,13.92,108848
282,2016-03-14,14.41,14.7,14.89,14.35,215428
283,2016-03-15,14.7,14.51,14.71,14.41,112328
284,2016-03-16,14.59,14.39,14.75,14.33,117148
285,2016-03-17,14.5,14.85,15.07,14.43,257702
286,2016-03-18,14.96,15.53,15.72,14.92,406001
287,2016-03-21,16.05,17.08,17.08,16.04,859047
288,2016-03-22,16.81,16.45,17.08,16.37,490482
289,2016-03-23,16.32,16.77,16.88,16.26,328526
290,2016-03-24,16.4,15.99,16.53,15.99,301907
291,2016-03-25,15.95,16.22,16.31,15.92,205125
292,2016-03-28,16.28,16.01,16.66,15.91,260011
293,2016-03-29,16.09,15.81,16.18,15.7,210479
294,2016-03-30,16.0,16.34,16.39,16.0,217096
295,2016-03-31,16.39,16.42,16.78,16.31,267852
296,2016-04-01,16.32,16.27,16.57,16.0,167664
297,2016-04-05,16.18,16.58,16.75,16.18,262470
298,2016-04-06,16.52,16.51,16.67,16.34,181497
299,2016-04-07,16.57,16.17,16.65,16.14,185642
300,2016-04-08,16.06,15.89,16.1,15.72,172904
301,2016-04-11,16.5,16.36,16.7,16.26,284760
302,2016-04-12,16.31,16.14,16.31,15.98,145032
303,2016-04-13,16.31,16.58,16.93,16.31,407359
304,2016-04-14,16.68,16.61,16.77,16.42,193598
305,2016-04-15,16.61,16.48,16.64,16.42,127500
306,2016-04-18,16.4,16.18,16.4,15.99,194999
307,2016-04-19,16.23,16.12,16.29,15.98,166880
308,2016-04-20,16.16,15.5,16.2,15.2,257694
309,2016-04-21,15.45,15.35,15.7,15.31,132593
310,2016-04-22,15.28,15.44,15.48,15.22,83242
311,2016-04-25,15.4,15.5,15.68,15.22,136020
312,2016-04-26,15.52,15.65,15.74,15.38,101502
313,2016-04-27,15.65,15.51,15.68,15.43,86339
314,2016-04-28,15.51,15.38,15.59,15.18,118976
315,2016-04-29,15.33,15.33,15.39,15.24,71847
316,2016-05-03,15.34,15.74,15.81,15.29,166172
317,2016-05-04,15.65,15.61,15.74,15.57,94686
318,2016-05-05,15.62,15.66,15.71,15.51,85456
319,2016-05-06,15.72,15.1,15.76,15.1,144023
320,2016-05-09,15.01,14.47,15.01,14.37,154149
321,2016-05-10,14.42,14.4,14.6,14.28,98494
322,2016-05-11,14.5,14.32,14.55,14.3,87250
323,2016-05-12,14.19,14.61,14.66,14.03,157776
324,2016-05-13,14.5,14.51,14.82,14.46,132381
325,2016-05-16,14.42,14.61,14.74,14.32,76349
326,2016-05-17,14.63,14.62,14.88,14.42,98076
327,2016-05-18,14.49,14.55,14.68,14.28,162417
328,2016-05-19,14.51,14.5,14.68,14.43,73852
329,2016-05-20,14.48,14.66,14.66,14.36,73055
330,2016-05-23,14.67,14.68,14.75,14.6,83035
331,2016-05-24,14.68,14.39,14.68,14.35,63597
332,2016-05-25,14.5,14.44,14.67,14.42,68281
333,2016-05-26,14.43,14.42,14.52,14.2,64292
334,2016-05-27,14.42,14.62,14.75,14.35,86690
335,2016-05-30,14.46,14.6,14.73,14.36,86506
336,2016-05-31,14.64,15.64,15.65,14.56,374892
337,2016-06-01,15.62,15.28,15.72,15.24,260427
338,2016-06-02,15.29,15.42,15.47,15.21,156308
339,2016-06-03,15.44,15.48,15.67,15.28,209949
340,2016-06-06,15.4,15.32,15.49,15.29,125533
341,2016-06-07,15.26,15.39,15.48,15.26,97085
342,2016-06-08,15.39,15.57,15.65,15.32,180552
343,2016-06-13,15.3,15.31,16.06,15.25,328629
344,2016-06-14,15.29,16.19,16.35,15.18,500666
345,2016-06-15,15.82,16.41,16.95,15.82,566887
346,2016-06-16,16.24,16.08,16.46,16.07,271780
347,2016-06-17,16.3,16.31,16.7,16.11,267970
348,2016-06-20,16.27,16.8,16.87,16.19,321436
349,2016-06-21,17.01,17.1,18.28,17.01,527431
350,2016-06-22,16.98,17.99,18.03,16.88,456048
351,2016-06-23,17.9,17.74,17.93,17.32,323736
352,2016-06-24,17.14,16.66,17.23,16.0,403331
353,2016-06-27,16.56,17.2,17.3,16.5,288010
354,2016-06-28,17.12,17.53,17.7,16.84,365997
355,2016-06-29,17.5,17.48,17.88,17.33,291848
356,2016-06-30,17.6,17.25,17.69,17.15,199431
357,2016-07-01,17.41,17.13,17.58,17.03,171613
358,2016-07-04,16.9,17.38,17.7,16.8,282035
359,2016-07-05,17.37,17.28,17.56,17.18,156432
360,2016-07-06,17.28,17.03,17.28,16.88,179631
361,2016-07-07,17.06,17.05,17.2,16.89,160273
362,2016-07-08,17.05,17.24,17.4,16.98,214221
363,2016-07-11,17.24,17.01,17.49,16.97,186612
364,2016-07-12,16.99,17.12,17.2,16.36,396489
365,2016-07-13,17.08,17.08,17.39,17.01,247986
366,2016-07-14,17.01,16.87,17.1,16.81,163462
367,2016-07-15,16.84,16.77,16.98,16.75,96332
368,2016-07-18,16.62,16.36,16.64,16.35,172327
369,2016-07-19,16.4,16.68,16.86,16.4,171224
370,2016-07-20,16.65,16.55,16.78,16.55,85139
371,2016-07-21,16.54,16.66,16.92,16.54,142416
372,2016-07-22,16.66,16.42,16.7,16.33,122177
373,2016-07-25,16.38,16.5,16.64,16.36,82445
374,2016-07-26,16.42,16.74,16.77,16.42,123526
375,2016-07-27,16.76,16.16,16.85,16.0,192109
376,2016-07-28,16.17,15.91,16.26,15.73,131931
377,2016-07-29,15.83,16.0,16.27,15.81,95891
378,2016-08-01,15.98,16.15,16.25,15.91,120304
379,2016-08-02,16.15,16.02,16.19,15.85,83791
380,2016-08-03,15.99,15.94,16.11,15.86,71173
381,2016-08-04,15.94,16.05,16.05,15.79,91633
382,2016-08-05,16.01,15.97,16.25,15.91,109125
383,2016-08-08,15.92,16.33,16.36,15.82,142691
384,2016-08-09,16.3,16.36,16.42,16.16,116559
385,2016-08-10,16.38,16.25,16.6,16.16,150946
386,2016-08-11,16.23,16.31,16.56,16.2,171012
387,2016-08-12,16.2,17.04,17.06,16.19,324140
388,2016-08-15,17.08,17.89,18.5,16.99,689903
389,2016-08-16,17.69,18.1,18.25,17.62,535493
390,2016-08-17,18.25,18.0,18.94,17.94,446676
391,2016-08-18,17.84,17.89,18.07,17.68,237633
392,2016-08-19,17.73,17.8,17.96,17.71,129796
393,2016-08-22,17.72,17.49,17.95,17.43,136875
394,2016-08-23,17.45,17.58,17.79,17.45,120622
395,2016-08-24,17.62,17.7,17.95,17.55,145793
396,2016-08-25,17.47,17.56,17.85,17.3,147410
397,2016-08-26,17.51,17.46,17.62,17.36,110095
398,2016-08-29,17.39,17.39,17.53,17.22,77733
399,2016-08-30,17.35,17.54,17.64,17.32,117764
400,2016-08-31,17.58,17.75,17.86,17.38,128294
401,2016-09-01,17.78,17.34,17.85,17.33,122063
402,2016-09-02,17.3,17.4,17.78,17.28,90135
403,2016-09-05,17.54,17.47,17.8,17.42,114426
404,2016-09-06,17.35,17.47,17.49,17.08,125168
405,2016-09-07,17.48,17.39,17.64,17.37,87709
406,2016-09-08,17.37,17.43,17.54,17.31,57329
407,2016-09-09,17.4,17.26,17.53,17.25,78809
408,2016-09-12,17.0,16.62,17.01,16.5,163435
409,2016-09-13,16.71,16.54,16.76,16.47,65925
410,2016-09-14,16.48,16.35,16.49,16.28,93359
411,2016-09-19,16.38,16.43,16.48,16.36,45934
412,2016-09-20,16.44,16.45,16.47,16.35,43893
413,2016-09-21,16.47,16.5,16.7,16.43,105656
414,2016-09-22,16.67,16.51,16.72,16.48,74169
415,2016-09-23,16.52,16.4,16.58,16.4,51394
416,2016-09-26,16.36,16.05,16.4,16.02,78958
417,2016-09-27,16.0,16.21,16.26,15.96,54391
418,2016-09-28,16.13,16.09,16.22,16.08,39212
419,2016-09-29,16.21,16.43,16.63,16.15,105615
420,2016-09-30,16.4,16.48,16.52,16.33,52223
421,2016-10-10,16.59,16.7,16.8,16.49,93561
422,2016-10-11,16.71,16.64,16.76,16.55,65923
423,2016-10-12,16.65,16.81,16.98,16.65,89892
424,2016-10-13,16.74,16.78,16.95,16.63,80752
425,2016-10-14,16.78,16.64,16.83,16.55,77107
426,2016-10-17,16.62,16.35,16.71,16.35,83958
427,2016-10-18,16.36,16.85,16.86,16.32,130088
428,2016-10-19,16.84,16.67,16.88,16.6,72774
429,2016-10-20,16.7,16.51,16.74,16.48,75464
430,2016-10-21,16.52,16.6,16.85,16.48,113186
431,2016-10-24,16.57,17.09,17.37,16.56,251353
432,2016-10-25,17.02,17.05,17.2,16.93,99410
433,2016-10-26,17.06,16.96,17.15,16.91,86999
434,2016-10-27,17.0,16.99,17.04,16.85,64887
435,2016-10-28,17.16,16.95,17.64,16.92,185361
436,2016-10-31,16.86,17.13,17.2,16.5,128934
437,2016-11-01,17.06,17.25,17.36,17.03,133396
438,2016-11-02,17.15,17.15,17.5,17.12,135772
439,2016-11-03,17.1,17.6,17.93,17.06,334557
440,2016-11-04,17.76,18.04,18.35,17.67,359575
441,2016-11-07,17.97,17.93,18.18,17.76,240228
442,2016-11-08,18.17,17.91,18.29,17.84,147478
443,2016-11-09,17.81,17.59,17.97,17.43,227808
444,2016-11-10,17.85,17.84,18.15,17.77,156117
445,2016-11-11,17.86,18.37,18.5,17.75,310866
446,2016-11-14,18.15,18.28,18.8,18.13,322909
447,2016-11-15,18.25,18.08,18.35,17.94,159774
448,2016-11-16,18.17,18.08,18.26,17.9,146191
449,2016-11-17,17.97,17.96,18.05,17.79,121571
450,2016-11-18,17.85,17.67,17.93,17.6,138900
451,2016-11-21,17.62,17.62,17.83,17.5,135425
452,2016-11-22,17.7,17.99,18.06,17.66,185996
453,2016-11-23,18.02,17.71,18.06,17.67,132465
454,2016-11-24,17.72,17.82,18.15,17.65,143109
455,2016-11-25,17.82,17.87,17.88,17.37,131725
456,2016-11-28,18.1,17.85,18.2,17.81,186992
457,2016-11-29,17.56,17.77,17.94,17.56,136589
458,2016-11-30,17.68,17.68,17.94,17.6,112087
459,2016-12-01,17.7,17.97,17.98,17.61,147018
460,2016-12-02,18.08,17.69,18.1,17.55,180976
461,2016-12-05,17.5,17.18,17.68,17.17,132089
462,2016-12-06,17.22,17.1,17.35,17.02,92662
463,2016-12-07,17.1,17.08,17.16,16.88,108381
464,2016-12-08,17.13,16.8,17.14,16.78,107038
465,2016-12-09,16.77,16.83,16.98,16.75,79596
466,2016-12-12,16.83,16.2,16.91,16.11,163871
467,2016-12-13,16.28,16.15,16.28,16.03,81581
468,2016-12-14,16.16,16.17,16.23,15.95,119863
469,2016-12-15,16.05,16.08,16.28,15.99,96350
470,2016-12-16,16.07,16.05,16.18,16.01,76859
471,2016-12-19,16.06,15.84,16.09,15.8,67532
472,2016-12-20,15.82,15.74,15.9,15.7,80476
473,2016-12-21,15.8,15.86,15.97,15.77,77734
474,2016-12-22,15.88,15.78,15.89,15.72,55173
475,2016-12-23,15.81,15.65,15.83,15.6,53723
476,2016-12-26,15.48,15.8,15.88,15.4,78645
477,2016-12-27,15.85,15.73,15.87,15.7,42655
478,2016-12-28,15.74,15.58,15.77,15.53,51798
479,2016-12-29,15.59,15.57,15.68,15.46,65622
480,2016-12-30,15.56,15.55,15.67,15.4,56339
481,2017-01-03,15.6,15.74,15.81,15.6,71479
482,2017-01-04,15.75,15.83,15.86,15.7,60389
483,2017-01-05,15.84,15.72,15.87,15.71,51702
484,2017-01-06,15.71,15.65,15.78,15.63,60439
485,2017-01-09,15.64,15.63,15.74,15.61,48660
486,2017-01-10,15.69,15.61,15.72,15.61,43870
487,2017-01-11,15.62,15.62,15.76,15.6,46187
488,2017-01-12,15.69,15.74,15.85,15.67,75408
489,2017-01-13,15.75,15.83,15.94,15.72,96690
490,2017-01-16,15.76,15.18,15.76,14.67,118654
491,2017-01-17,15.15,15.09,15.33,14.88,61062
492,2017-01-18,15.1,14.92,15.2,14.91,88525
493,2017-01-19,14.9,14.84,15.05,14.82,81765
494,2017-01-20,14.87,15.05,15.11,14.84,67085
495,2017-01-23,15.07,15.06,15.17,15.01,72445
496,2017-01-24,15.07,14.83,15.07,14.82,92604
497,2017-01-25,14.83,14.91,15.02,14.83,76910
498,2017-01-26,14.95,15.14,15.19,14.95,65485
499,2017-02-03,15.16,14.94,15.19,14.94,53533
500,2017-02-06,15.07,14.97,15.07,14.91,68339
501,2017-02-07,14.97,14.83,14.98,14.79,76465
502,2017-02-08,14.82,15.15,15.18,14.79,118836
503,2017-02-09,15.09,15.09,15.28,15.07,93006
504,2017-02-10,15.15,15.19,15.32,15.11,104159
505,2017-02-13,15.23,15.38,15.54,15.16,137610
506,2017-02-14,15.49,15.35,15.49,15.29,73490
507,2017-02-15,15.32,15.21,15.44,15.21,90134
508,2017-02-16,15.21,15.32,15.45,15.17,89141
509,2017-02-17,15.39,15.4,15.93,15.38,245394
510,2017-02-20,15.43,15.61,15.62,15.34,126405
511,2017-02-21,15.63,15.6,15.76,15.5,110875
512,2017-02-22,15.56,15.52,15.58,15.38,76753
513,2017-02-23,15.5,15.33,15.54,15.29,89557
514,2017-02-24,15.3,15.4,15.43,15.26,111199
515,2017-02-27,15.35,15.21,15.35,15.19,77945
516,2017-02-28,15.21,15.25,15.36,15.18,76381
517,2017-03-01,15.24,15.24,15.35,15.22,85098
518,2017-03-02,15.29,15.22,15.48,15.21,129497
519,2017-03-03,15.18,15.1,15.2,15.07,79219
520,2017-03-06,15.12,15.25,15.3,15.1,77758
521,2017-03-07,15.25,15.25,15.3,15.19,59760
522,2017-03-08,15.25,15.15,15.29,15.11,59071
523,2017-03-09,15.18,15.03,15.22,14.98,75292
524,2017-03-10,15.02,15.0,15.1,14.98,52037
525,2017-03-13,15.0,15.07,15.08,14.9,54888
526,2017-03-14,15.07,15.03,15.16,15.01,51404
527,2017-03-15,15.03,15.01,15.07,14.94,53667
528,2017-03-16,15.05,15.35,15.35,15.05,181110
529,2017-03-17,15.35,15.09,15.4,15.09,106042
530,2017-03-20,15.02,15.01,15.1,14.92,119224
531,2017-03-21,15.02,14.9,15.05,14.86,98146
532,2017-03-22,14.86,14.81,14.93,14.8,85311
533,2017-03-23,14.85,14.85,14.98,14.79,90288
534,2017-03-24,14.84,15.09,15.09,14.83,134755
535,2017-03-27,15.07,14.99,15.14,14.98,80329
536,2017-03-28,14.99,14.92,15.08,14.91,63646
537,2017-03-29,14.85,14.82,14.99,14.81,89503
538,2017-03-30,14.8,14.61,14.88,14.53,108921
539,2017-03-31,14.65,14.58,14.66,14.53,72400
540,2017-04-05,14.65,14.85,14.86,14.6,86118
541,2017-04-06,14.85,14.78,14.89,14.72,64493
542,2017-04-07,14.7,14.81,14.85,14.7,67695
543,2017-04-10,14.76,14.81,14.92,14.75,75768
544,2017-04-11,14.78,14.88,14.9,14.62,93204
545,2017-04-12,14.93,14.81,15.04,14.74,118699
546,2017-04-13,14.81,14.8,14.85,14.74,47214
547,2017-04-14,14.79,14.57,14.81,14.55,67787
548,2017-04-17,14.58,14.54,14.67,14.45,55025
549,2017-04-18,14.59,14.26,14.6,14.22,90577
550,2017-04-19,14.26,14.1,14.29,14.05,78990
551,2017-04-20,14.1,14.11,14.17,14.06,47532
552,2017-04-21,14.1,14.2,14.22,14.07,35225
553,2017-04-24,14.2,13.91,14.2,13.9,67936
554,2017-04-25,13.92,13.83,14.02,13.83,72816
555,2017-04-26,13.85,13.83,13.98,13.78,78617
556,2017-04-27,13.82,13.75,13.82,13.53,85099
557,2017-04-28,13.75,13.78,13.8,13.66,48456
558,2017-05-02,13.8,13.67,13.82,13.65,57684
559,2017-05-03,13.75,13.61,13.8,13.59,67263
560,2017-05-04,13.61,13.51,13.67,13.5,66463
561,2017-05-05,13.5,13.16,13.5,13.13,101241
562,2017-05-08,13.16,13.24,13.33,13.12,87030
563,2017-05-09,13.21,13.23,13.3,13.18,56241
564,2017-05-10,13.26,13.05,13.29,12.95,109390
565,2017-05-11,12.97,13.06,13.09,12.73,127112
566,2017-05-12,13.0,13.24,13.34,12.94,99858
567,2017-05-15,13.3,13.16,13.3,13.13,67540
568,2017-05-16,13.15,13.19,13.19,12.86,91914
569,2017-05-17,13.15,13.13,13.37,13.13,99524
570,2017-05-18,13.01,12.98,13.1,12.95,62486
571,2017-05-19,12.95,12.96,13.03,12.94,31659
572,2017-05-22,12.86,12.56,12.9,12.4,118167
573,2017-05-23,12.49,12.63,12.69,12.39,123121
574,2017-05-24,12.58,12.63,12.75,12.42,57657
575,2017-05-25,12.45,13.11,13.15,12.43,170435
576,2017-05-26,13.08,13.17,13.22,12.99,113348
577,2017-05-31,13.45,13.35,13.45,13.14,141668
578,2017-06-01,13.28,13.04,13.28,13.0,94054
579,2017-06-02,12.96,13.0,13.09,12.8,85644
580,2017-06-05,13.02,12.95,13.15,12.9,63005
581,2017-06-06,12.97,13.11,13.12,12.91,50672
582,2017-06-07,13.1,13.33,13.36,13.04,127155
583,2017-06-08,13.33,13.31,13.39,13.19,62377
584,2017-06-09,13.17,13.09,13.17,13.02,69032
585,2017-06-12,13.04,12.77,13.05,12.73,100257
586,2017-06-13,12.77,12.9,12.99,12.73,49570
587,2017-06-14,12.91,12.89,12.97,12.83,55562
588,2017-06-15,12.89,13.05,13.15,12.84,76260
589,2017-06-16,13.08,12.85,13.1,12.85,165391
590,2017-06-19,12.85,13.1,13.13,12.81,130888
591,2017-06-20,13.1,13.21,13.29,13.08,154297
592,2017-06-21,13.36,13.2,13.43,13.1,136920
593,2017-06-22,13.18,13.2,13.38,13.07,149535
594,2017-06-23,13.18,13.18,13.19,13.01,86956
595,2017-06-26,13.19,13.4,13.42,13.13,120390
596,2017-06-27,13.38,13.31,13.42,13.27,74862
597,2017-06-28,13.3,13.2,13.33,13.2,69361
598,2017-06-29,13.2,13.22,13.28,13.19,42069
599,2017-06-30,13.24,13.25,13.29,13.1,68823
600,2017-07-03,13.25,13.26,13.28,13.16,52722
601,2017-07-04,13.26,13.3,13.36,13.15,89823
602,2017-07-05,13.31,13.35,13.35,13.26,62953
603,2017-07-06,13.35,13.52,13.52,13.31,133985
604,2017-07-07,13.5,13.67,13.71,13.38,155520
605,2017-07-10,13.65,13.81,13.9,13.55,207356
606,2017-07-11,13.85,13.63,13.95,13.61,137162
607,2017-07-12,13.63,13.51,13.68,13.36,116098
608,2017-07-13,13.49,13.91,13.93,13.42,182043
609,2017-07-14,13.92,13.81,14.08,13.77,125103
610,2017-07-17,13.85,13.37,13.88,13.28,175179
611,2017-07-18,13.3,13.26,13.44,13.19,106633
612,2017-07-19,13.28,14.59,14.59,13.24,590780
613,2017-07-20,14.52,14.4,14.65,14.21,432743
614,2017-07-21,14.28,14.25,14.51,14.15,224688
615,2017-07-24,14.2,14.25,14.43,14.14,209437
616,2017-07-25,14.2,14.06,14.26,14.01,141435
617,2017-07-26,14.13,14.17,14.21,13.99,145422
618,2017-07-27,14.16,14.25,14.37,13.8,262927
619,2017-07-28,14.15,14.24,14.3,14.03,157169
620,2017-07-31,14.09,14.24,14.38,13.92,248984
621,2017-08-01,14.24,14.48,14.66,14.16,326403
622,2017-08-02,14.39,14.46,14.7,14.32,300134
623,2017-08-03,14.35,14.19,14.5,14.16,214577
624,2017-08-04,14.18,14.09,14.43,14.08,288025
625,2017-08-07,14.08,13.98,14.15,13.87,156222
626,2017-08-08,13.96,14.15,14.25,13.9,155115
627,2017-08-09,14.06,13.92,14.09,13.92,94685
628,2017-08-10,13.92,13.88,14.18,13.82,139411
629,2017-08-11,13.8,13.49,13.8,13.48,159239
630,2017-08-14,13.55,13.7,13.77,13.49,155213
631,2017-08-15,13.71,13.62,13.74,13.57,68793
632,2017-08-16,13.65,13.69,13.75,13.6,80518
633,2017-08-17,13.63,13.84,13.85,13.63,121306
634,2017-08-18,13.75,13.72,13.87,13.66,87902
635,2017-08-21,13.72,13.79,13.79,13.67,67549
636,2017-08-22,13.8,13.75,13.86,13.67,76226
637,2017-08-23,13.71,13.83,13.94,13.66,142121
638,2017-08-24,13.8,13.69,13.82,13.68,72745
639,2017-08-25,13.66,13.94,14.06,13.65,200396
640,2017-08-28,13.99,14.47,14.67,13.99,560255
641,2017-08-29,14.46,14.23,14.46,14.18,269146
642,2017-08-30,14.23,14.23,14.53,14.2,279077
643,2017-08-31,14.21,14.3,14.41,14.19,185727
644,2017-09-01,14.32,14.38,14.48,14.27,225296
645,2017-09-04,14.35,14.42,14.58,14.28,224163
646,2017-09-05,14.39,14.28,14.49,14.26,170172
647,2017-09-06,14.23,14.2,14.31,14.05,137670
648,2017-09-07,14.2,14.08,14.28,14.08,127666
649,2017-09-08,14.09,14.09,14.15,14.06,99808
650,2017-09-11,14.07,14.14,14.24,14.06,87366
651,2017-09-12,14.18,14.2,14.35,14.13,216350
652,2017-09-13,14.21,14.16,14.23,14.13,77680
653,2017-09-14,14.19,14.09,14.24,14.04,129106
654,2017-09-15,14.08,14.1,14.2,14.03,111408
655,2017-09-18,14.11,14.22,14.27,14.1,135039
656,2017-09-19,14.3,13.98,14.3,13.95,133501
657,2017-09-20,13.99,14.05,14.11,13.95,111284
658,2017-09-21,14.09,13.95,14.15,13.95,109567
659,2017-09-22,13.95,13.84,14.04,13.77,100584
660,2017-09-25,13.85,13.63,13.88,13.55,134295
661,2017-09-26,13.61,13.6,13.69,13.51,70741
662,2017-09-27,13.64,13.59,13.67,13.55,53872
663,2017-09-28,13.59,13.6,13.69,13.58,56215
664,2017-09-29,13.62,13.69,13.83,13.62,74788
665,2017-10-09,13.9,13.76,13.97,13.74,93656
666,2017-10-10,13.76,13.85,13.85,13.71,62051
667,2017-10-11,13.82,13.81,13.89,13.79,59083
668,2017-10-12,13.8,13.8,13.87,13.72,39307
669,2017-10-13,13.84,13.87,13.9,13.79,49805
670,2017-10-16,13.9,13.7,13.94,13.7,76150
671,2017-10-17,13.68,13.61,13.71,13.59,46427
672,2017-10-18,13.63,13.74,13.74,13.59,61233
673,2017-10-19,13.68,13.38,13.68,13.27,97381
674,2017-10-20,13.38,13.42,13.42,13.32,34649
675,2017-10-23,13.41,13.41,13.45,13.34,35352
676,2017-10-24,13.42,13.6,13.65,13.38,100114
677,2017-10-25,13.58,13.59,13.63,13.52,36116
678,2017-10-26,13.55,13.62,13.73,13.52,52222
679,2017-10-27,13.6,13.38,13.64,13.35,67869
680,2017-10-30,13.35,13.0,13.42,12.98,96191
681,2017-10-31,13.0,13.05,13.11,12.95,40477
682,2017-11-01,13.06,12.95,13.17,12.93,55784
683,2017-11-02,12.94,13.06,13.09,12.82,76553
684,2017-11-03,13.02,12.97,13.09,12.9,43089
685,2017-11-06,12.95,12.98,13.0,12.86,37882
686,2017-11-07,12.97,13.08,13.19,12.9,71698
687,2017-11-08,13.06,13.24,13.49,13.01,135916
688,2017-11-09,13.16,13.21,13.33,13.16,42779
689,2017-11-10,13.2,13.15,13.25,13.06,78574
690,2017-11-13,13.15,13.08,13.26,13.07,62216
691,2017-11-14,13.1,13.0,13.16,12.97,60660
692,2017-11-15,13.0,12.97,13.08,12.9,61385
693,2017-11-16,12.92,12.85,13.0,12.82,59331
694,2017-11-17,12.8,12.51,12.81,12.02,222143
695,2017-11-20,12.31,12.33,12.36,12.15,73939
696,2017-11-21,12.37,12.7,12.88,12.31,183853
697,2017-11-22,12.7,12.63,12.85,12.61,89647
698,2017-11-23,12.63,12.36,12.81,12.3,85502
699,2017-11-24,12.3,12.5,12.55,12.13,150602
700,2017-11-27,12.3,12.54,12.63,12.25,70257
701,2017-11-28,12.45,12.41,12.5,12.3,53748
702,2017-11-29,12.43,12.38,12.44,12.24,42434
703,2017-11-30,12.36,12.38,12.48,12.26,50571
704,2017-12-01,12.36,12.16,12.37,12.16,72467
705,2017-12-04,12.1,11.97,12.18,11.96,70508
706,2017-12-05,11.91,12.11,12.19,11.9,132456
707,2017-12-06,12.05,12.03,12.06,11.91,69937
708,2017-12-07,12.0,11.79,12.01,11.79,60164
709,2017-12-08,11.85,11.86,11.89,11.78,39042
710,2017-12-11,11.84,11.88,11.97,11.81,51456
711,2017-12-12,11.93,11.8,11.93,11.79,31755
712,2017-12-13,11.8,11.73,11.86,11.62,45458
713,2017-12-14,11.68,11.5,11.7,11.49,63467
714,2017-12-15,11.5,11.33,11.52,11.32,58978
715,2017-12-18,11.35,11.22,11.42,11.22,46249
716,2017-12-19,11.25,11.29,11.33,11.23,44658
717,2017-12-20,11.26,11.08,11.33,11.08,47692
718,2017-12-21,11.08,11.07,11.19,10.84,78140
719,2017-12-22,11.07,10.9,11.1,10.88,48792
720,2017-12-25,10.85,10.51,10.89,10.43,104284
721,2017-12-26,10.5,10.7,10.71,10.43,64378
722,2017-12-27,10.6,10.6,10.68,10.51,49999
723,2017-12-28,10.56,10.62,10.82,10.45,94169
724,2017-12-29,10.65,10.85,10.94,10.65,97648
725,2018-01-02,10.87,10.93,10.99,10.75,74753
726,2018-01-03,10.94,11.02,11.09,10.87,84008
727,2018-01-04,11.01,10.97,11.02,10.88,72551
728,2018-01-05,10.95,11.04,11.09,10.88,73531
729,2018-01-08,11.04,11.2,11.35,10.93,111676
730,2018-01-09,11.18,11.17,11.29,11.13,54136
731,2018-01-10,11.25,11.15,11.27,11.08,60133
732,2018-01-11,11.15,11.18,11.2,11.08,44489
733,2018-01-12,11.17,11.14,11.29,11.13,46261
734,2018-01-15,11.14,10.95,11.22,10.95,69720
735,2018-01-16,10.94,11.16,11.16,10.77,71034
736,2018-01-17,11.2,12.28,12.28,11.2,531969
737,2018-01-18,12.14,12.97,13.14,12.14,801536
738,2018-01-19,12.75,13.71,13.96,12.7,935362
739,2018-01-22,13.5,13.4,13.58,13.16,550736
740,2018-01-23,13.33,13.46,13.53,13.17,426433
741,2018-01-24,13.55,13.55,13.73,13.11,677272
742,2018-01-25,13.5,13.56,14.13,13.19,678255
743,2018-01-26,13.38,13.44,13.71,13.32,329012
744,2018-01-29,13.44,13.3,13.63,13.2,292272
745,2018-01-30,13.35,13.03,13.46,12.85,337176
746,2018-01-31,11.98,11.73,12.23,11.73,606628
747,2018-02-01,11.74,11.48,11.87,11.29,306178
748,2018-02-02,11.49,11.59,11.75,11.25,226088
749,2018-02-05,11.33,11.64,11.7,11.31,150900
750,2018-02-06,11.35,10.8,11.48,10.7,241787
751,2018-02-07,11.05,10.96,11.24,10.87,204387
752,2018-02-08,10.99,11.06,11.17,10.91,127014
753,2018-02-09,10.7,10.26,10.88,10.16,227651
754,2018-02-12,10.39,10.27,10.51,10.2,119204
755,2018-02-13,10.43,10.44,10.63,10.4,136994
756,2018-02-14,10.45,10.45,10.52,10.28,70168
757,2018-02-22,10.57,10.59,10.68,10.45,159734
758,2018-02-23,10.57,10.62,10.7,10.47,117258
759,2018-02-26,10.63,11.01,11.06,10.57,179679
760,2018-02-27,11.01,10.86,11.01,10.8,129279
761,2018-02-28,10.71,10.86,11.1,10.62,172426
762,2018-03-01,10.73,10.92,10.96,10.7,110852
763,2018-03-02,10.79,10.77,10.98,10.77,114590
764,2018-03-05,10.74,10.73,10.83,10.67,84648
765,2018-03-06,10.75,11.1,11.1,10.74,228323
766,2018-03-07,11.1,10.92,11.16,10.87,129907
767,2018-03-08,10.88,10.97,11.01,10.88,74755
768,2018-03-09,11.03,11.21,11.28,10.91,176909
769,2018-03-12,11.25,11.39,11.41,11.14,212801
770,2018-03-13,11.32,11.08,11.32,11.08,126890
771,2018-03-14,11.04,11.02,11.19,11.0,93470
772,2018-03-15,11.01,10.98,11.01,10.81,101253
773,2018-03-16,10.97,10.79,11.08,10.79,84323
774,2018-03-19,10.85,10.79,10.89,10.7,75764
775,2018-03-20,10.71,10.8,10.81,10.62,76630
776,2018-03-21,10.83,10.83,11.13,10.81,137075
777,2018-03-22,10.86,10.77,10.95,10.74,78475
778,2018-03-23,10.5,10.48,10.55,9.91,214684
779,2018-03-26,10.25,10.45,10.5,10.04,65272
780,2018-03-27,10.56,10.59,10.66,10.48,92402
781,2018-03-28,10.54,10.56,10.66,10.45,70705
782,2018-03-29,10.58,10.8,10.88,10.51,115896
783,2018-03-30,10.8,10.87,10.88,10.71,83367
784,2018-04-02,10.88,10.87,11.15,10.78,128891
785,2018-04-03,10.78,10.81,10.95,10.71,72268
786,2018-04-04,10.89,10.83,11.02,10.82,83536
787,2018-04-09,10.77,10.73,10.85,10.66,69783
788,2018-04-10,10.77,10.95,11.05,10.76,103864
789,2018-04-11,10.95,11.06,11.25,10.9,157276
790,2018-04-12,11.02,10.93,11.14,10.88,106247
791,2018-04-13,10.96,10.79,11.01,10.78,67598
792,2018-04-16,10.73,10.6,10.8,10.57,87002
793,2018-04-17,10.61,10.52,10.79,10.51,75049
794,2018-04-18,10.61,10.67,10.71,10.52,58051
795,2018-04-19,10.7,10.68,10.8,10.61,65707
796,2018-04-20,10.66,10.3,10.69,10.3,76539
797,2018-04-23,10.31,10.41,10.45,10.31,44060
798,2018-04-24,10.45,10.66,10.74,10.43,60398
799,2018-04-25,10.62,10.7,10.8,10.59,64372
800,2018-04-26,10.64,10.56,10.83,10.56,81200
801,2018-04-27,10.67,10.75,10.88,10.61,68155
802,2018-05-02,10.84,10.65,10.97,10.65,65799
803,2018-05-03,10.62,10.84,10.84,10.62,121640
804,2018-05-04,10.77,10.68,10.83,10.66,72939
805,2018-05-07,10.7,10.77,10.79,10.69,80958
806,2018-05-08,10.76,10.87,10.88,10.69,90954
807,2018-05-09,10.85,10.72,10.85,10.71,90890
808,2018-05-10,10.73,10.9,10.9,10.72,83802
809,2018-05-11,10.85,10.78,10.92,10.76,63106
810,2018-05-14,10.78,10.79,10.88,10.76,46286
811,2018-05-15,10.83,10.77,10.83,10.68,47057
812,2018-05-16,10.76,10.69,10.83,10.69,60643
813,2018-05-17,10.65,10.67,10.8,10.65,54380
814,2018-05-18,10.7,10.73,10.78,10.64,50359
815,2018-05-21,10.84,10.8,10.85,10.76,60480
816,2018-05-22,10.78,10.71,10.78,10.66,53351
817,2018-05-23,10.72,10.63,10.72,10.61,55275
818,2018-05-24,10.63,10.63,10.69,10.59,39919
819,2018-05-25,10.65,10.44,10.65,10.43,49230
820,2018-05-28,10.43,10.46,10.54,10.39,28994
821,2018-05-29,10.45,10.24,10.48,10.22,56159
822,2018-05-30,10.13,9.9,10.16,9.89,76205
823,2018-05-31,9.98,10.01,10.07,9.94,62052
824,2018-06-01,9.99,10.16,10.29,9.95,64968
825,2018-06-04,10.22,10.07,10.22,10.03,28459
826,2018-06-05,10.1,10.11,10.17,10.04,31091
827,2018-06-06,10.11,10.15,10.22,10.09,42234
828,2018-06-07,10.15,10.15,10.3,10.13,46549
829,2018-06-08,10.15,10.0,10.15,9.9,56718
830,2018-06-11,9.99,9.94,10.06,9.91,30386
831,2018-06-12,9.92,9.95,10.0,9.87,31521
832,2018-06-13,9.95,9.86,9.95,9.85,26832
833,2018-06-14,9.84,9.98,9.99,9.83,32879
834,2018-06-15,9.87,9.72,9.9,9.68,37636
835,2018-06-19,9.64,8.98,9.69,8.75,108636
836,2018-06-20,8.97,8.94,9.1,8.82,53898
837,2018-06-21,8.98,8.59,9.0,8.58,50964
838,2018-06-22,8.41,8.71,8.71,8.41,39017
839,2018-06-25,8.73,8.67,8.82,8.58,30272
840,2018-06-26,8.52,8.71,8.75,8.51,33158
841,2018-06-27,8.68,8.58,8.78,8.53,26824
842,2018-06-28,8.57,8.71,9.05,8.55,62188
843,2018-06-29,8.71,9.1,9.5,8.61,82371
844,2018-07-02,9.1,8.89,9.16,8.85,51012
845,2018-07-03,8.92,9.04,9.05,8.9,54172
846,2018-07-04,9.01,8.94,9.08,8.9,27378
847,2018-07-05,8.93,8.82,9.06,8.81,32535
848,2018-07-06,8.85,8.91,9.08,8.75,38268
849,2018-07-09,8.92,9.04,9.06,8.91,29576
850,2018-07-10,9.04,9.0,9.06,8.96,20582
851,2018-07-11,8.9,8.74,8.9,8.69,35726
852,2018-07-12,8.66,8.98,9.06,8.66,36105
853,2018-07-13,8.99,9.0,9.05,8.95,25996
854,2018-07-16,9.0,9.0,9.03,8.95,18846
855,2018-07-17,9.0,8.95,9.0,8.91,16813
856,2018-07-18,8.94,8.9,9.03,8.88,20757
857,2018-07-19,8.9,8.86,8.97,8.83,26232
858,2018-07-20,8.89,9.05,9.08,8.8,57026
859,2018-07-23,8.98,9.1,9.12,8.9,55125
860,2018-07-24,9.09,9.21,9.35,9.05,87745
861,2018-07-25,9.2,9.12,9.27,9.1,39279
862,2018-07-26,9.17,9.07,9.19,9.06,38453
863,2018-07-27,9.07,9.05,9.09,9.02,25642
864,2018-07-30,9.03,8.94,9.12,8.92,30750
865,2018-07-31,8.9,9.05,9.05,8.88,32552
866,2018-08-01,9.05,8.8,9.1,8.78,46009
867,2018-08-02,8.81,8.59,8.82,8.37,54352
868,2018-08-03,8.5,8.48,8.66,8.48,22395
869,2018-08-06,8.48,8.37,8.54,8.37,34748
870,2018-08-07,8.39,8.56,8.57,8.36,26838
871,2018-08-08,8.58,8.6,8.75,8.5,43191
872,2018-08-09,8.59,8.69,8.87,8.56,68610
873,2018-08-10,8.66,8.7,8.71,8.55,36904
874,2018-08-13,8.65,8.59,8.65,8.5,26322
875,2018-08-14,8.58,8.49,8.6,8.46,31834
876,2018-08-15,8.52,8.32,8.52,8.31,35062
877,2018-08-16,8.3,8.31,8.48,8.23,46519
878,2018-08-17,8.38,8.2,8.39,8.18,28599
879,2018-08-20,8.21,8.3,8.38,8.16,31232
880,2018-08-21,8.28,8.34,8.38,8.21,27194
881,2018-08-22,8.37,8.29,8.37,8.25,18548
882,2018-08-23,8.28,8.31,8.37,8.22,28549
883,2018-08-24,8.3,8.32,8.4,8.24,26477
884,2018-08-27,8.36,8.51,8.54,8.36,49145
885,2018-08-28,8.5,8.45,8.52,8.43,21935
886,2018-08-29,8.39,8.45,8.5,8.39,20723
887,2018-08-30,8.45,8.34,8.49,8.33,18960
888,2018-08-31,8.36,8.4,8.43,8.28,28141
889,2018-09-03,8.36,8.26,8.39,8.21,26022
890,2018-09-04,8.29,8.32,8.34,8.22,29405
891,2018-09-05,8.3,8.22,8.32,8.18,22223
892,2018-09-06,8.2,8.2,8.27,8.18,19828
893,2018-09-07,8.2,8.21,8.3,8.19,19217
894,2018-09-10,8.25,8.08,8.25,8.07,37149
895,2018-09-11,8.09,8.05,8.15,8.02,28267
896,2018-09-12,8.09,8.04,8.11,8.02,24071
897,2018-09-13,8.09,8.08,8.12,8.04,32123
898,2018-09-14,8.09,8.06,8.11,8.05,21386
899,2018-09-17,8.09,7.96,8.09,7.94,28782
900,2018-09-18,7.99,8.15,8.16,7.97,41930
901,2018-09-19,8.14,8.2,8.26,8.1,37095
902,2018-09-20,8.17,8.19,8.25,8.17,31881
903,2018-09-21,8.2,8.36,8.37,8.17,53642
904,2018-09-25,8.29,8.27,8.37,8.21,34436
905,2018-09-26,8.32,8.36,8.45,8.31,49347
906,2018-09-27,8.36,8.33,8.42,8.29,33451
907,2018-09-28,8.31,8.44,8.51,8.31,44451
908,2018-10-08,8.35,8.13,8.35,8.12,43660
909,2018-10-09,8.13,8.0,8.18,7.99,41238
910,2018-10-10,8.01,8.02,8.09,7.94,26327
911,2018-10-11,7.79,7.29,7.83,7.22,85700
912,2018-10-12,7.0,7.09,7.3,7.0,63837
913,2018-10-15,7.17,7.03,7.26,7.02,35005
914,2018-10-16,7.05,7.02,7.17,6.95,34482
915,2018-10-17,7.11,7.04,7.17,6.91,45758
916,2018-10-18,7.07,6.78,7.07,6.72,52161
917,2018-10-19,6.74,6.95,6.98,6.71,72687
918,2018-10-22,7.15,7.65,7.65,7.1,128768
919,2018-10-23,7.98,7.86,8.18,7.71,286892
920,2018-10-24,7.6,7.99,8.19,7.54,210589
921,2018-10-25,7.7,8.31,8.31,7.7,197747
922,2018-10-26,8.22,8.04,8.29,8.0,147053
923,2018-10-29,7.96,7.97,8.12,7.96,89649
924,2018-10-30,8.0,8.43,8.52,7.96,232794
925,2018-10-31,8.33,8.38,8.56,8.19,148501
926,2018-11-01,8.58,8.97,9.22,8.56,455591
927,2018-11-02,9.04,9.07,9.1,8.8,300303
928,2018-11-05,8.99,8.97,9.05,8.81,170074
929,2018-11-06,9.0,9.11,9.35,8.93,290724
930,2018-11-07,9.02,8.82,9.05,8.81,156053
931,2018-11-08,8.9,9.08,9.55,8.72,331097
932,2018-11-09,9.02,9.11,9.3,8.93,197535
933,2018-11-12,9.2,9.19,9.24,8.99,151901
934,2018-11-13,9.01,9.3,9.55,8.9,310615
935,2018-11-14,9.15,9.05,9.29,9.02,163781
936,2018-11-15,9.12,9.2,9.25,9.06,157825
937,2018-11-16,9.14,9.36,9.61,9.13,260456
938,2018-11-19,9.28,9.72,9.85,9.25,293673
939,2018-11-20,9.56,9.34,9.71,9.23,194996
940,2018-11-21,9.19,9.35,9.4,9.17,106473
941,2018-11-22,9.3,9.27,9.4,9.11,91756
942,2018-11-23,9.28,8.88,9.39,8.81,112077
943,2018-11-26,8.89,8.8,9.0,8.75,74544
944,2018-11-27,8.92,8.8,8.98,8.76,76287
945,2018-11-28,8.71,9.15,9.25,8.71,151106
946,2018-11-29,9.16,8.8,9.24,8.78,89967
947,2018-11-30,8.78,8.97,9.06,8.68,90882
948,2018-12-03,9.4,9.23,9.54,9.14,157168
949,2018-12-04,9.2,9.29,9.3,9.14,69287
950,2018-12-05,9.18,9.12,9.21,9.05,72528
951,2018-12-06,9.09,8.82,9.09,8.77,99519
952,2018-12-07,8.84,8.93,8.99,8.84,52613
953,2018-12-10,8.85,9.01,9.06,8.8,67568
954,2018-12-11,9.1,8.99,9.12,8.88,56934
955,2018-12-12,9.05,9.01,9.1,8.96,58621
956,2018-12-13,9.01,9.04,9.15,8.87,83779
957,2018-12-14,9.0,8.77,9.04,8.77,69372
958,2018-12-17,8.8,8.77,8.84,8.63,52870
959,2018-12-18,8.7,8.67,8.83,8.6,51681
960,2018-12-19,8.7,8.59,8.74,8.58,37630
961,2018-12-20,8.57,8.69,8.79,8.56,64637
962,2018-12-21,8.68,8.6,8.73,8.57,55106
963,2018-12-24,8.61,8.63,8.69,8.57,43016
964,2018-12-25,8.53,8.33,8.55,8.06,93812
965,2018-12-26,8.33,8.32,8.4,8.22,42083
966,2018-12-27,8.52,8.18,8.56,8.16,55005
967,2018-12-28,8.26,8.37,8.54,8.24,74198
968,2019-01-02,8.37,8.3,8.42,8.25,48738
969,2019-01-03,8.31,8.48,8.72,8.3,76635
970,2019-01-04,8.41,9.14,9.31,8.39,205935
971,2019-01-07,9.3,9.05,9.3,8.91,152052
972,2019-01-08,8.99,9.0,9.19,8.91,105139
973,2019-01-09,9.0,8.93,9.17,8.9,171303
974,2019-01-10,8.98,8.71,8.98,8.66,164194
975,2019-01-11,8.69,8.72,8.8,8.67,78880
976,2019-01-14,8.74,8.67,8.8,8.6,101293
977,2019-01-15,8.66,8.88,8.93,8.63,144800
978,2019-01-16,8.83,8.74,8.9,8.7,110999
979,2019-01-17,8.75,8.68,8.78,8.65,64738
980,2019-01-18,8.69,8.72,8.77,8.64,93649
981,2019-01-21,8.71,8.63,8.75,8.57,111840
982,2019-01-22,8.63,8.45,8.69,8.41,98785
983,2019-01-23,8.46,8.38,8.5,8.3,70624
984,2019-01-24,8.41,8.48,8.56,8.38,75010
985,2019-01-25,8.5,8.47,8.55,8.45,55112
986,2019-01-28,8.51,8.47,8.63,8.44,73978
987,2019-01-29,8.45,8.38,8.48,8.26,69365
988,2019-01-30,8.36,8.31,8.43,8.28,47891
989,2019-01-31,8.36,8.36,8.5,8.28,75207
990,2019-02-01,8.45,8.54,8.54,8.43,96436
991,2019-02-11,8.56,8.64,8.64,8.5,123031
992,2019-02-12,8.64,8.73,8.8,8.57,114823
993,2019-02-13,8.73,9.0,9.08,8.65,255532
994,2019-02-14,9.01,8.99,9.12,8.95,202125
995,2019-02-15,9.03,8.9,9.17,8.87,192235
996,2019-02-18,8.99,9.45,9.48,8.99,320819
997,2019-02-19,9.4,9.59,9.87,9.34,395087
998,2019-02-20,9.61,9.67,9.85,9.5,211075
999,2019-02-21,9.63,9.73,10.18,9.59,351252
1000,2019-02-22,9.86,10.7,10.7,9.65,574682
1001,2019-02-25,11.21,11.77,11.77,10.88,702260
1002,2019-02-26,11.68,12.08,12.66,11.68,853748
1003,2019-02-27,11.89,11.85,12.39,11.48,582419
1004,2019-02-28,11.7,11.38,11.7,11.15,310470
1005,2019-03-01,11.61,11.86,11.94,11.38,432763
1006,2019-03-04,11.99,12.0,12.64,11.7,609522
1007,2019-03-05,11.85,12.0,12.02,11.8,308493
1008,2019-03-06,11.94,12.59,12.81,11.9,572625
1009,2019-03-07,12.97,13.85,13.85,12.7,879009
1010,2019-03-08,13.7,13.6,14.99,13.45,1333096
1011,2019-03-11,14.1,14.94,14.96,13.72,1235093
1012,2019-03-12,14.9,14.7,15.13,14.2,1101555
1013,2019-03-13,14.3,13.87,14.65,13.67,718896
1014,2019-03-14,13.6,13.14,14.16,12.95,578513
1015,2019-03-15,13.29,13.18,13.64,13.08,433285
1016,2019-03-18,13.19,13.48,13.48,12.64,417664
1017,2019-03-19,13.42,13.35,13.6,13.2,327413
1018,2019-03-20,13.24,13.39,13.67,13.11,369596
1019,2019-03-21,13.35,13.61,13.94,13.24,501630
1020,2019-03-22,13.58,13.45,13.66,13.14,294004
1021,2019-03-25,13.1,12.73,13.29,12.7,376349
1022,2019-03-26,12.81,12.61,13.03,12.5,300972
1023,2019-03-27,12.78,12.74,12.95,12.62,238006
1024,2019-03-28,12.7,12.45,12.87,12.32,292884
1025,2019-03-29,12.55,13.54,13.58,12.54,617695
1026,2019-04-01,13.45,13.68,13.97,13.42,601632
1027,2019-04-02,13.68,13.5,13.89,13.42,395574
1028,2019-04-03,13.22,14.06,14.08,13.17,521405
1029,2019-04-04,14.2,14.06,14.33,13.85,417304
1030,2019-04-08,14.18,13.61,14.2,13.44,397418
1031,2019-04-09,13.53,13.85,13.9,13.43,257952
1032,2019-04-10,13.68,13.46,13.7,13.2,357446
1033,2019-04-11,13.45,13.09,13.57,13.08,230937
1034,2019-04-12,13.22,13.18,13.35,13.04,171970
1035,2019-04-15,13.4,12.9,13.52,12.86,218959
1036,2019-04-16,12.8,13.23,13.24,12.64,208538
1037,2019-04-17,13.48,13.34,13.72,13.3,333415
1038,2019-04-18,13.25,13.14,13.34,13.0,184607
1039,2019-04-19,13.17,13.24,13.37,13.1,140012
1040,2019-04-22,13.37,12.96,13.41,12.9,184251
1041,2019-04-23,12.9,12.94,13.29,12.83,189542
1042,2019-04-24,13.02,13.52,13.64,13.01,480733
1043,2019-04-25,13.35,12.98,13.53,12.98,351621
1044,2019-04-26,12.8,12.76,13.16,12.7,269056
1045,2019-04-29,12.77,12.17,12.84,12.15,283771
1046,2019-04-30,12.19,12.34,12.51,12.15,148087
1047,2019-05-06,11.85,11.4,11.96,11.38,368451
1048,2019-05-07,11.45,11.69,11.76,11.42,240389
1049,2019-05-08,11.5,12.11,12.5,11.42,374575
1050,2019-05-09,11.83,11.67,12.19,11.65,254571
1051,2019-05-10,11.96,12.15,12.26,11.7,213835
1052,2019-05-13,11.99,12.18,12.25,11.95,151301
1053,2019-05-14,11.96,11.86,12.27,11.83,160442
1054,2019-05-15,11.82,12.21,12.3,11.82,166319
1055,2019-05-16,12.2,12.14,12.27,12.05,126823
1056,2019-05-17,12.19,11.67,12.21,11.6,140260
1057,2019-05-20,11.66,11.82,12.0,11.61,133109
1058,2019-05-21,11.82,11.95,12.14,11.7,130295
1059,2019-05-22,11.98,11.85,12.06,11.77,87879
1060,2019-05-23,11.82,11.84,12.03,11.66,125145
1061,2019-05-24,11.84,11.66,11.99,11.63,95274
1062,2019-05-27,11.76,12.13,12.24,11.63,181309
1063,2019-05-28,12.1,12.32,12.32,12.01,151292
1064,2019-05-29,12.22,12.14,12.3,12.05,127217
1065,2019-05-30,12.07,12.0,12.09,11.84,105510
1066,2019-05-31,12.03,11.93,12.15,11.89,82920
1067,2019-06-03,12.06,11.76,12.15,11.73,159915
1068,2019-06-04,11.76,11.79,11.9,11.64,131565
1069,2019-06-05,11.92,11.94,12.14,11.87,139035
1070,2019-06-06,11.9,11.8,12.07,11.79,115556
1071,2019-06-10,11.9,11.77,11.97,11.09,152268
1072,2019-06-11,11.82,12.39,12.45,11.8,225557
1073,2019-06-12,12.16,12.04,12.26,12.03,136532
1074,2019-06-13,12.08,12.01,12.22,11.92,148491
1075,2019-06-14,12.05,11.8,12.15,11.77,119029
1076,2019-06-17,11.81,11.85,11.9,11.7,84004
1077,2019-06-18,11.87,11.84,11.96,11.69,87577
1078,2019-06-19,12.39,12.07,12.65,12.05,213884
1079,2019-06-20,12.06,12.68,12.97,12.01,367299
1080,2019-06-21,12.72,13.38,13.66,12.7,465451
1081,2019-06-24,13.45,13.33,13.52,13.11,246146
1082,2019-06-25,13.33,13.2,13.39,12.84,260554
1083,2019-06-26,12.9,13.1,13.29,12.86,136786
1084,2019-06-27,13.12,13.31,13.5,13.11,229357
1085,2019-06-28,13.28,13.16,13.31,13.06,115320
1086,2019-07-01,13.59,13.44,13.62,13.31,234622
1087,2019-07-02,13.41,13.24,13.41,13.21,135455
1088,2019-07-03,13.24,13.23,13.24,12.93,148689
1089,2019-07-04,13.24,13.15,13.39,13.06,135501
1090,2019-07-05,13.28,13.3,13.4,13.15,109183
1091,2019-07-08,13.27,12.92,13.29,12.8,153984
1092,2019-07-09,13.04,13.31,13.35,12.98,147408
1093,2019-07-10,13.25,12.98,13.31,12.95,137594
1094,2019-07-11,13.18,13.25,13.49,13.15,211304
1095,2019-07-12,13.22,13.65,13.74,13.22,301613
1096,2019-07-15,13.57,13.77,14.09,13.34,320638
1097,2019-07-16,13.75,13.59,13.77,13.5,140129
1098,2019-07-17,13.51,13.55,13.66,13.45,118651
1099,2019-07-18,13.43,13.26,13.53,13.26,120657
1100,2019-07-19,13.38,13.72,13.74,13.35,203225
1101,2019-07-22,13.76,13.24,13.81,13.23,167102
1102,2019-07-23,13.25,13.52,13.57,13.23,112770
1103,2019-07-24,13.56,13.7,13.84,13.56,174860
1104,2019-07-25,13.66,13.71,13.85,13.6,118465
1105,2019-07-26,13.63,13.53,13.7,13.42,104900
1106,2019-07-29,13.6,13.56,13.68,13.5,114485
1107,2019-07-30,13.6,13.75,13.93,13.56,183054
1108,2019-07-31,13.7,13.63,13.77,13.58,104000
1109,2019-08-01,13.63,13.06,13.67,12.92,281904
1110,2019-08-02,12.68,12.64,12.79,12.4,235446
1111,2019-08-05,12.62,12.32,12.71,12.3,135000
1112,2019-08-06,12.07,12.24,12.44,11.77,211571
1113,2019-08-07,12.31,12.09,12.35,12.07,102149
1114,2019-08-08,12.4,12.18,12.51,12.13,108012
1115,2019-08-09,12.24,12.12,12.27,11.99,111190
1116,2019-08-12,12.18,12.39,12.4,12.18,103503
1117,2019-08-13,12.28,12.2,12.36,12.1,78364
1118,2019-08-14,12.38,12.26,12.43,12.23,69835
1119,2019-08-15,12.01,12.31,12.44,11.92,87782
1120,2019-08-16,12.64,12.31,12.64,12.25,93861
1121,2019-08-19,12.68,13.54,13.54,12.6,481481
1122,2019-08-20,13.75,13.79,14.28,13.6,635212
1123,2019-08-21,13.66,13.98,14.1,13.56,375120
1124,2019-08-22,14.08,13.92,14.18,13.65,266499
1125,2019-08-23,13.92,13.89,14.13,13.78,205568
1126,2019-08-26,13.59,13.71,13.8,13.5,198800
1127,2019-08-27,13.5,13.72,14.05,13.48,381583
1128,2019-08-28,13.58,13.24,13.63,13.11,260084
1129,2019-08-29,13.3,13.12,13.33,13.04,127051
1130,2019-08-30,13.16,12.92,13.38,12.84,183596
1131,2019-09-02,12.96,13.1,13.2,12.93,188274
1132,2019-09-03,13.05,13.06,13.12,12.93,169115
1133,2019-09-04,13.04,13.18,13.28,12.95,311618
1134,2019-09-05,13.37,13.47,13.91,13.37,500591
1135,2019-09-06,13.48,13.36,13.6,13.23,264136
1136,2019-09-09,13.68,13.49,13.73,13.41,392618
1137,2019-09-10,13.51,13.6,13.67,13.38,398436
1138,2019-09-11,13.69,13.6,13.83,13.5,388909
1139,2019-09-12,13.63,13.54,13.65,13.43,294689
1140,2019-09-16,13.58,13.31,13.58,13.26,245831
1141,2019-09-17,13.31,12.82,13.31,12.71,281720
1142,2019-09-18,12.8,12.63,12.84,12.62,195031
1143,2019-09-19,12.7,12.7,12.74,12.61,155333
1144,2019-09-20,12.73,12.67,12.74,12.56,191859
1145,2019-09-23,12.67,12.35,12.67,12.32,173296
1146,2019-09-24,12.45,12.47,12.62,12.35,160490
1147,2019-09-25,12.4,12.34,12.52,12.31,117504
1148,2019-09-26,12.38,12.16,12.5,12.08,150623
1149,2019-09-27,12.18,12.28,12.37,12.18,95553
1150,2019-09-30,12.31,12.28,12.43,12.24,97433
1151,2019-10-08,12.19,12.2,12.39,12.19,85448
1152,2019-10-09,12.1,12.19,12.21,12.02,90053
1153,2019-10-10,12.22,12.29,12.34,12.2,81909
1154,2019-10-11,12.37,12.47,12.6,12.29,159009
1155,2019-10-14,12.63,12.64,12.85,12.57,208510
1156,2019-10-15,12.62,12.49,12.7,12.46,115784
1157,2019-10-16,12.58,12.51,12.76,12.48,125655
1158,2019-10-17,12.46,12.46,12.58,12.41,76431
1159,2019-10-18,12.51,12.31,12.7,12.31,127596
1160,2019-10-21,12.1,12.2,12.26,11.99,110726
1161,2019-10-22,12.25,12.29,12.31,12.13,69424
1162,2019-10-23,12.29,12.14,12.34,12.1,59330
1163,2019-10-24,12.15,12.17,12.28,12.09,56369
1164,2019-10-25,12.22,12.55,12.71,12.17,182497
1165,2019-10-28,12.49,12.59,12.67,12.44,142798
1166,2019-10-29,12.56,12.4,12.59,12.4,89232
1167,2019-10-30,12.4,12.14,12.4,12.11,106760
1168,2019-10-31,12.23,12.23,12.25,12.12,76506
1169,2019-11-01,12.12,12.3,12.36,12.08,92617
1170,2019-11-04,12.28,12.24,12.38,12.21,99153
1171,2019-11-05,12.24,12.39,12.49,12.21,148326
1172,2019-11-06,12.41,12.26,12.44,12.22,82094
1173,2019-11-07,12.21,12.27,12.35,12.19,82844
1174,2019-11-08,12.36,12.09,12.45,12.07,136327
1175,2019-11-11,12.0,11.93,12.1,11.9,119565
1176,2019-11-12,11.93,11.89,11.99,11.78,83173
1177,2019-11-13,11.89,11.74,11.89,11.7,84379
1178,2019-11-14,11.73,11.73,11.85,11.64,83276
1179,2019-11-15,11.76,11.7,11.8,11.67,59177
1180,2019-11-18,11.64,11.73,11.84,11.61,91670
1181,2019-11-19,11.73,11.74,11.82,11.66,105246
1182,2019-11-20,11.76,11.51,11.78,11.49,101397
1183,2019-11-21,11.44,11.53,11.55,11.41,57824
1184,2019-11-22,11.5,11.44,11.68,11.39,85530
1185,2019-11-25,11.43,11.4,11.5,11.32,95607
1186,2019-11-26,11.41,11.49,11.49,11.31,120396
1187,2019-11-27,11.4,11.33,11.42,11.28,74481
1188,2019-11-28,11.3,11.28,11.37,11.25,46197
1189,2019-11-29,11.26,11.36,11.43,11.25,57876
1190,2019-12-02,11.48,11.4,11.55,11.34,87289
1191,2019-12-03,11.37,11.46,11.47,11.29,59960
1192,2019-12-04,11.39,11.39,11.45,11.36,51143
1193,2019-12-05,11.45,11.55,11.55,11.42,96527
1194,2019-12-06,11.59,11.67,11.72,11.59,107832
1195,2019-12-09,11.78,11.63,11.8,11.57,82997
1196,2019-12-10,11.53,11.46,11.62,11.41,101606
1197,2019-12-11,11.45,11.43,11.55,11.37,93700
1198,2019-12-12,11.46,11.35,11.46,11.34,79196
1199,2019-12-13,11.46,11.79,11.86,11.44,327768
1200,2019-12-16,11.8,11.94,12.04,11.66,269830
1201,2019-12-17,11.99,12.28,12.62,11.91,421609
1202,2019-12-18,12.2,12.27,12.58,12.17,286801
1203,2019-12-19,12.35,12.28,12.44,12.18,153056
1204,2019-12-20,12.27,12.28,12.56,12.26,257472
1205,2019-12-23,12.22,11.85,12.34,11.75,258202
1206,2019-12-24,11.85,11.95,11.96,11.77,116697
1207,2019-12-25,11.87,11.94,12.07,11.85,134125
1208,2019-12-26,11.97,12.16,12.16,11.93,171737
1209,2019-12-27,12.16,12.06,12.39,12.06,268747
1210,2019-12-30,11.96,12.63,12.67,11.92,469270
1211,2019-12-31,12.52,12.55,12.65,12.41,252159
1212,2020-01-02,12.73,12.92,13.17,12.51,477471
1213,2020-01-03,12.85,12.87,13.05,12.8,273304
1214,2020-01-06,12.7,12.83,13.07,12.61,310830
1215,2020-01-07,12.93,13.06,13.15,12.83,317466
1216,2020-01-08,12.86,12.61,12.94,12.56,276973
1217,2020-01-09,12.81,12.78,12.9,12.69,175973
1218,2020-01-10,12.99,12.71,13.0,12.65,181975
1219,2020-01-13,12.63,13.24,13.24,12.5,372472
1220,2020-01-14,13.3,13.01,13.3,12.98,279593
1221,2020-01-15,12.91,12.88,13.08,12.81,145794
1222,2020-01-16,12.89,12.9,12.96,12.84,130505
1223,2020-01-17,12.93,12.89,13.04,12.82,141209
1224,2020-01-20,12.85,13.04,13.09,12.8,159399
1225,2020-01-21,13.03,12.78,13.03,12.75,148368
1226,2020-01-22,12.69,12.81,12.95,12.44,198252
1227,2020-01-23,12.6,12.3,12.83,12.2,224664
1228,2020-02-03,11.07,11.07,11.07,11.07,68287
1229,2020-02-04,10.38,11.34,11.73,10.38,406339
1230,2020-02-05,11.1,11.36,11.73,11.1,278761
1231,2020-02-06,11.3,11.55,11.66,11.24,261105
1232,2020-02-07,11.46,11.52,11.59,11.39,167230
1233,2020-02-10,11.49,11.56,11.64,11.41,154301
1234,2020-02-11,11.6,11.53,11.74,11.48,174615
1235,2020-02-12,11.47,11.63,11.7,11.44,184912
1236,2020-02-13,11.62,11.52,11.65,11.43,166045
1237,2020-02-14,11.49,11.63,11.79,11.47,205076
1238,2020-02-17,11.88,12.09,12.16,11.77,306079
1239,2020-02-18,12.08,12.01,12.19,11.93,233359
1240,2020-02-19,12.02,12.08,12.3,11.96,265047
1241,2020-02-20,12.16,12.74,12.83,12.08,444041
1242,2020-02-21,12.71,12.7,13.08,12.53,443534
1243,2020-02-24,12.71,12.73,12.93,12.59,281337
1244,2020-02-25,12.47,12.7,12.76,12.2,351759
1245,2020-02-26,12.52,12.6,12.83,12.44,326850
1246,2020-02-27,12.67,12.55,12.82,12.5,259721
1247,2020-02-28,12.18,11.77,12.37,11.7,314835
1248,2020-03-02,11.92,12.19,12.49,11.91,341384
1249,2020-03-03,12.45,12.34,12.64,12.27,278261
1250,2020-03-04,12.45,12.6,12.6,12.24,318601
1251,2020-03-05,12.85,12.91,13.08,12.54,515249
1252,2020-03-06,12.72,12.63,12.79,12.55,258860
1253,2020-03-09,12.4,12.29,12.59,12.19,266543
1254,2020-03-10,12.25,12.57,12.64,12.1,311406
1255,2020-03-11,12.53,12.29,12.54,12.28,189446
1256,2020-03-12,12.15,12.02,12.28,11.94,209495
1257,2020-03-13,11.46,11.76,11.94,11.2,357255
1258,2020-03-16,11.77,11.17,11.84,11.14,259122
1259,2020-03-17,11.3,11.17,11.49,10.95,205012
1260,2020-03-18,11.28,10.95,11.34,10.95,152949
1261,2020-03-19,10.95,11.18,11.33,10.86,246535
1262,2020-03-20,11.28,11.33,11.39,11.15,154189
1263,2020-03-23,11.1,11.01,11.2,10.95,117535
1264,2020-03-24,11.22,11.24,11.34,11.03,152797
1265,2020-03-25,11.5,11.4,11.54,11.32,129935
1266,2020-03-26,11.34,11.31,11.41,11.28,93914
1267,2020-03-27,11.44,11.31,11.52,11.3,122237
1268,2020-03-30,11.17,11.19,11.27,11.05,88908
1269,2020-03-31,11.28,11.1,11.34,11.08,99617
1270,2020-04-01,11.09,10.93,11.21,10.89,130809
1271,2020-04-02,10.88,11.05,11.06,10.85,103674
1272,2020-04-03,11.02,10.92,11.07,10.85,75082
1273,2020-04-07,11.13,11.1,11.15,11.01,189492
1274,2020-04-08,11.05,11.0,11.06,10.96,126871
1275,2020-04-09,11.08,11.09,11.18,11.05,142949
1276,2020-04-10,11.13,10.97,11.13,10.94,84505
1277,2020-04-13,10.95,10.85,10.99,10.81,78007
1278,2020-04-14,10.89,11.01,11.11,10.85,143582
1279,2020-04-15,11.01,10.9,11.08,10.9,119491
1280,2020-04-16,10.89,10.93,11.04,10.83,124635
1281,2020-04-17,10.98,10.91,11.04,10.88,120551
1282,2020-04-20,10.93,10.91,10.98,10.86,107961
1283,2020-04-21,10.85,10.72,10.9,10.66,120072
1284,2020-04-22,10.65,10.65,10.7,10.58,105618
1285,2020-04-23,10.74,10.78,10.84,10.68,126506
1286,2020-04-24,10.72,10.65,10.75,10.56,96701
1287,2020-04-27,10.63,10.6,10.72,10.56,88046
1288,2020-04-28,10.74,10.68,10.81,10.5,129300
1289,2020-04-29,10.51,10.54,10.55,10.39,73584
1290,2020-04-30,10.54,10.69,10.74,10.54,130355
1291,2020-05-06,10.48,10.7,10.71,10.47,129845
1292,2020-05-07,10.67,10.67,10.79,10.63,110455
1293,2020-05-08,10.78,10.84,10.97,10.68,199805
1294,2020-05-11,10.86,10.9,10.98,10.81,125486
1295,2020-05-12,10.95,10.79,10.95,10.72,98348
1296,2020-05-13,10.76,10.81,10.83,10.7,69032
1297,2020-05-14,10.77,10.71,10.8,10.66,66415
1298,2020-05-15,10.86,10.77,10.92,10.77,103232
1299,2020-05-18,10.73,10.79,10.86,10.66,87728
1300,2020-05-19,10.9,10.82,10.9,10.79,64981
1301,2020-05-20,10.81,10.79,10.88,10.78,58062
1302,2020-05-21,10.82,10.75,10.84,10.68,60970
1303,2020-05-22,10.69,10.5,10.75,10.44,112118
1304,2020-05-25,10.53,10.53,10.6,10.46,58629
1305,2020-05-26,10.54,10.57,10.6,10.52,62289
1306,2020-05-27,10.53,10.53,10.56,10.45,55881
1307,2020-05-28,10.53,10.66,10.73,10.5,107356
1308,2020-05-29,10.51,10.68,10.68,10.51,86104
1309,2020-06-01,10.84,10.98,11.08,10.84,259048
1310,2020-06-02,10.97,10.95,11.04,10.87,108891
1311,2020-06-03,10.97,10.81,11.01,10.78,110214
1312,2020-06-04,10.82,10.75,10.86,10.75,72364
1313,2020-06-05,10.85,10.84,10.87,10.73,81182
1314,2020-06-08,10.86,10.83,10.89,10.78,71049
1315,2020-06-09,10.84,10.86,10.94,10.8,97060
1316,2020-06-10,10.86,10.75,10.87,10.7,71756
1317,2020-06-11,10.8,10.73,10.91,10.71,113863
1318,2020-06-12,10.65,10.64,10.65,10.5,142214
1319,2020-06-15,10.64,10.56,10.8,10.56,136244
1320,2020-06-16,10.65,10.67,10.68,10.59,81988
1321,2020-06-17,10.65,10.69,10.71,10.6,80695
1322,2020-06-18,10.69,10.76,10.85,10.64,101095
1323,2020-06-19,10.85,11.22,11.3,10.8,470860
1324,2020-06-22,11.07,11.27,11.78,11.02,519636
1325,2020-06-23,11.25,11.34,11.39,11.11,265540
1326,2020-06-24,11.36,11.35,11.59,11.32,224706
1327,2020-06-29,11.25,11.09,11.26,11.01,232882
1328,2020-06-30,11.13,11.3,11.47,11.07,198562
1329,2020-07-01,11.36,11.42,11.45,11.22,208133
1330,2020-07-02,11.47,12.05,12.23,11.43,568267
1331,2020-07-03,12.39,12.85,12.98,12.05,815580
1332,2020-07-06,13.13,14.14,14.14,13.13,1112517
1333,2020-07-07,14.51,13.83,14.6,13.6,918606
1334,2020-07-08,13.75,14.5,14.85,13.7,945747
1335,2020-07-09,14.6,14.81,15.12,14.2,877583
1336,2020-07-10,14.5,14.45,14.93,14.32,581229
1337,2020-07-13,14.51,15.19,15.59,14.33,826816
1338,2020-07-14,14.98,14.75,15.05,14.4,669287
1339,2020-07-15,14.82,14.18,14.92,14.1,477515
1340,2020-07-16,14.17,13.47,14.47,13.44,555709
1341,2020-07-17,13.71,13.33,13.78,13.05,421288
1342,2020-07-20,13.65,13.87,14.08,13.45,452101
1343,2020-07-21,13.88,13.67,13.96,13.5,281580
1344,2020-07-22,13.7,13.76,14.24,13.6,384376
1345,2020-07-23,13.55,13.65,13.83,13.26,342020
1346,2020-07-24,13.58,12.9,13.69,12.81,390859
1347,2020-07-27,12.94,12.81,13.06,12.62,245111
1348,2020-07-28,12.96,12.87,13.08,12.81,174337
1349,2020-07-29,12.82,13.27,13.34,12.81,275146
1350,2020-07-30,13.38,13.16,13.38,13.02,207049
1351,2020-07-31,13.1,13.2,13.55,13.07,269948
1352,2020-08-03,13.46,13.6,13.66,13.29,353074
1353,2020-08-04,13.71,13.88,14.19,13.58,428135
1354,2020-08-05,13.76,13.72,13.83,13.49,263139
1355,2020-08-06,13.72,13.98,14.11,13.39,343816
1356,2020-08-07,13.88,14.26,14.56,13.79,765781
1357,2020-08-10,13.96,14.32,14.6,13.76,574370
1358,2020-08-11,14.32,13.8,14.59,13.71,408738
1359,2020-08-12,13.61,13.55,13.75,13.28,333480
1360,2020-08-13,13.72,13.6,13.8,13.51,255462
1361,2020-08-14,13.32,13.81,13.83,13.32,261808
1362,2020-08-17,14.0,15.1,15.19,13.98,964668
1363,2020-08-18,15.0,15.16,15.43,14.88,942383
1364,2020-08-19,15.1,15.52,16.14,14.97,932903
1365,2020-08-20,15.41,14.85,15.77,14.7,640695
1366,2020-08-21,15.08,15.0,15.28,14.71,457694
1367,2020-08-24,15.07,14.67,15.08,14.61,331075
1368,2020-08-25,14.76,14.44,14.87,14.3,359117
1369,2020-08-26,14.48,14.04,14.64,13.9,415045
1370,2020-08-27,14.04,14.08,14.18,13.91,216386
1371,2020-08-28,14.08,14.37,14.48,13.96,326021
1372,2020-08-31,14.42,14.01,14.65,14.01,509654
1373,2020-09-01,13.95,13.99,14.09,13.81,253194
1374,2020-09-02,14.0,14.01,14.1,13.82,238916
1375,2020-09-03,14.01,13.83,14.16,13.82,210011
1376,2020-09-04,13.55,13.72,13.81,13.49,176443
1377,2020-09-07,13.74,13.48,13.93,13.46,220305
1378,2020-09-08,13.48,13.68,13.77,13.42,223021
1379,2020-09-09,13.56,13.52,13.74,13.36,201825
1380,2020-09-10,13.74,13.22,13.74,13.22,199605
1381,2020-09-11,13.19,13.27,13.33,13.12,125921
1382,2020-09-14,13.32,13.19,13.39,13.07,139515
1383,2020-09-15,13.16,13.21,13.28,13.15,93636
1384,2020-09-16,13.23,13.3,13.43,13.21,130153
1385,2020-09-17,13.32,13.21,13.37,13.11,111850
1386,2020-09-18,13.2,13.72,13.87,13.19,315430
1387,2020-09-21,14.08,13.67,14.18,13.65,342438
1388,2020-09-22,13.55,13.66,14.14,13.51,388631
1389,2020-09-23,13.67,13.38,13.74,13.3,296717
1390,2020-09-24,13.29,13.23,13.44,13.22,204228
1391,2020-09-25,13.33,13.44,13.54,13.2,215190
1392,2020-09-28,13.5,13.7,13.93,13.45,244966
1393,2020-09-29,13.6,13.65,13.82,13.6,165523
1394,2020-09-30,13.65,13.45,13.71,13.35,142937
1395,2020-10-09,13.73,13.65,13.75,13.58,139940
1396,2020-10-12,14.0,14.76,15.0,13.88,634892
1397,2020-10-13,14.35,14.42,14.47,14.18,348437
1398,2020-10-14,14.41,14.21,14.41,14.16,222692
1399,2020-10-15,14.23,14.11,14.44,14.0,186900
1400,2020-10-16,14.11,14.18,14.31,14.07,187910
1401,2020-10-19,14.32,13.99,14.44,13.97,206316
1402,2020-10-20,13.99,13.99,14.0,13.78,134453
1403,2020-10-21,13.99,13.94,14.04,13.82,113516
1404,2020-10-22,13.91,14.12,14.17,13.84,154885
1405,2020-10-23,14.15,13.71,14.15,13.71,157212
1406,2020-10-26,13.62,13.31,13.63,13.25,183287
1407,2020-10-27,13.29,13.35,13.45,13.25,86833
1408,2020-10-28,13.35,13.48,13.57,13.3,108069
1409,2020-10-29,13.32,13.55,13.64,13.29,124199
1410,2020-10-30,13.56,13.35,13.74,13.33,164636
1411,2020-11-02,13.35,13.54,13.59,13.21,193263
1412,2020-11-03,13.45,13.97,14.15,13.45,344556
1413,2020-11-04,13.95,13.86,14.0,13.72,155504
1414,2020-11-05,14.01,14.07,14.15,13.85,230197
1415,2020-11-06,14.11,14.17,14.49,14.05,403908
1416,2020-11-09,14.26,14.46,14.67,14.17,422256
1417,2020-11-10,14.01,13.61,14.16,13.58,485323
1418,2020-11-11,13.54,13.45,13.67,13.4,171289
1419,2020-11-12,13.43,13.45,13.55,13.4,109379
1420,2020-11-13,13.38,13.36,13.42,13.29,144026
1421,2020-11-16,13.5,13.45,13.53,13.34,105622
1422,2020-11-17,13.48,13.46,13.5,13.36,110705
1423,2020-11-18,13.46,13.52,13.66,13.46,150618
1424,2020-11-19,13.44,13.57,13.59,13.35,139991
1425,2020-11-20,13.53,13.58,13.64,13.49,108621
1426,2020-11-23,13.46,13.75,13.95,13.46,265992
1427,2020-11-24,13.67,13.61,13.79,13.57,133979
1428,2020-11-25,13.66,13.4,13.76,13.4,130795
1429,2020-11-26,13.38,13.48,13.54,13.35,98790
1430,2020-11-27,13.47,13.7,13.7,13.44,156697
1431,2020-11-30,13.76,13.74,14.06,13.7,401135
1432,2020-12-01,13.67,14.05,14.16,13.55,340761
1433,2020-12-02,14.1,14.04,14.29,13.9,290251
1434,2020-12-03,14.04,14.14,14.22,13.91,273957
1435,2020-12-04,14.19,14.15,14.57,14.11,512190
1436,2020-12-07,13.82,13.63,13.88,13.6,367959
1437,2020-12-08,13.6,13.63,13.73,13.54,169724
1438,2020-12-09,13.66,13.2,13.7,13.2,217221
1439,2020-12-10,13.21,13.28,13.32,13.16,187892
1440,2020-12-11,13.28,13.09,13.28,12.89,220136
1441,2020-12-14,13.08,13.11,13.15,12.96,104610
1442,2020-12-15,13.14,13.13,13.21,12.99,97589
1443,2020-12-16,13.18,12.97,13.21,12.96,125254
1444,2020-12-17,12.96,13.35,13.36,12.91,183802
1445,2020-12-18,13.3,13.19,13.34,13.18,134180
1446,2020-12-21,13.18,13.31,13.34,13.08,123715
1447,2020-12-22,13.26,12.77,13.34,12.76,185588
1448,2020-12-23,12.81,12.83,12.95,12.74,121539
1449,2020-12-24,12.94,12.94,13.13,12.85,149051
1450,2020-12-25,12.98,13.6,14.06,12.95,439775
1451,2020-12-28,13.42,13.25,13.46,13.06,305771
1452,2020-12-29,13.21,13.2,13.45,13.13,187295
1453,2020-12-30,13.13,13.25,13.31,13.04,217854
1454,2020-12-31,13.29,13.64,13.76,13.23,436537
1455,2021-01-04,13.64,13.62,13.74,13.39,330691
1456,2021-01-05,13.53,13.64,13.71,13.36,291234
1457,2021-01-06,13.63,13.77,13.77,13.4,314723
1458,2021-01-07,13.7,13.76,13.85,13.45,274778
1459,2021-01-08,13.68,13.83,13.87,13.51,281451
1460,2021-01-11,13.81,13.4,13.95,13.39,276056
1461,2021-01-12,13.35,13.87,14.0,13.23,505065
1462,2021-01-13,13.81,13.3,13.87,13.3,343240
1463,2021-01-14,13.23,13.14,13.37,13.07,242822
1464,2021-01-15,13.18,13.27,13.39,13.1,216444
1465,2021-01-18,13.17,13.3,13.43,13.13,192275
1466,2021-01-19,13.26,13.34,13.43,13.18,183448
1467,2021-01-20,13.3,13.24,13.4,13.17,125787
1468,2021-01-21,13.22,13.21,13.45,13.13,242330
1469,2021-01-22,13.18,12.9,13.26,12.9,219357
1470,2021-01-25,12.97,12.91,13.06,12.83,160145
1471,2021-01-26,12.84,12.54,12.95,12.48,225259
1472,2021-01-27,12.51,12.59,12.71,12.5,118444
1473,2021-01-28,12.5,12.59,12.67,12.46,139411
1474,2021-01-29,12.58,12.76,12.83,12.55,200745
1475,2021-02-01,12.69,11.92,12.82,11.9,337203
1476,2021-02-02,12.16,12.33,12.37,11.8,218073
1477,2021-02-03,12.16,12.33,12.45,12.16,161858
1478,2021-02-04,12.19,12.2,12.44,12.13,155356
1479,2021-02-05,12.25,12.04,12.29,12.0,112575
1480,2021-02-08,12.04,11.97,12.25,11.92,114410
1481,2021-02-09,11.96,12.03,12.04,11.62,184370
1482,2021-02-10,11.93,11.98,12.07,11.88,146469
1483,2021-02-18,12.14,12.0,12.22,11.96,227132
1484,2021-02-19,11.96,12.25,12.3,11.87,357597
1485,2021-02-22,12.29,12.16,12.56,12.15,292647
1486,2021-02-23,12.22,12.43,12.81,12.22,308642
1487,2021-02-24,12.16,12.22,12.38,11.92,274312
1488,2021-02-25,12.27,12.2,12.34,12.13,185714
1489,2021-02-26,12.01,12.19,12.36,11.98,218504
1490,2021-03-01,12.2,12.17,12.33,12.12,196912
1491,2021-03-02,12.17,11.9,12.21,11.89,204265
1492,2021-03-03,11.9,12.02,12.06,11.87,184770
1493,2021-03-04,11.98,11.9,12.02,11.86,130755
1494,2021-03-05,11.89,12.08,12.17,11.85,179188
1495,2021-03-08,12.15,11.92,12.17,11.91,172133
1496,2021-03-09,11.92,11.7,12.03,11.65,184511
1497,2021-03-10,11.76,11.62,11.83,11.5,139068
1498,2021-03-11,11.58,11.73,11.8,11.58,146746
1499,2021-03-12,11.73,11.73,11.84,11.6,145462
1500,2021-03-15,11.7,11.82,11.93,11.64,161951
1501,2021-03-16,11.73,11.92,11.93,11.66,137290
1502,2021-03-17,11.85,11.78,11.91,11.7,148447
1503,2021-03-18,11.83,11.7,11.83,11.69,127571
1504,2021-03-19,11.63,11.6,11.74,11.58,119045
1505,2021-03-22,11.64,11.76,11.78,11.57,126749
1506,2021-03-23,11.79,11.85,11.92,11.74,151739
1507,2021-03-24,11.81,12.05,12.11,11.79,234474
1508,2021-03-25,11.99,11.94,12.07,11.9,106122
1509,2021-03-26,11.91,12.01,12.07,11.9,137961
1510,2021-03-29,12.03,11.9,12.04,11.86,114741
1511,2021-03-30,11.87,11.92,11.99,11.87,85633
1512,2021-03-31,11.9,11.96,12.09,11.89,118680
1513,2021-04-01,12.0,12.11,12.15,11.97,123402
1514,2021-04-02,12.11,11.89,12.14,11.8,201675
1515,2021-04-06,11.89,11.69,11.91,11.63,172699
1516,2021-04-07,11.69,11.63,11.72,11.57,171701
1517,2021-04-08,11.6,11.64,11.72,11.59,228629
1518,2021-04-09,11.61,11.31,11.61,11.24,286546
1519,2021-04-12,11.26,11.29,11.37,11.23,131582
1520,2021-04-13,11.25,11.17,11.28,11.09,135801
1521,2021-04-14,11.1,11.17,11.21,11.1,130123
1522,2021-04-15,11.1,11.06,11.14,11.01,137969
1523,2021-04-16,11.08,11.09,11.11,11.02,120092
1524,2021-04-19,11.09,11.24,11.28,11.03,200675
1525,2021-04-20,11.21,11.12,11.25,11.11,136463
1526,2021-04-21,11.08,11.06,11.1,11.03,74761
1527,2021-04-22,11.09,11.06,11.14,11.04,98752
1528,2021-04-23,11.03,10.81,11.05,10.75,166570
1529,2021-04-26,10.81,10.66,10.88,10.64,154282
1530,2021-04-27,10.66,10.54,10.69,10.51,144098
1531,2021-04-28,10.53,10.46,10.58,10.42,126234
1532,2021-04-29,10.45,10.72,10.76,10.43,198097
1533,2021-04-30,10.72,10.5,10.74,10.5,139182
1534,2021-05-06,10.55,10.48,10.66,10.45,133258
1535,2021-05-07,10.45,10.48,10.55,10.44,118801
1536,2021-05-10,10.49,10.73,10.78,10.48,208609
1537,2021-05-11,10.65,10.76,10.83,10.57,176620
1538,2021-05-12,10.69,10.73,10.77,10.65,103125
1539,2021-05-13,10.67,10.56,10.73,10.54,131738
1540,2021-05-14,10.6,11.15,11.2,10.57,485347
1541,2021-05-17,11.0,10.9,11.13,10.82,276754
1542,2021-05-18,10.91,10.93,11.04,10.88,135064
1543,2021-05-19,10.88,10.84,10.94,10.81,112033
1544,2021-05-20,10.8,10.94,11.04,10.8,156911
1545,2021-05-21,10.94,10.83,11.02,10.8,138740
1546,2021-05-24,10.82,10.99,11.05,10.81,178929
1547,2021-05-25,10.99,11.28,11.33,10.96,399636
1548,2021-05-26,11.28,11.19,11.45,11.15,303919
1549,2021-05-27,11.22,11.33,11.34,11.13,274202
1550,2021-05-28,11.28,11.39,11.53,11.2,312455
1551,2021-05-31,11.24,11.2,11.24,11.08,225777
1552,2021-06-01,11.14,11.05,11.2,10.97,205282
1553,2021-06-02,11.05,10.94,11.09,10.9,152904
1554,2021-06-03,10.92,10.86,11.04,10.86,163273
1555,2021-06-04,10.85,11.04,11.17,10.81,216038
1556,2021-06-07,11.01,11.01,11.13,10.92,135853
1557,2021-06-08,11.0,11.02,11.11,10.93,153206
1558,2021-06-09,11.04,10.94,11.09,10.91,115962
1559,2021-06-10,10.95,10.98,11.07,10.93,140644
1560,2021-06-11,10.93,10.84,11.0,10.81,156011
1561,2021-06-15,10.84,10.62,10.84,10.61,136334
1562,2021-06-16,10.62,10.64,10.71,10.61,107329
1563,2021-06-17,10.46,10.47,10.52,10.41,95725
1564,2021-06-18,10.45,10.54,10.57,10.4,118191
1565,2021-06-21,10.58,10.59,10.62,10.53,91042
1566,2021-06-22,10.63,10.57,10.68,10.55,96429
1567,2021-06-23,10.57,10.57,10.65,10.52,113087
1568,2021-06-24,10.59,10.59,10.7,10.57,107468
1569,2021-06-25,10.62,10.77,10.84,10.57,226036
1570,2021-06-28,10.8,10.66,10.8,10.62,124521
1571,2021-06-29,10.68,10.66,10.77,10.64,114160
1572,2021-06-30,10.65,10.75,10.75,10.62,112445
1573,2021-07-01,11.77,11.23,11.83,11.14,1012396
1574,2021-07-02,10.87,10.67,10.98,10.66,611900
1575,2021-07-05,10.63,10.58,10.73,10.47,267339
1576,2021-07-06,10.56,10.65,10.66,10.49,198599
1577,2021-07-07,10.57,10.58,10.64,10.55,146243
1578,2021-07-08,10.68,10.49,10.69,10.47,181569
1579,2021-07-09,10.44,10.54,10.61,10.41,157469
1580,2021-07-12,10.69,10.68,10.82,10.61,252373
1581,2021-07-13,10.66,10.92,10.94,10.62,300940
1582,2021-07-14,10.88,10.88,10.96,10.73,224186
1583,2021-07-15,10.85,10.94,10.96,10.72,227335
1584,2021-07-16,10.99,10.95,11.09,10.86,201678
1585,2021-07-19,10.89,11.01,11.05,10.76,212649
1586,2021-07-20,10.95,11.08,11.09,10.88,191251
1587,2021-07-21,11.09,11.1,11.23,10.98,214283
1588,2021-07-22,11.07,11.11,11.24,11.0,274565
1589,2021-07-23,11.1,11.15,11.34,10.92,370370
1590,2021-07-26,11.13,10.9,11.28,10.88,314510
1591,2021-07-27,10.92,10.67,10.98,10.59,227088
1592,2021-07-28,10.65,10.56,10.75,10.46,197662
1593,2021-07-29,10.66,10.69,10.82,10.61,211188
1594,2021-07-30,10.65,10.58,10.7,10.56,145816
1595,2021-08-02,10.54,10.84,11.04,10.32,286839
1596,2021-08-03,10.72,10.93,11.1,10.7,263280
1597,2021-08-04,10.92,10.87,10.94,10.73,201685
1598,2021-08-05,10.82,10.71,10.95,10.69,159461
1599,2021-08-06,10.7,10.72,10.76,10.63,133493
1600,2021-08-09,10.7,11.15,11.25,10.64,433553
1601,2021-08-10,11.13,11.22,11.23,11.04,277427
1602,2021-08-11,11.22,11.1,11.34,11.09,200663
1603,2021-08-12,11.07,11.1,11.16,11.03,163400
1604,2021-08-13,11.09,11.05,11.17,10.95,195428
1605,2021-08-16,11.06,11.19,11.3,11.05,289946
1606,2021-08-17,11.18,11.26,11.65,11.13,583535
1607,2021-08-18,11.24,11.84,11.95,11.21,763985
1608,2021-08-19,11.74,11.56,11.91,11.5,520011
1609,2021-08-20,11.55,11.77,11.77,11.49,375142
1610,2021-08-23,11.8,11.67,11.89,11.57,353959
1611,2021-08-24,11.67,11.81,11.95,11.45,742950
1612,2021-08-25,11.81,12.07,12.48,11.75,955071
1613,2021-08-26,12.01,11.72,12.05,11.72,498978
1614,2021-08-27,11.78,11.61,11.85,11.56,294547
1615,2021-08-30,11.7,11.92,12.16,11.61,569120
1616,2021-08-31,11.82,12.2,12.33,11.72,557939
1617,2021-09-01,12.1,12.65,13.09,12.0,806669
1618,2021-09-02,12.6,12.79,12.86,12.43,560585
1619,2021-09-03,13.2,12.38,13.29,12.32,640417
1620,2021-09-06,12.41,12.62,12.73,12.36,460124
1621,2021-09-07,12.03,12.39,12.53,11.95,744500
1622,2021-09-08,12.28,12.28,12.56,12.22,423642
1623,2021-09-09,12.19,12.25,12.32,12.12,269155
1624,2021-09-10,12.25,12.37,12.73,12.25,468692
1625,2021-09-13,12.38,12.35,12.56,12.25,309525
1626,2021-09-14,12.33,12.01,12.35,11.97,335788
1627,2021-09-15,12.02,12.02,12.2,11.91,218528
1628,2021-09-16,12.05,11.8,12.16,11.76,246940
1629,2021-09-17,11.8,11.93,11.98,11.78,162965
1630,2021-09-22,11.81,12.02,12.04,11.77,154547
1631,2021-09-23,12.02,12.14,12.26,12.0,220902
1632,2021-09-24,12.17,12.15,12.2,12.04,203279
1633,2021-09-27,12.09,11.92,12.3,11.91,256935
1634,2021-09-28,11.98,12.04,12.14,11.91,169742
1635,2021-09-29,11.93,11.82,11.98,11.62,219849
1636,2021-09-30,11.83,11.82,11.99,11.82,156029
1637,2021-10-08,11.85,12.08,12.12,11.85,176136
1638,2021-10-11,12.11,12.23,12.3,12.03,245130
1639,2021-10-12,12.12,11.73,12.19,11.6,310699
1640,2021-10-13,11.7,11.66,11.78,11.52,153283
1641,2021-10-14,11.68,11.69,11.73,11.6,89906
1642,2021-10-15,11.61,11.48,11.68,11.41,154366
1643,2021-10-18,11.47,11.58,11.59,11.42,118352
1644,2021-10-19,11.58,11.67,11.74,11.5,127093
1645,2021-10-20,11.66,11.58,11.72,11.55,93595
1646,2021-10-21,11.59,11.55,11.67,11.47,120140
1647,2021-10-22,11.59,11.54,11.64,11.47,94550
1648,2021-10-25,11.53,11.65,11.66,11.45,126930
1649,2021-10-26,11.61,11.61,11.72,11.57,112201
1650,2021-10-27,11.58,11.27,11.58,11.26,157621
1651,2021-10-28,11.24,11.29,11.34,11.21,102516
1652,2021-10-29,11.29,11.4,11.47,11.19,183982
1653,2021-11-01,11.46,11.49,11.58,11.38,221872
1654,2021-11-02,11.47,11.3,11.56,11.24,193282
1655,2021-11-03,11.26,11.19,11.35,11.11,142849
1656,2021-11-04,11.2,11.07,11.28,11.02,176278
1657,2021-11-05,11.01,10.99,11.11,10.99,107689
1658,2021-11-08,10.99,11.05,11.11,10.95,108428
1659,2021-11-09,11.07,11.09,11.12,10.98,104242
1660,2021-11-10,11.07,11.09,11.12,10.97,122146
1661,2021-11-11,11.22,11.29,11.33,11.11,231946
1662,2021-11-12,11.28,11.28,11.31,11.18,132025
1663,2021-11-15,11.26,11.27,11.34,11.23,107673
1664,2021-11-16,11.27,11.24,11.36,11.2,110107
1665,2021-11-17,11.22,11.24,11.29,11.19,80928
1666,2021-11-18,11.23,11.1,11.28,11.08,102166
1667,2021-11-19,11.05,11.27,11.28,11.02,164242
1668,2021-11-22,11.21,11.24,11.32,11.17,153164
1669,2021-11-23,11.24,11.28,11.39,11.19,193508
1670,2021-11-24,11.28,11.22,11.29,11.17,101502
1671,2021-11-25,11.22,11.2,11.29,11.17,79669
1672,2021-11-26,11.24,11.13,11.24,11.13,83136
1673,2021-11-29,11.02,10.97,11.13,10.94,134153
1674,2021-11-30,11.02,11.03,11.11,10.97,98215
1675,2021-12-01,10.99,11.18,11.19,10.97,126217
1676,2021-12-02,11.17,11.23,11.28,11.14,131665
1677,2021-12-03,11.22,11.29,11.34,11.19,155076
1678,2021-12-06,11.34,11.26,11.53,11.25,423852
1679,2021-12-07,11.34,11.18,11.36,11.14,232793
1680,2021-12-08,11.24,11.32,11.37,11.15,200388
1681,2021-12-09,11.3,11.43,11.59,11.27,548806
1682,2021-12-10,11.36,11.28,11.41,11.23,302111
1683,2021-12-13,11.42,11.29,11.5,11.25,424595
1684,2021-12-14,11.22,11.18,11.27,11.13,253147
1685,2021-12-15,11.19,11.2,11.3,11.18,148062
1686,2021-12-16,11.22,11.3,11.32,11.17,161803
1687,2021-12-17,11.3,11.24,11.38,11.23,228768
1688,2021-12-20,11.21,11.11,11.27,11.07,193770
1689,2021-12-21,11.11,11.31,11.32,11.08,299105
1690,2021-12-22,11.33,11.19,11.33,11.17,153142
1691,2021-12-23,11.19,11.22,11.24,11.12,157110
1692,2021-12-24,11.21,11.27,11.33,11.2,224168
1693,2021-12-27,11.27,11.32,11.39,11.25,144235
1694,2021-12-28,11.3,11.37,11.39,11.26,165256
1695,2021-12-29,11.36,11.3,11.43,11.28,152091
1696,2021-12-30,11.3,11.44,11.46,11.29,224325
1697,2021-12-31,11.48,11.48,11.55,11.42,219006
1698,2022-01-04,11.49,11.44,11.5,11.33,208398
1699,2022-01-05,11.44,11.38,11.49,11.36,167861
1700,2022-01-06,11.34,11.27,11.41,11.23,199416
1701,2022-01-07,11.29,11.4,11.46,11.29,192770
1702,2022-01-10,11.4,11.45,11.52,11.38,156106
1703,2022-01-11,11.48,11.46,11.58,11.42,172827
1704,2022-01-12,11.46,11.45,11.51,11.38,134875
1705,2022-01-13,11.47,11.64,11.95,11.44,409630
1706,2022-01-14,11.55,11.27,11.57,11.27,367518
1707,2022-01-17,11.23,11.26,11.34,11.21,155200
1708,2022-01-18,11.26,11.3,11.38,11.21,187750
1709,2022-01-19,11.28,11.36,11.44,11.27,174508
1710,2022-01-20,11.36,11.7,11.86,11.34,529075
1711,2022-01-21,11.62,11.56,11.7,11.5,218704
1712,2022-01-24,11.56,11.49,11.62,11.46,172203
1713,2022-01-25,11.44,11.17,11.49,11.11,233067
1714,2022-01-26,11.24,11.31,11.34,11.11,207401
1715,2022-01-27,11.26,11.09,11.31,11.02,215049
1716,2022-01-28,11.15,10.96,11.26,10.95,229092
1717,2022-02-07,11.11,11.03,11.14,10.98,190966
1718,2022-02-08,11.03,11.24,11.25,11.01,180454
1719,2022-02-09,11.23,11.27,11.29,11.18,148784
1720,2022-02-10,11.28,11.32,11.32,11.2,144733
1721,2022-02-11,11.26,11.31,11.45,11.25,211604
1722,2022-02-14,11.2,10.97,11.24,10.91,296484
1723,2022-02-15,10.97,10.98,11.02,10.92,129518
1724,2022-02-16,11.05,11.03,11.1,10.99,101578
1725,2022-02-17,10.97,10.92,11.04,10.89,124282
1726,2022-02-18,10.89,10.93,10.94,10.82,119573
1727,2022-02-21,10.91,10.91,10.93,10.85,129920
1728,2022-02-22,10.82,10.66,10.85,10.59,210777
1729,2022-02-23,10.66,10.7,10.75,10.63,133564
1730,2022-02-24,10.65,10.39,10.68,10.3,231995
1731,2022-02-25,10.45,10.45,10.54,10.39,99171
1732,2022-02-28,10.43,10.35,10.48,10.29,142680
1733,2022-03-01,10.35,10.43,10.45,10.34,102816
1734,2022-03-02,10.4,10.46,10.46,10.38,90162
1735,2022-03-03,10.5,10.49,10.54,10.45,84185
1736,2022-03-04,10.4,10.42,10.46,10.35,92892
1737,2022-03-07,10.38,10.24,10.42,10.23,110158
1738,2022-03-08,10.23,10.01,10.32,10.01,141265
1739,2022-03-09,10.05,9.74,10.1,9.46,210648
1740,2022-03-10,9.91,9.71,9.97,9.67,148996
1741,2022-03-11,9.62,9.95,9.99,9.41,196866
1742,2022-03-14,9.81,9.81,10.05,9.79,142171
1743,2022-03-15,9.79,9.58,9.86,9.57,225372
1744,2022-03-16,9.63,9.97,10.07,9.52,226040
1745,2022-03-17,10.11,9.92,10.15,9.9,206604
1746,2022-03-18,9.87,9.95,9.99,9.82,153131
1747,2022-03-21,9.93,9.94,9.97,9.87,116364
1748,2022-03-22,9.88,9.92,10.01,9.86,95277
1749,2022-03-23,9.93,9.92,10.0,9.87,72468
1750,2022-03-24,9.88,9.81,9.88,9.73,68754
1751,2022-03-25,9.78,9.78,9.92,9.74,91122
1752,2022-03-28,9.69,9.78,9.86,9.62,87921
1753,2022-03-29,9.73,9.78,9.84,9.73,88616
1754,2022-03-30,9.83,10.04,10.07,9.81,177625
1755,2022-03-31,9.97,9.94,10.06,9.93,167379
1756,2022-04-01,9.92,10.06,10.06,9.9,141481
1757,2022-04-06,9.97,10.09,10.09,9.97,122843
1758,2022-04-07,10.02,9.89,10.09,9.88,115023
1759,2022-04-08,9.97,9.97,9.99,9.78,107225
1760,2022-04-11,9.96,9.77,9.96,9.72,124944
1761,2022-04-12,9.77,10.01,10.07,9.71,139274
1762,2022-04-13,9.97,9.99,10.11,9.92,130567
1763,2022-04-14,10.08,10.08,10.15,10.0,145622
1764,2022-04-15,10.06,10.0,10.13,9.97,112718
1765,2022-04-18,9.94,9.88,9.94,9.79,102985
1766,2022-04-19,9.99,10.02,10.18,9.98,238403
1767,2022-04-20,9.99,9.93,10.02,9.87,185505
1768,2022-04-21,9.87,10.1,10.36,9.85,386392
1769,2022-04-22,10.11,10.15,10.33,10.08,272261
1770,2022-04-25,9.92,9.92,10.25,9.76,327977
1771,2022-04-26,9.9,9.17,9.94,9.13,387426
1772,2022-04-27,9.06,9.56,9.61,9.0,262702
1773,2022-04-28,9.4,9.46,9.5,9.27,146902
1774,2022-04-29,9.69,9.7,9.78,9.47,223606
1775,2022-05-05,9.37,9.25,9.4,9.18,288453
1776,2022-05-06,9.07,9.18,9.28,9.05,141279
1777,2022-05-09,9.11,9.18,9.25,9.09,69836
1778,2022-05-10,9.08,9.21,9.27,9.08,106485
1779,2022-05-11,9.22,9.2,9.34,9.17,164693
1780,2022-05-12,9.16,9.16,9.25,9.11,103156
1781,2022-05-13,9.18,9.16,9.24,9.12,127756
1782,2022-05-16,9.19,9.11,9.22,9.06,124282
1783,2022-05-17,9.09,9.1,9.16,9.03,99717
1784,2022-05-18,9.13,9.08,9.13,9.06,101574
1785,2022-05-19,9.01,9.0,9.02,8.92,111631
1786,2022-05-20,9.01,9.14,9.15,9.01,143980
1787,2022-05-23,9.14,9.18,9.19,9.1,129674
1788,2022-05-24,9.19,9.01,9.23,9.0,138732
1789,2022-05-25,8.98,9.09,9.09,8.97,69810
1790,2022-05-26,9.09,9.18,9.28,9.01,127671
1791,2022-05-27,9.2,9.16,9.24,9.11,101866
1792,2022-05-30,9.14,9.11,9.18,9.1,85256
1793,2022-05-31,9.13,9.13,9.17,9.09,121313
1794,2022-06-01,9.14,9.16,9.2,9.12,83916
1795,2022-06-02,9.16,9.21,9.25,9.09,105988
1796,2022-06-06,9.12,9.31,9.33,9.12,227857
1797,2022-06-07,9.3,9.28,9.43,9.26,199013
1798,2022-06-08,9.28,9.39,9.4,9.23,206920
1799,2022-06-09,9.45,9.38,9.53,9.33,283196
1800,2022-06-10,9.33,9.59,9.65,9.3,288070
1801,2022-06-13,9.48,9.51,9.56,9.4,194915
1802,2022-06-14,9.42,9.85,9.92,9.37,307196
1803,2022-06-15,9.98,10.2,10.55,9.98,663549
1804,2022-06-16,10.29,10.24,10.48,10.0,478811
1805,2022-06-17,10.11,10.09,10.26,9.93,333709
1806,2022-06-20,10.05,10.06,10.13,9.94,228090
1807,2022-06-21,10.05,10.1,10.15,9.98,217868
1808,2022-06-22,9.63,9.4,9.63,9.4,254881
1809,2022-06-23,9.4,9.59,9.65,9.38,230614
1810,2022-06-24,9.59,9.56,9.63,9.51,150864
1811,2022-06-27,9.59,9.5,9.64,9.49,151834
1812,2022-06-28,9.51,9.78,10.16,9.43,338151
1813,2022-06-29,9.68,9.59,9.97,9.53,348142
1814,2022-06-30,9.59,9.57,9.69,9.52,164194
1815,2022-07-01,9.55,9.47,9.65,9.45,113448
1816,2022-07-04,9.45,9.49,9.51,9.39,125961
1817,2022-07-05,9.46,9.41,9.52,9.28,157743
1818,2022-07-06,9.38,9.33,9.4,9.28,88351
1819,2022-07-07,9.32,9.21,9.35,9.2,142102
1820,2022-07-08,9.25,9.26,9.29,9.2,84885
1821,2022-07-11,9.24,9.24,9.32,9.19,80912
1822,2022-07-12,9.24,9.22,9.35,9.19,104537
1823,2022-07-13,9.21,9.21,9.27,9.19,76532
1824,2022-07-14,9.2,9.17,9.23,9.15,81239
1825,2022-07-15,9.19,9.08,9.23,9.07,98270
1826,2022-07-18,9.11,9.2,9.24,9.09,79936
1827,2022-07-19,9.19,9.27,9.29,9.17,71217
1828,2022-07-20,9.29,9.23,9.31,9.22,73102
1829,2022-07-21,9.22,9.17,9.23,9.17,58306
1830,2022-07-22,9.21,9.19,9.26,9.12,61989
1831,2022-07-25,9.21,9.15,9.22,9.13,44063
1832,2022-07-26,9.15,9.18,9.22,9.13,43569
1833,2022-07-27,9.18,9.18,9.22,9.15,33515
1834,2022-07-28,9.21,9.25,9.29,9.2,83823
1835,2022-07-29,9.24,9.2,9.28,9.18,72111
1836,2022-08-01,9.17,9.14,9.19,9.12,65439
1837,2022-08-02,9.09,8.92,9.1,8.83,130998
1838,2022-08-03,8.89,8.88,9.03,8.88,65015
1839,2022-08-04,8.95,8.92,8.97,8.87,49548
1840,2022-08-05,8.95,9.05,9.07,8.89,99800
1841,2022-08-08,9.06,9.03,9.08,9.0,44511
1842,2022-08-09,9.0,8.98,9.05,8.96,45847
1843,2022-08-10,8.99,8.98,9.03,8.95,44366
1844,2022-08-11,9.02,9.31,9.33,9.01,218128
1845,2022-08-12,9.25,9.3,9.35,9.2,112125
1846,2022-08-15,9.27,9.21,9.3,9.17,99556
1847,2022-08-16,9.24,9.18,9.26,9.17,62689
1848,2022-08-17,9.19,9.29,9.34,9.15,124389
1849,2022-08-18,9.28,9.24,9.29,9.19,65612
1850,2022-08-19,9.23,9.2,9.29,9.19,74539
1851,2022-08-22,9.19,9.19,9.23,9.15,71637
1852,2022-08-23,9.16,9.21,9.32,9.13,96732
1853,2022-08-24,9.18,9.13,9.35,9.12,194838
1854,2022-08-25,9.22,9.25,9.28,9.12,140888
1855,2022-08-26,9.28,9.24,9.3,9.17,93264
1856,2022-08-29,9.13,9.16,9.22,9.1,99175
1857,2022-08-30,9.15,9.19,9.25,9.13,90227
1858,2022-08-31,9.16,9.25,9.3,9.1,146907
1859,2022-09-01,9.22,9.22,9.31,9.19,116716
1860,2022-09-02,9.26,9.19,9.27,9.15,86498
1861,2022-09-05,9.18,9.27,9.27,9.15,84963
1862,2022-09-06,9.28,9.31,9.31,9.23,112120
1863,2022-09-07,9.27,9.29,9.32,9.22,73692
1864,2022-09-08,9.31,9.3,9.35,9.27,89777
1865,2022-09-09,9.32,9.41,9.42,9.27,166799
1866,2022-09-13,9.41,9.36,9.45,9.33,100823
1867,2022-09-14,9.25,9.24,9.32,9.21,89834
1868,2022-09-15,9.28,9.26,9.38,9.22,110061
1869,2022-09-16,9.26,8.85,9.26,8.83,214106
1870,2022-09-19,8.85,8.86,8.93,8.8,81150
1871,2022-09-20,8.89,8.83,8.95,8.82,56739
1872,2022-09-21,8.81,8.81,8.86,8.71,64755
1873,2022-09-22,8.76,8.83,8.87,8.74,52538
1874,2022-09-23,8.83,8.92,9.02,8.81,99562
1875,2022-09-26,8.87,8.68,8.95,8.68,97657
1876,2022-09-27,8.69,8.77,8.79,8.64,54801
1877,2022-09-28,8.8,8.74,8.88,8.71,67099
1878,2022-09-29,8.78,8.57,8.83,8.51,83631
1879,2022-09-30,8.58,8.6,8.67,8.55,50874
1880,2022-10-10,8.52,8.44,8.63,8.43,61271
1881,2022-10-11,8.49,8.51,8.6,8.44,52004
1882,2022-10-12,8.52,8.67,8.68,8.47,58695
1883,2022-10-13,8.63,8.71,8.74,8.62,56308
1884,2022-10-14,8.75,8.77,8.86,8.72,64857
1885,2022-10-17,8.75,8.83,8.89,8.75,62491
1886,2022-10-18,8.87,8.78,8.89,8.77,63591
1887,2022-10-19,8.78,8.73,8.82,8.72,43870
1888,2022-10-20,8.72,8.79,8.88,8.7,67305
1889,2022-10-21,8.95,8.82,9.02,8.81,86599
1890,2022-10-24,8.86,8.67,8.98,8.67,95010
1891,2022-10-25,8.67,8.64,8.82,8.56,81056
1892,2022-10-26,8.63,8.67,8.77,8.62,57575
1893,2022-10-27,8.67,8.76,8.8,8.67,100142
1894,2022-10-28,8.75,8.61,8.8,8.59,93684
1895,2022-10-31,8.5,8.62,8.77,8.5,101488
1896,2022-11-01,8.67,8.83,8.85,8.65,128272
1897,2022-11-02,8.82,8.85,8.9,8.8,70720
1898,2022-11-03,8.83,8.79,8.88,8.76,46893
1899,2022-11-04,8.79,8.93,8.98,8.77,106469
1900,2022-11-07,8.87,8.91,8.95,8.86,70377
1901,2022-11-08,8.9,8.88,8.93,8.85,45158
1902,2022-11-09,8.87,8.81,8.9,8.79,51783
1903,2022-11-10,8.76,8.84,8.88,8.74,66631
1904,2022-11-11,9.02,8.98,9.05,8.9,156448
1905,2022-11-14,9.01,9.01,9.17,9.0,154612
1906,2022-11-15,9.0,9.22,9.31,8.98,248184
1907,2022-11-16,9.19,9.1,9.22,9.1,125762
1908,2022-11-17,9.1,9.14,9.15,9.07,81103
1909,2022-11-18,9.13,9.02,9.15,9.02,92316
1910,2022-11-21,9.01,8.92,9.02,8.91,73828
1911,2022-11-22,8.9,8.99,9.05,8.89,87636
1912,2022-11-23,8.98,9.02,9.05,8.94,62493
1913,2022-11-24,9.06,8.92,9.08,8.91,75059
1914,2022-11-25,8.9,9.01,9.05,8.9,79576
1915,2022-11-28,8.92,8.9,8.93,8.82,90306
1916,2022-11-29,8.9,9.17,9.22,8.88,193606
1917,2022-11-30,9.17,9.13,9.22,9.1,118676
1918,2022-12-01,9.24,9.12,9.35,9.11,185762
1919,2022-12-02,9.13,9.12,9.23,9.11,101549
1920,2022-12-05,9.18,9.32,9.35,9.15,227512
1921,2022-12-06,9.25,9.33,9.38,9.25,147976
1922,2022-12-07,9.3,9.25,9.39,9.24,139430
1923,2022-12-08,9.25,9.23,9.27,9.18,112222
1924,2022-12-09,9.27,9.27,9.28,9.15,135699
1925,2022-12-12,9.23,9.09,9.25,9.06,121865
1926,2022-12-13,9.11,9.1,9.14,9.06,53821
1927,2022-12-14,9.08,9.15,9.19,9.06,64818
1928,2022-12-15,9.15,9.07,9.17,9.05,64207
1929,2022-12-16,9.03,9.11,9.12,9.01,70044
1930,2022-12-19,9.09,8.88,9.16,8.83,100986
1931,2022-12-20,8.86,8.82,8.9,8.8,62530
1932,2022-12-21,8.86,8.75,8.87,8.75,43341
1933,2022-12-22,8.86,8.79,8.89,8.74,58036
1934,2022-12-23,8.73,8.77,8.86,8.71,49098
1935,2022-12-26,8.8,8.76,8.84,8.71,64317
1936,2022-12-27,8.81,8.84,8.87,8.78,47622
1937,2022-12-28,8.83,8.88,8.88,8.8,52006
1938,2022-12-29,8.86,8.84,8.88,8.78,51539
1939,2022-12-30,8.88,8.88,8.91,8.84,48430
1940,2023-01-03,8.78,8.85,8.89,8.72,94196
1941,2023-01-04,8.88,8.89,8.92,8.85,68733
1942,2023-01-05,8.91,8.97,8.99,8.9,80653
1943,2023-01-06,8.97,8.96,9.05,8.91,72813
1944,2023-01-09,9.01,9.07,9.12,8.95,96342
1945,2023-01-10,9.06,9.03,9.12,8.97,94667
1946,2023-01-11,9.04,9.02,9.11,9.0,83100
1947,2023-01-12,9.04,9.11,9.12,8.99,81621
1948,2023-01-13,9.13,9.18,9.18,9.06,108266
1949,2023-01-16,9.19,9.4,9.55,9.15,377640
1950,2023-01-17,9.33,9.43,9.45,9.32,145231
1951,2023-01-18,9.36,9.43,9.48,9.35,92104
1952,2023-01-19,9.37,9.56,9.56,9.36,145594
1953,2023-01-20,9.53,9.49,9.56,9.42,126954
1954,2023-01-30,9.56,9.49,9.6,9.45,154996
1955,2023-01-31,9.44,9.38,9.54,9.37,128265
1956,2023-02-01,9.44,9.68,9.69,9.44,265279
1957,2023-02-02,9.78,9.59,9.88,9.56,245363
1958,2023-02-03,9.52,9.58,9.65,9.49,173427
1959,2023-02-06,9.53,9.54,9.6,9.49,110408
1960,2023-02-07,9.68,9.47,9.68,9.43,115074
1961,2023-02-08,9.47,9.37,9.53,9.36,77610
1962,2023-02-09,9.4,9.52,9.53,9.37,96895
1963,2023-02-10,9.48,9.48,9.52,9.43,50860
1964,2023-02-13,9.48,9.5,9.51,9.41,77203
1965,2023-02-14,9.52,9.47,9.54,9.44,60020
1966,2023-02-15,9.48,9.39,9.5,9.37,74631
1967,2023-02-16,9.4,9.33,9.56,9.28,155618
1968,2023-02-17,9.3,9.23,9.39,9.23,87547
1969,2023-02-20,9.32,9.53,9.53,9.31,135505
1970,2023-02-21,9.49,9.63,9.66,9.46,150338
1971,2023-02-22,9.62,9.63,9.71,9.58,113870
1972,2023-02-23,9.65,9.7,9.74,9.6,136223
1973,2023-02-24,9.76,9.61,9.79,9.58,78997
1974,2023-02-27,9.6,9.54,9.65,9.5,72071
1975,2023-02-28,9.54,9.66,9.68,9.53,117066
1976,2023-03-01,9.63,9.88,9.89,9.61,254587
1977,2023-03-02,9.87,9.85,9.9,9.81,92827
1978,2023-03-03,9.85,9.84,9.87,9.72,154820
1979,2023-03-06,9.83,9.68,9.83,9.66,126005
1980,2023-03-07,9.68,9.57,9.75,9.54,123007
1981,2023-03-08,9.53,9.51,9.56,9.46,88736
1982,2023-03-09,9.53,9.49,9.55,9.46,70101
1983,2023-03-10,9.46,9.33,9.48,9.33,92965
1984,2023-03-13,9.32,9.36,9.4,9.28,100304
1985,2023-03-14,9.35,9.28,9.35,9.2,98223
1986,2023-03-15,9.38,9.31,9.38,9.3,57696
1987,2023-03-16,9.29,9.28,9.35,9.25,63529
1988,2023-03-17,9.36,9.36,9.47,9.34,105531
1989,2023-03-20,9.38,9.37,9.47,9.34,91428
1990,2023-03-21,9.41,9.43,9.51,9.38,96811
1991,2023-03-22,9.43,9.44,9.48,9.41,78414
1992,2023-03-23,9.41,9.55,9.58,9.4,107749
1993,2023-03-24,9.57,9.52,9.61,9.49,74671
1994,2023-03-27,9.52,9.52,9.55,9.42,89498
1995,2023-03-28,9.55,9.51,9.55,9.45,59932
1996,2023-03-29,9.53,9.4,9.53,9.37,83149
1997,2023-03-30,9.43,9.4,9.43,9.28,96968
1998,2023-03-31,9.4,9.37,9.44,9.34,79323
1999,2023-04-03,9.39,9.58,9.59,9.35,208435
2000,2023-04-04,9.55,9.62,9.65,9.51,134749
2001,2023-04-06,9.61,9.54,9.61,9.51,94697
2002,2023-04-07,9.55,9.59,9.64,9.52,84161
2003,2023-04-10,9.65,9.54,9.68,9.52,97758
2004,2023-04-11,9.62,9.6,9.72,9.57,154799
2005,2023-04-12,9.59,9.6,9.64,9.55,122030
2006,2023-04-13,9.6,9.6,9.67,9.56,140129
2007,2023-04-14,9.61,9.64,9.66,9.56,85224
2008,2023-04-17,9.7,9.85,9.85,9.63,211674
2009,2023-04-18,9.88,9.78,9.89,9.77,140720
2010,2023-04-19,9.8,9.68,9.8,9.67,109112
2011,2023-04-20,9.62,9.68,9.69,9.57,110177
2012,2023-04-21,9.7,9.33,9.7,9.31,143930
2013,2023-04-24,9.33,9.25,9.43,9.22,124442
2014,2023-04-25,9.23,9.28,9.38,9.21,130963
2015,2023-04-26,9.35,9.14,9.35,9.13,194156
2016,2023-04-27,9.15,9.18,9.19,9.11,161195
2017,2023-04-28,9.2,9.41,9.47,9.16,235883
2018,2023-05-04,9.44,9.58,9.65,9.39,367465
2019,2023-05-05,9.6,9.82,9.96,9.58,463463
2020,2023-05-08,9.85,9.98,10.05,9.76,425107
2021,2023-05-09,10.03,9.98,10.29,9.94,686959
2022,2023-05-10,9.87,9.75,10.05,9.7,333713
2023,2023-05-11,9.83,9.74,9.88,9.71,176119
2024,2023-05-12,9.74,9.6,9.78,9.58,227816
2025,2023-05-15,9.6,9.59,9.66,9.35,301526
2026,2023-05-16,9.59,9.59,9.7,9.56,205437
2027,2023-05-17,9.56,9.53,9.67,9.5,140380
2028,2023-05-18,9.56,9.49,9.63,9.45,147312
2029,2023-05-19,9.46,9.37,9.47,9.35,148898
2030,2023-05-22,9.36,9.36,9.42,9.32,109299
2031,2023-05-23,9.39,9.26,9.4,9.26,124442
2032,2023-05-24,9.25,9.18,9.29,9.18,152360
2033,2023-05-25,9.15,9.18,9.22,9.07,150050
2034,2023-05-26,9.18,9.24,9.29,9.14,87463
2035,2023-05-29,9.24,9.16,9.28,9.14,95181
2036,2023-05-30,9.15,9.19,9.2,9.1,93927
2037,2023-05-31,9.15,9.21,9.22,9.15,131358
2038,2023-06-01,9.17,9.18,9.25,9.15,150586
2039,2023-06-02,9.18,9.3,9.3,9.18,138970
2040,2023-06-05,9.3,9.23,9.33,9.2,97363
2041,2023-06-06,9.2,9.09,9.31,9.08,175149
2042,2023-06-07,9.1,9.11,9.16,9.07,80426
2043,2023-06-08,9.08,9.17,9.19,9.02,153338
2044,2023-06-09,9.17,9.14,9.2,9.12,105194
2045,2023-06-12,9.11,9.11,9.15,9.07,88166
2046,2023-06-13,9.09,9.12,9.14,9.08,71263
2047,2023-06-14,9.15,9.12,9.21,9.12,93583
2048,2023-06-15,9.13,9.22,9.23,9.1,127308
2049,2023-06-16,9.22,9.28,9.29,9.2,130758
2050,2023-06-19,9.25,9.2,9.28,9.17,104444
2051,2023-06-20,9.19,9.11,9.24,9.1,119110
2052,2023-06-21,8.9,8.71,8.9,8.7,135516
2053,2023-06-26,8.65,8.56,8.7,8.56,125957
2054,2023-06-27,8.59,8.61,8.64,8.56,85006
2055,2023-06-28,8.63,8.62,8.64,8.56,62361
2056,2023-06-29,8.61,8.59,8.65,8.58,82804
2057,2023-06-30,8.59,8.73,8.77,8.59,90880
2058,2023-07-03,8.74,8.88,8.89,8.73,137411
2059,2023-07-04,8.86,8.88,8.89,8.83,72161
2060,2023-07-05,8.86,8.89,8.95,8.86,96004
2061,2023-07-06,8.87,8.86,8.92,8.8,67392
2062,2023-07-07,8.85,8.93,8.96,8.82,70590
2063,2023-07-10,8.95,8.91,8.98,8.89,59136
2064,2023-07-11,8.94,8.95,8.98,8.91,69803
2065,2023-07-12,8.95,8.89,8.99,8.88,62216
2066,2023-07-13,8.96,9.04,9.04,8.95,120111
2067,2023-07-14,9.04,9.04,9.05,9.0,61809
2068,2023-07-17,9.03,9.04,9.05,8.96,81080
2069,2023-07-18,9.04,9.04,9.07,8.99,78123
2070,2023-07-19,9.02,9.08,9.08,9.01,73406
2071,2023-07-20,9.1,9.03,9.12,9.01,75146
2072,2023-07-21,9.01,9.07,9.09,9.0,76070
2073,2023-07-24,9.04,9.04,9.11,9.01,54900
2074,2023-07-25,9.22,9.32,9.39,9.18,350390
2075,2023-07-26,9.31,9.3,9.32,9.21,171178
2076,2023-07-27,9.28,9.25,9.36,9.22,116519
2077,2023-07-28,9.23,9.74,9.79,9.23,800029
2078,2023-07-31,9.8,9.69,9.92,9.66,884194
2079,2023-08-01,9.6,9.66,9.8,9.55,520330
2080,2023-08-02,9.6,9.67,9.81,9.6,334804
2081,2023-08-03,9.67,9.92,9.94,9.6,544577
2082,2023-08-04,10.1,10.51,10.9,10.1,1494138
2083,2023-08-07,10.27,10.29,10.35,10.2,817572
2084,2023-08-08,10.16,10.17,10.38,9.91,763569
2085,2023-08-09,10.08,10.17,10.26,10.08,426550
2086,2023-08-10,10.12,10.24,10.25,10.07,594458
2087,2023-08-11,10.15,9.82,10.15,9.79,772381
2088,2023-08-14,9.64,9.71,9.82,9.59,450948
2089,2023-08-15,9.7,9.87,9.91,9.7,402137
2090,2023-08-16,9.8,10.0,10.2,9.67,609767
2091,2023-08-17,9.95,10.02,10.14,9.84,474683
2092,2023-08-18,10.0,9.92,10.09,9.85,337680
2093,2023-08-21,9.76,9.56,9.85,9.53,356512
2094,2023-08-22,9.63,9.6,9.68,9.49,295789
2095,2023-08-23,9.56,9.44,9.6,9.42,224726
2096,2023-08-24,9.52,9.5,9.66,9.44,246964
2097,2023-08-25,9.5,9.56,9.69,9.47,242828
2098,2023-08-28,10.52,9.76,10.52,9.7,897368
2099,2023-08-29,9.72,9.67,9.85,9.46,543097
2100,2023-08-30,9.65,9.43,9.65,9.42,314257
2101,2023-08-31,9.49,9.28,9.5,9.28,226595
2102,2023-09-01,9.33,9.22,9.37,9.2,208597
2103,2023-09-04,9.24,9.34,9.37,9.2,218177
2104,2023-09-05,9.31,9.3,9.33,9.25,145939
2105,2023-09-06,9.27,9.23,9.28,9.21,148330
2106,2023-09-07,9.24,9.22,9.28,9.19,163446
2107,2023-09-08,9.19,9.33,9.38,9.18,141809
2108,2023-09-11,9.33,9.41,9.46,9.26,222404
2109,2023-09-12,9.42,9.34,9.42,9.31,108587
2110,2023-09-13,9.33,9.26,9.37,9.22,109665
2111,2023-09-14,9.3,9.3,9.32,9.24,129016
2112,2023-09-15,9.31,9.23,9.35,9.23,137856
2113,2023-09-18,9.16,9.28,9.31,9.11,202978
2114,2023-09-19,9.29,9.31,9.35,9.22,138698
2115,2023-09-20,9.31,9.28,9.33,9.24,90592
2116,2023-09-21,9.29,9.23,9.33,9.22,110760
2117,2023-09-22,9.24,9.43,9.44,9.22,166996
2118,2023-09-25,9.39,9.28,9.39,9.27,135670
2119,2023-09-26,9.31,9.29,9.35,9.27,85504
2120,2023-09-27,9.28,9.32,9.38,9.28,115402
2121,2023-09-28,9.32,9.21,9.34,9.17,175958
2122,2023-10-09,9.15,9.28,9.33,9.05,228172
2123,2023-10-10,9.3,9.23,9.38,9.21,147517
2124,2023-10-11,9.26,9.21,9.35,9.21,114041
2125,2023-10-12,9.29,9.33,9.37,9.27,108757
2126,2023-10-13,9.27,9.31,9.35,9.24,94109
2127,2023-10-16,9.3,9.38,9.45,9.22,205216
2128,2023-10-17,9.38,9.49,9.53,9.34,223052
2129,2023-10-18,9.44,9.49,9.54,9.42,169194
2130,2023-10-19,9.43,9.45,9.59,9.41,310365
2131,2023-10-20,9.42,9.45,9.55,9.41,179606
2132,2023-10-23,9.42,9.31,9.45,9.25,179504
2133,2023-10-24,9.31,9.67,9.69,9.23,355297
2134,2023-10-25,9.7,9.7,9.74,9.6,238024
2135,2023-10-26,9.64,9.71,9.73,9.58,172392
2136,2023-10-27,9.67,9.74,9.77,9.61,174801
2137,2023-10-30,9.7,9.67,9.73,9.58,191932
2138,2023-10-31,9.66,9.61,9.71,9.55,148050
2139,2023-11-01,9.68,9.56,9.69,9.56,127583
2140,2023-11-02,9.58,9.53,9.64,9.52,143475
2141,2023-11-03,9.54,9.55,9.62,9.51,122713
2142,2023-11-06,9.76,9.82,9.87,9.64,367912
2143,2023-11-07,9.77,9.83,9.88,9.73,232223
2144,2023-11-08,9.84,9.82,9.91,9.74,295714
2145,2023-11-09,9.81,9.83,9.85,9.75,155110
2146,2023-11-10,9.82,9.81,9.86,9.77,171362
2147,2023-11-13,9.81,9.76,9.84,9.72,173343
2148,2023-11-14,9.76,9.88,9.99,9.74,254177
2149,2023-11-15,9.97,9.89,10.03,9.86,194606
2150,2023-11-16,9.87,9.82,9.95,9.82,142939
2151,2023-11-17,9.8,9.84,9.9,9.76,150621
2152,2023-11-20,9.87,9.68,9.87,9.64,217299
2153,2023-11-21,9.7,9.74,9.86,9.69,189453
2154,2023-11-22,9.71,9.69,9.79,9.68,108300
2155,2023-11-23,9.88,9.85,10.04,9.75,321004
2156,2023-11-24,9.75,9.67,9.79,9.66,213209
2157,2023-11-27,9.61,9.53,9.63,9.47,203957
2158,2023-11-28,9.54,9.52,9.58,9.48,110133
2159,2023-11-29,9.55,9.48,9.57,9.47,98681
2160,2023-11-30,9.46,9.5,9.53,9.45,144394
2161,2023-12-01,9.49,9.49,9.52,9.41,122010
2162,2023-12-04,9.5,9.45,9.53,9.42,143091
2163,2023-12-05,9.44,9.3,9.44,9.3,169739
2164,2023-12-06,9.3,9.16,9.33,9.14,239580
2165,2023-12-07,9.17,8.94,9.22,8.89,594148
2166,2023-12-08,8.95,8.94,9.0,8.71,1209964
2167,2023-12-11,8.84,9.04,9.08,8.63,552480
2168,2023-12-12,8.99,8.94,9.0,8.87,244359
2169,2023-12-13,8.91,8.85,8.92,8.85,176315
2170,2023-12-14,8.9,8.84,8.95,8.84,146340
2171,2023-12-15,8.93,8.86,8.95,8.85,161797
2172,2023-12-18,8.87,8.81,8.93,8.78,152557
2173,2023-12-19,8.81,8.79,8.82,8.72,135513
2174,2023-12-20,8.81,8.61,8.83,8.61,157363
2175,2023-12-21,8.62,8.55,8.62,8.49,197568
2176,2023-12-22,8.55,8.52,8.58,8.46,158105
2177,2023-12-25,8.49,8.42,8.54,8.39,166852
2178,2023-12-26,8.42,8.34,8.45,8.32,122275
2179,2023-12-27,8.36,8.43,8.48,8.3,175914
2180,2023-12-28,8.41,8.55,8.6,8.39,280565
2181,2023-12-29,8.53,8.54,8.57,8.51,178026
2182,2024-01-02,8.55,8.44,8.56,8.43,178350
2183,2024-01-03,8.43,8.5,8.51,8.41,151524
2184,2024-01-04,8.49,8.37,8.49,8.31,209933
2185,2024-01-05,8.37,8.33,8.43,8.27,248874
2186,2024-01-08,8.29,8.15,8.33,8.15,206796
2187,2024-01-09,8.18,8.17,8.23,8.13,197950
2188,2024-01-10,8.18,8.16,8.25,8.14,154195
2189,2024-01-11,8.17,8.26,8.26,8.12,185349
2190,2024-01-12,8.22,8.23,8.29,8.2,135612
2191,2024-01-15,8.19,8.21,8.26,8.14,123971
2192,2024-01-16,8.18,8.26,8.29,8.13,179254
2193,2024-01-17,8.24,8.07,8.25,8.07,176955
2194,2024-01-18,8.06,7.99,8.06,7.74,383384
2195,2024-01-19,7.98,7.93,7.99,7.86,269788
2196,2024-01-22,7.9,7.7,7.96,7.6,278401
2197,2024-01-23,7.71,7.84,7.9,7.63,242039
2198,2024-01-24,7.85,8.14,8.19,7.79,321348
2199,2024-01-25,8.1,8.4,8.43,8.08,381250
2200,2024-01-26,8.31,8.42,8.51,8.29,282354
2201,2024-01-29,8.44,8.32,8.5,8.3,219612
2202,2024-01-30,8.25,8.15,8.35,8.15,166944
2203,2024-01-31,8.13,8.03,8.19,7.98,188980
2204,2024-02-01,7.99,8.0,8.15,7.9,209480
2205,2024-02-02,8.0,7.84,8.04,7.61,261837
2206,2024-02-05,7.77,7.55,7.81,7.42,413744
2207,2024-02-06,7.52,8.08,8.1,7.49,375520
2208,2024-02-07,8.08,8.14,8.2,7.97,453651
2209,2024-02-08,8.19,8.2,8.23,8.07,441003
2210,2024-02-19,8.19,8.22,8.24,8.05,310962
2211,2024-02-20,8.18,8.31,8.34,8.13,293871
2212,2024-02-21,8.25,8.38,8.54,8.18,363067
2213,2024-02-22,8.35,8.48,8.55,8.31,226180
2214,2024-02-23,8.48,8.52,8.55,8.45,219485
2215,2024-02-26,8.51,8.44,8.56,8.44,205214
2216,2024-02-27,8.43,8.54,8.54,8.41,199147
2217,2024-02-28,8.56,8.5,8.73,8.49,369985
2218,2024-02-29,8.45,8.62,8.62,8.41,263629
2219,2024-03-01,8.62,8.66,8.72,8.59,277059
2220,2024-03-04,8.66,8.6,8.68,8.56,175085
2221,2024-03-05,8.57,8.59,8.66,8.54,183252
2222,2024-03-06,8.57,8.54,8.62,8.48,192090
2223,2024-03-07,8.52,8.45,8.6,8.44,165904
2224,2024-03-08,8.47,8.47,8.5,8.41,135920
2225,2024-03-11,8.45,8.55,8.56,8.45,160467
2226,2024-03-12,8.57,8.59,8.63,8.53,164392
2227,2024-03-13,8.6,8.55,8.61,8.49,132038
2228,2024-03-14,8.54,8.49,8.58,8.45,134702
2229,2024-03-15,8.48,8.55,8.56,8.42,125773
2230,2024-03-18,8.62,8.75,8.78,8.59,268502
2231,2024-03-19,8.72,8.65,8.74,8.64,156026
2232,2024-03-20,8.63,8.63,8.67,8.58,136156
2233,2024-03-21,8.64,8.63,8.71,8.6,144161
2234,2024-03-22,8.64,8.52,8.64,8.48,157323
2235,2024-03-25,8.43,8.3,8.44,8.29,184204
2236,2024-03-26,8.29,8.41,8.43,8.29,114806
2237,2024-03-27,8.39,8.28,8.43,8.27,113960
2238,2024-03-28,8.26,8.29,8.37,8.24,126983
2239,2024-03-29,8.28,8.38,8.39,8.26,112059
2240,2024-04-01,8.44,8.6,8.61,8.44,176027
2241,2024-04-02,8.6,8.63,8.72,8.57,181021
2242,2024-04-03,8.63,8.67,8.69,8.58,141553
2243,2024-04-08,8.59,8.65,8.79,8.5,270269
2244,2024-04-09,8.67,8.58,8.69,8.56,133551
2245,2024-04-10,8.58,8.51,8.7,8.46,197093
2246,2024-04-11,8.43,8.57,8.66,8.41,171254
2247,2024-04-12,8.54,8.4,8.56,8.38,181486
2248,2024-04-15,8.42,8.65,8.75,8.41,274078
2249,2024-04-16,8.57,8.44,8.68,8.42,238485
2250,2024-04-17,8.5,8.68,8.68,8.46,258635
2251,2024-04-18,8.67,9.01,9.32,8.62,928237
2252,2024-04-19,8.91,8.95,9.14,8.9,581146
2253,2024-04-22,8.8,8.77,8.93,8.72,395198
2254,2024-04-23,8.79,8.68,8.81,8.66,224444
2255,2024-04-24,8.7,8.79,8.79,8.6,237921
2256,2024-04-25,8.72,8.68,8.76,8.64,204177
2257,2024-04-26,8.88,9.12,9.15,8.71,651406
2258,2024-04-29,9.05,9.17,9.24,9.0,591327
2259,2024-04-30,9.14,8.99,9.14,8.95,361755
2260,2024-05-06,9.13,9.04,9.16,8.98,355221
2261,2024-05-07,8.98,8.93,8.99,8.87,263576
2262,2024-05-08,8.93,8.85,8.94,8.81,178577
2263,2024-05-09,8.85,8.9,8.92,8.84,246246
2264,2024-05-10,8.89,8.95,8.98,8.83,214837
2265,2024-05-13,8.88,8.98,9.02,8.78,227131
2266,2024-05-14,8.95,9.02,9.04,8.89,218738
2267,2024-05-15,9.05,8.77,9.08,8.76,270837
2268,2024-05-16,8.77,8.77,8.86,8.74,170564
2269,2024-05-17,8.74,8.96,8.97,8.74,171650
2270,2024-05-20,8.96,8.91,9.03,8.89,207609
2271,2024-05-21,8.9,8.86,8.9,8.8,123257
2272,2024-05-22,8.84,8.88,8.94,8.8,134574
2273,2024-05-23,8.86,8.76,8.88,8.72,153024
2274,2024-05-24,8.73,8.64,8.78,8.63,131355
2275,2024-05-27,8.69,8.79,8.79,8.63,145475
2276,2024-05-28,8.76,8.77,8.85,8.72,110336
2277,2024-05-29,8.76,8.79,8.84,8.74,95003
2278,2024-05-30,8.76,8.85,8.87,8.74,146310
2279,2024-05-31,8.82,8.94,8.94,8.82,195101
2280,2024-06-03,9.01,9.17,9.27,8.85,761342
2281,2024-06-04,9.17,9.12,9.29,9.04,418209
2282,2024-06-05,9.12,9.2,9.28,9.07,326847
2283,2024-06-06,9.16,9.23,9.42,9.16,401009
2284,2024-06-07,9.25,9.28,9.31,9.08,403248
2285,2024-06-11,9.27,9.24,9.4,9.19,305356
2286,2024-06-12,9.21,9.41,9.44,9.08,412928
2287,2024-06-13,9.36,9.62,9.75,9.36,616858
2288,2024-06-14,9.6,9.38,9.81,9.38,1658140
2289,2024-06-17,9.3,9.31,9.4,9.11,566058
2290,2024-06-18,9.34,9.24,9.36,9.17,292833
2291,2024-06-19,9.0,8.82,9.05,8.8,235950
2292,2024-06-20,8.81,8.9,8.95,8.8,233273
2293,2024-06-21,8.86,8.94,9.0,8.86,202262
2294,2024-06-24,8.94,8.88,9.01,8.87,192098
2295,2024-06-25,8.85,8.79,8.92,8.73,184356
2296,2024-06-26,8.76,8.86,8.88,8.74,110445
2297,2024-06-27,8.83,8.85,8.97,8.8,134758
2298,2024-06-28,8.83,8.69,8.93,8.65,214566
2299,2024-07-01,8.61,8.67,8.72,8.55,135389
2300,2024-07-02,8.66,8.51,8.73,8.49,152635
2301,2024-07-03,8.51,8.53,8.58,8.48,115666
2302,2024-07-04,8.54,8.38,8.55,8.37,125595
2303,2024-07-05,8.4,8.33,8.43,8.29,121933
2304,2024-07-08,8.26,8.1,8.3,8.07,116168
2305,2024-07-09,8.11,8.19,8.21,7.98,135215
2306,2024-07-10,8.15,8.14,8.24,8.1,104207
2307,2024-07-11,8.2,8.14,8.23,8.11,217673
2308,2024-07-12,8.09,8.0,8.09,7.95,195057
2309,2024-07-15,7.95,8.01,8.06,7.95,120958
2310,2024-07-16,8.03,8.09,8.14,8.0,140243
2311,2024-07-17,8.11,8.2,8.23,8.1,160560
2312,2024-07-18,8.16,8.23,8.23,8.07,127469
2313,2024-07-19,8.21,8.27,8.29,8.14,150836
2314,2024-07-22,8.33,8.25,8.36,8.2,165846
2315,2024-07-23,8.23,8.12,8.3,8.1,128783
2316,2024-07-24,8.1,8.12,8.24,8.08,142810
2317,2024-07-25,8.12,8.37,8.4,8.1,271905
2318,2024-07-26,8.37,8.45,8.5,8.32,193540
2319,2024-07-29,8.39,8.42,8.51,8.36,112888
2320,2024-07-30,8.42,8.49,8.52,8.38,127888
2321,2024-07-31,8.49,8.84,8.9,8.49,304172
2322,2024-08-01,8.82,8.92,8.98,8.77,254857
2323,2024-08-02,8.89,8.84,8.98,8.81,183372
2324,2024-08-05,8.8,8.78,8.96,8.78,183513
2325,2024-08-06,8.83,8.76,8.92,8.71,119875
2326,2024-08-07,8.78,8.87,8.96,8.74,137377
2327,2024-08-08,8.81,8.85,8.96,8.8,114340
2328,2024-08-09,8.9,8.84,8.92,8.84,91008
2329,2024-08-12,8.82,8.85,8.88,8.8,76528
2330,2024-08-13,8.86,8.94,8.97,8.84,120768
2331,2024-08-14,8.93,8.94,8.98,8.9,124252
2332,2024-08-15,8.9,9.04,9.09,8.9,150059
2333,2024-08-16,9.02,9.1,9.17,9.01,179711
2334,2024-08-19,9.08,9.19,9.21,9.05,134834
2335,2024-08-20,9.16,9.04,9.2,9.03,145359
2336,2024-08-21,9.11,9.04,9.12,8.99,139508
2337,2024-09-05,9.04,8.59,9.06,8.41,661966
2338,2024-09-06,8.8,8.49,8.83,8.47,499919
2339,2024-09-09,8.34,8.44,8.61,8.31,334073
2340,2024-09-10,8.43,8.45,8.51,8.36,201971
2341,2024-09-11,8.43,8.43,8.54,8.39,167410
2342,2024-09-12,8.44,8.54,8.58,8.4,183629
2343,2024-09-13,8.59,8.65,8.76,8.55,232685
2344,2024-09-18,8.53,8.69,8.72,8.53,149695
2345,2024-09-19,8.78,8.96,9.0,8.69,246165
2346,2024-09-20,8.9,8.94,9.0,8.85,196458
2347,2024-09-23,8.95,9.07,9.15,8.9,191345
2348,2024-09-24,9.1,9.43,9.45,9.08,475498
2349,2024-09-25,9.5,9.59,9.75,9.47,507683
2350,2024-09-26,9.5,9.94,9.94,9.42,531138
2351,2024-09-27,10.1,10.75,10.79,10.0,874764
2352,2024-09-30,11.77,11.83,11.83,11.32,1157209
2353,2024-10-08,13.01,13.01,13.01,12.39,893180
2354,2024-10-09,13.01,12.75,13.98,12.56,2150998
2355,2024-10-10,12.9,12.11,13.12,11.71,1181638
2356,2024-10-11,11.98,11.72,12.2,11.6,690422
2357,2024-10-14,11.72,11.75,11.84,11.35,684084
2358,2024-10-15,11.74,11.43,11.79,11.41,440459
2359,2024-10-16,11.31,11.32,11.6,11.18,437970
2360,2024-10-17,11.32,11.12,11.49,11.08,346675
2361,2024-10-18,11.11,11.63,12.06,11.01,841582
2362,2024-10-21,11.5,11.6,11.7,11.38,511700
2363,2024-10-22,11.6,11.65,11.69,11.52,293515
2364,2024-10-23,11.7,11.62,11.85,11.59,360170
2365,2024-10-24,11.59,11.52,11.61,11.42,286390
2366,2024-10-25,11.86,11.73,11.96,11.65,504409
2367,2024-10-28,11.6,11.61,11.68,11.54,328794
2368,2024-10-29,11.63,11.51,11.8,11.5,350555
2369,2024-10-30,11.54,11.5,11.65,11.41,304411
2370,2024-10-31,11.5,11.56,11.84,11.43,551323
2371,2024-11-01,11.58,11.54,11.77,11.47,404234
2372,2024-11-04,11.76,11.9,11.97,11.58,518831
2373,2024-11-05,11.9,12.36,12.39,11.73,827835
2374,2024-11-06,12.38,12.31,12.72,12.23,722599
2375,2024-11-07,12.16,13.09,13.11,12.1,926110
2376,2024-11-08,13.35,12.93,13.4,12.9,815611
2377,2024-11-11,12.81,12.85,12.95,12.66,519362
2378,2024-11-12,12.83,12.5,13.0,12.37,470410
2379,2024-11-13,12.38,12.45,12.58,12.27,333580
2380,2024-11-14,12.39,12.28,12.55,12.22,286765
2381,2024-11-15,12.23,11.79,12.35,11.78,339609
2382,2024-11-18,11.8,11.79,12.06,11.67,328795
2383,2024-11-19,11.78,11.89,11.9,11.66,224939
2384,2024-11-20,11.8,11.83,11.93,11.67,251544
2385,2024-11-21,11.78,11.84,11.9,11.67,281081
2386,2024-11-22,11.84,11.31,11.84,11.28,282992
2387,2024-11-25,11.31,11.26,11.37,11.12,263506
2388,2024-11-26,11.28,11.23,11.39,11.2,157600
2389,2024-11-27,11.22,11.37,11.37,11.15,180597
2390,2024-11-28,11.5,11.36,11.53,11.33,218084
2391,2024-11-29,11.35,11.49,11.8,11.31,385709
2392,2024-12-02,11.27,11.54,11.58,11.25,299728
2393,2024-12-03,11.54,11.62,11.7,11.48,261527
2394,2024-12-04,11.6,11.49,11.63,11.39,206980
2395,2024-12-05,11.41,11.53,11.57,11.38,217675
2396,2024-12-06,11.44,11.62,11.74,11.4,420899
2397,2024-12-09,11.75,11.48,11.94,11.38,723195
2398,2024-12-10,11.9,11.58,12.15,11.56,691518
2399,2024-12-11,11.53,11.5,11.65,11.46,331374
2400,2024-12-12,11.52,11.63,11.74,11.43,375944
2401,2024-12-13,11.56,11.44,11.56,11.4,459033
2402,2024-12-16,11.4,11.21,11.43,11.15,331238
2403,2024-12-17,11.17,11.18,11.3,11.16,208844
2404,2024-12-18,11.24,11.26,11.39,11.23,194069
2405,2024-12-19,11.2,11.22,11.24,11.13,155348
2406,2024-12-20,11.21,11.25,11.31,11.18,169525
2407,2024-12-23,11.36,11.26,11.66,11.23,485854
2408,2024-12-24,11.18,11.47,11.48,11.17,327905
2409,2024-12-25,11.45,11.36,11.5,11.27,183534
2410,2024-12-26,11.33,11.37,11.42,11.28,143500
2411,2024-12-27,11.36,11.46,11.63,11.34,284542
2412,2024-12-30,11.6,11.8,11.8,11.53,631715
2413,2024-12-31,11.77,11.2,11.79,11.2,508505
2414,2025-01-02,11.17,10.57,11.24,10.46,537944
2415,2025-01-03,10.58,10.32,10.65,10.3,307031
2416,2025-01-06,10.26,10.36,10.38,10.25,196604
2417,2025-01-07,10.37,10.39,10.46,10.27,151959
2418,2025-01-08,10.33,10.36,10.43,10.13,223177
2419,2025-01-09,10.33,10.29,10.39,10.22,125525
2420,2025-01-10,10.35,10.15,10.43,10.15,130557
2421,2025-01-13,10.04,10.19,10.25,10.02,143544
2422,2025-01-14,10.25,10.49,10.5,10.19,235451
2423,2025-01-15,10.45,10.43,10.53,10.4,137207
2424,2025-01-16,10.5,10.46,10.6,10.37,145825
2425,2025-01-17,10.43,10.48,10.55,10.38,111537
2426,2025-01-20,10.58,10.47,10.63,10.46,133281
2427,2025-01-21,10.57,10.48,10.59,10.43,111541
2428,2025-01-22,10.46,10.44,10.47,10.33,132825
2429,2025-01-23,10.59,10.55,10.79,10.54,248834
2430,2025-01-24,10.48,10.59,10.65,10.45,183183
2431,2025-01-27,10.62,10.33,10.66,10.33,184344
2432,2025-02-05,10.38,10.32,10.42,10.28,145776
2433,2025-02-06,10.33,10.46,10.5,10.28,173208
2434,2025-02-07,10.46,10.67,10.82,10.44,306156
2435,2025-02-10,10.65,10.64,10.72,10.6,161511
2436,2025-02-11,10.66,10.62,10.68,10.54,155034
2437,2025-02-12,10.62,10.74,10.74,10.56,163933
2438,2025-02-13,10.75,10.7,10.84,10.66,255184
2439,2025-02-14,10.68,10.77,10.8,10.67,134635
2440,2025-02-17,10.88,10.78,10.9,10.71,184251
2441,2025-02-18,10.78,10.6,10.82,10.55,200968
2442,2025-02-19,10.6,10.63,10.71,10.54,197691
2443,2025-02-20,10.6,10.57,10.65,10.52,151263
2444,2025-02-21,10.62,10.76,10.77,10.52,264511
2445,2025-02-24,10.7,10.7,10.82,10.67,235089
2446,2025-02-25,10.65,10.51,10.66,10.46,185783
2447,2025-02-26,10.51,10.7,10.72,10.47,230452
2448,2025-02-27,10.62,10.68,10.77,10.53,273091
2449,2025-02-28,10.65,10.44,10.81,10.41,286740
2450,2025-03-03,10.45,10.46,10.56,10.4,217660
2451,2025-03-04,10.44,10.52,10.6,10.41,158542
2452,2025-03-05,10.56,10.48,10.56,10.43,133446
2453,2025-03-06,10.55,10.7,10.73,10.5,282840
2454,2025-03-07,10.64,10.5,10.66,10.48,194044
2455,2025-03-10,10.5,10.35,10.5,10.28,204440
2456,2025-03-11,10.26,10.43,10.43,10.24,154446
2457,2025-03-12,10.42,10.5,10.59,10.37,197196
2458,2025-03-13,10.49,10.39,10.57,10.33,150528
2459,2025-03-14,10.39,10.67,10.72,10.39,362191
2460,2025-03-17,10.72,10.68,10.74,10.62,170900
2461,2025-03-18,10.73,10.69,10.74,10.63,140704
2462,2025-03-19,10.69,10.66,10.72,10.63,130507
2463,2025-03-20,10.65,10.59,10.67,10.56,124532
2464,2025-03-21,10.56,10.42,10.64,10.41,157452
2465,2025-03-24,10.41,10.36,10.46,10.3,135094
2466,2025-03-25,10.41,10.39,10.44,10.3,112237
2467,2025-03-26,10.38,10.42,10.45,10.36,98806
2468,2025-03-27,10.41,10.44,10.53,10.38,105789
2469,2025-03-28,10.45,10.45,10.5,10.4,151327
2470,2025-03-31,10.42,10.26,10.49,10.23,187962
2471,2025-04-01,10.3,10.27,10.35,10.26,106764
