,datetime,open,close,high,low,volume
0,2015-01-05,3.48,3.64,3.73,3.48,6596247
1,2015-01-06,3.76,3.67,3.82,3.64,6717280
2,2015-01-07,3.73,3.68,3.78,3.61,4530830
3,2015-01-08,3.63,3.54,3.64,3.5,3107656
4,2015-01-09,3.5,3.52,3.64,3.47,3114499
5,2015-01-12,3.52,3.49,3.53,3.37,2638631
6,2015-01-13,3.53,3.47,3.58,3.46,2073868
7,2015-01-14,3.45,3.39,3.45,3.36,1770496
8,2015-01-15,3.3,3.44,3.45,3.3,1954780
9,2015-01-16,3.47,3.43,3.49,3.41,1691385
10,2015-01-19,3.23,3.13,3.41,3.09,3710650
11,2015-01-20,3.18,3.28,3.28,3.15,2252797
12,2015-01-21,3.33,3.38,3.38,3.3,2546911
13,2015-01-22,3.38,3.37,3.39,3.33,1739796
14,2015-01-23,3.37,3.37,3.44,3.35,2270034
15,2015-01-26,3.38,3.45,3.45,3.36,2226167
16,2015-01-27,3.43,3.37,3.43,3.31,2243457
17,2015-01-28,3.33,3.31,3.35,3.31,1285874
18,2015-01-29,3.28,3.29,3.33,3.25,1049993
19,2015-01-30,3.31,3.22,3.32,3.2,1263118
20,2015-02-02,3.16,3.12,3.18,3.11,1309750
21,2015-02-03,3.13,3.16,3.16,3.06,1646746
22,2015-02-04,3.14,3.07,3.14,3.07,1422530
23,2015-02-05,3.14,3.05,3.16,3.05,1584314
24,2015-02-06,3.04,2.9,3.05,2.88,2251132
25,2015-02-09,2.87,2.89,2.91,2.82,1169730
26,2015-02-10,2.88,3.0,3.02,2.86,1375359
27,2015-02-11,3.02,3.04,3.05,3.0,944038
28,2015-02-12,3.04,3.06,3.08,2.99,977777
29,2015-02-13,3.05,3.07,3.1,3.03,1182291
30,2015-02-16,3.07,3.07,3.08,3.04,928819
31,2015-02-17,3.07,3.23,3.3,3.06,2491863
32,2015-02-25,3.22,3.19,3.22,3.17,1420467
33,2015-02-26,3.17,3.21,3.21,3.1,1495040
34,2015-02-27,3.23,3.22,3.27,3.21,1705176
35,2015-03-02,3.25,3.22,3.25,3.19,1420339
36,2015-03-03,3.21,3.12,3.22,3.11,1717067
37,2015-03-04,3.1,3.14,3.15,3.1,1164812
38,2015-03-05,3.13,3.08,3.13,3.05,1295885
39,2015-03-06,3.1,3.13,3.17,3.09,1323292
40,2015-03-09,3.11,3.15,3.16,3.08,1140730
41,2015-03-10,3.14,3.22,3.25,3.12,2296345
42,2015-03-11,3.2,3.33,3.43,3.2,4741068
43,2015-03-12,3.31,3.32,3.39,3.26,2455726
44,2015-03-13,3.34,3.45,3.55,3.33,5219914
45,2015-03-16,3.54,3.58,3.6,3.43,5778369
46,2015-03-17,3.6,3.94,3.94,3.52,6373341
47,2015-03-18,4.33,4.33,4.33,4.18,12386189
48,2015-03-19,4.28,4.32,4.42,4.2,11866031
49,2015-03-20,4.35,4.19,4.36,4.12,8159032
50,2015-03-23,4.22,4.29,4.31,4.17,6750747
51,2015-03-24,4.24,4.72,4.72,4.22,12883910
52,2015-03-25,4.64,4.55,4.67,4.5,7291954
53,2015-03-26,4.55,4.34,4.55,4.31,5644721
54,2015-03-27,4.31,4.36,4.4,4.26,3574433
55,2015-04-14,4.8,4.8,4.8,4.8,155915
56,2015-04-15,5.28,5.28,5.28,5.28,289084
57,2015-04-16,5.37,5.46,5.76,4.96,12391999
58,2015-04-17,5.56,5.89,6.0,5.38,10159655
59,2015-04-20,5.8,6.11,6.33,5.53,10150068
60,2015-04-21,6.0,6.1,6.25,5.9,5870293
61,2015-04-22,6.17,6.14,6.3,6.1,5845392
62,2015-04-23,6.15,6.04,6.17,6.01,5072825
63,2015-04-24,5.97,6.09,6.15,5.89,5421546
64,2015-04-27,6.17,6.16,6.32,6.04,6694171
65,2015-04-28,6.11,5.96,6.16,5.93,5310943
66,2015-04-29,5.9,5.85,5.94,5.71,3321152
67,2015-04-30,5.9,5.96,6.14,5.87,4810266
68,2015-05-04,5.96,5.86,5.98,5.76,3234540
69,2015-05-05,5.86,5.48,5.88,5.39,4142203
70,2015-05-06,5.45,5.18,5.57,5.08,3763177
71,2015-05-07,5.12,4.8,5.12,4.8,3612084
72,2015-05-08,4.85,5.28,5.28,4.85,6471798
73,2015-05-11,5.3,5.55,5.74,5.29,5707551
74,2015-05-12,5.55,5.54,5.6,5.35,3642732
75,2015-05-13,5.48,5.42,5.57,5.38,2954796
76,2015-05-14,5.38,5.45,5.48,5.26,2944502
77,2015-05-15,5.47,5.23,5.47,5.2,2192992
78,2015-05-18,5.16,5.1,5.23,5.04,1763649
79,2015-05-19,5.1,5.3,5.37,5.08,2508113
80,2015-05-20,5.37,5.36,5.57,5.31,3444286
81,2015-05-21,5.35,5.42,5.5,5.26,2811952
82,2015-05-22,5.43,5.6,5.64,5.4,4564146
83,2015-05-25,5.6,5.85,5.95,5.6,5241032
84,2015-05-26,5.9,5.87,5.96,5.65,5767327
85,2015-05-27,5.89,6.03,6.19,5.85,6797284
86,2015-05-28,6.0,5.48,6.02,5.45,5902627
87,2015-05-29,5.48,5.38,5.58,5.08,3567076
88,2015-06-01,5.38,5.61,5.64,5.33,3212089
89,2015-06-02,5.61,5.68,5.72,5.53,3398292
90,2015-06-03,5.65,5.72,5.77,5.54,3967500
91,2015-06-04,5.75,5.77,5.85,5.35,4232593
92,2015-06-05,5.88,5.95,5.99,5.77,6050883
93,2015-06-08,6.02,6.55,6.55,6.02,9020768
94,2015-06-09,6.71,6.43,6.71,6.25,9978789
95,2015-06-10,6.23,6.57,6.86,6.13,8326695
96,2015-06-11,6.46,6.44,6.64,6.4,4810324
97,2015-06-12,6.45,6.35,6.5,6.25,4611018
98,2015-06-15,6.37,6.47,6.65,6.33,6355030
99,2015-06-16,6.38,6.5,6.7,6.28,6810821
100,2015-06-17,6.4,6.37,6.49,6.01,5235759
101,2015-06-18,6.37,6.59,7.01,6.27,9508258
102,2015-06-19,6.2,5.95,6.51,5.93,6130855
103,2015-06-23,5.95,6.32,6.49,5.59,6030249
104,2015-06-24,6.32,6.87,6.95,6.28,11649857
105,2015-06-25,6.8,6.51,6.82,6.37,7810208
106,2015-06-26,6.22,5.94,6.42,5.86,6209811
107,2015-06-29,6.1,6.14,6.34,5.42,7367060
108,2015-06-30,6.11,6.39,6.44,5.61,7251348
109,2015-07-01,6.2,5.87,6.34,5.8,5342723
110,2015-07-02,5.9,5.28,5.97,5.28,4992675
111,2015-07-03,4.92,4.75,5.24,4.75,5096313
112,2015-07-06,5.22,4.86,5.22,4.36,5311559
113,2015-07-07,4.8,4.77,4.99,4.46,5127121
114,2015-07-08,4.32,4.29,4.5,4.29,3029192
115,2015-07-10,4.72,4.72,4.72,4.72,931880
116,2015-07-13,5.19,5.19,5.19,4.92,5828840
117,2015-07-14,5.25,5.24,5.62,5.05,6216123
118,2015-07-15,5.14,4.75,5.19,4.73,3864098
119,2015-07-16,4.75,5.06,5.18,4.75,4182340
120,2015-07-17,5.09,5.3,5.37,5.06,5120558
121,2015-07-20,5.31,5.31,5.47,5.2,4524346
122,2015-07-21,5.24,5.67,5.79,5.14,6854510
123,2015-07-22,5.5,5.49,5.68,5.4,5345402
124,2015-07-23,5.51,5.73,5.95,5.51,6377298
125,2015-07-24,5.73,5.53,5.77,5.47,4942580
126,2015-07-27,5.4,5.08,5.68,5.01,4600491
127,2015-07-28,4.91,5.35,5.45,4.72,5706962
128,2015-07-29,5.35,5.57,5.59,5.3,4365559
129,2015-07-30,5.5,5.26,5.56,5.21,3433889
130,2015-07-31,5.2,5.3,5.35,5.16,2191131
131,2015-08-03,5.29,5.41,5.45,5.17,2862438
132,2015-08-04,5.49,5.75,5.8,5.42,5180821
133,2015-08-05,5.76,5.5,5.76,5.45,4186445
134,2015-08-06,5.35,5.38,5.52,5.3,1897339
135,2015-08-07,5.45,5.48,5.59,5.28,2395734
136,2015-08-10,5.54,5.68,5.74,5.5,4503913
137,2015-08-11,5.61,5.48,5.65,5.22,5637105
138,2015-08-12,5.25,5.3,5.38,5.2,4075909
139,2015-08-13,5.28,5.42,5.43,5.24,2862789
140,2015-08-14,5.43,5.34,5.44,5.32,2704636
141,2015-08-17,5.37,5.53,5.55,5.26,3487228
142,2015-08-18,5.49,5.08,5.49,5.01,3451763
143,2015-08-19,5.0,5.25,5.31,4.95,2486135
144,2015-08-20,5.25,5.08,5.26,5.05,1492476
145,2015-08-21,5.0,4.84,5.08,4.81,1802590
146,2015-08-24,4.67,4.36,4.68,4.36,1820137
147,2015-08-25,3.92,3.92,4.1,3.92,3830561
148,2015-08-26,3.94,3.59,4.05,3.55,3082105
149,2015-08-27,3.62,3.72,3.8,3.45,2221192
150,2015-08-28,3.75,3.96,4.0,3.64,3036980
151,2015-08-31,3.88,3.9,3.95,3.77,2123873
152,2015-09-01,3.84,3.98,4.16,3.66,2932865
153,2015-09-02,3.83,4.07,4.2,3.78,3233948
154,2015-09-07,4.08,4.02,4.24,3.99,1709404
155,2015-09-08,3.99,4.07,4.1,3.89,1238791
156,2015-09-09,4.08,4.15,4.18,4.05,1726341
157,2015-09-10,4.08,4.04,4.16,4.01,1024706
158,2015-09-11,4.03,4.05,4.09,3.98,753719
159,2015-09-14,4.08,4.01,4.1,3.74,1605897
160,2015-09-15,3.88,3.8,3.97,3.77,956881
161,2015-09-16,3.8,4.06,4.13,3.77,1241682
162,2015-09-17,4.0,3.91,4.06,3.9,1190537
163,2015-09-18,3.94,3.9,3.96,3.86,603729
164,2015-09-21,3.87,3.97,3.99,3.83,732713
165,2015-09-22,3.97,4.03,4.1,3.93,1368243
166,2015-09-23,3.96,3.89,3.98,3.88,876209
167,2015-09-24,3.93,3.91,3.95,3.89,443539
168,2015-09-25,3.91,3.82,3.92,3.8,606729
169,2015-09-28,3.82,3.84,3.85,3.78,326826
170,2015-09-29,3.8,3.75,3.81,3.73,387180
171,2015-09-30,3.76,3.79,3.83,3.76,405405
172,2015-10-08,3.87,3.87,3.9,3.83,701421
173,2015-10-09,3.86,3.92,3.99,3.84,911295
174,2015-10-12,3.9,4.06,4.09,3.89,1990157
175,2015-10-13,4.04,4.07,4.14,4.01,1416147
176,2015-10-14,4.02,3.96,4.07,3.95,1191276
177,2015-10-15,3.94,4.04,4.04,3.94,1161538
178,2015-10-16,4.08,4.13,4.23,4.06,2273011
179,2015-10-19,4.19,4.19,4.23,4.11,2109469
180,2015-10-20,4.2,4.19,4.21,4.13,1396570
181,2015-10-21,4.23,3.97,4.25,3.92,2065735
182,2015-10-22,4.03,4.17,4.2,4.0,1882494
183,2015-10-23,4.13,4.14,4.17,4.03,1683128
184,2015-10-26,4.19,4.1,4.22,4.06,1576722
185,2015-10-27,4.09,4.06,4.09,3.98,1184044
186,2015-10-28,4.06,4.03,4.11,4.02,877595
187,2015-10-29,4.03,4.03,4.05,3.99,836896
188,2015-10-30,4.03,4.0,4.03,3.97,673807
189,2015-11-02,3.96,3.92,3.98,3.91,715090
190,2015-11-03,3.92,3.93,3.97,3.91,440787
191,2015-11-04,3.94,4.06,4.06,3.93,1210465
192,2015-11-05,4.06,4.24,4.47,4.03,4914375
193,2015-11-06,4.18,4.25,4.27,4.15,2977610
194,2015-11-09,4.22,4.28,4.37,4.19,3072720
195,2015-11-10,4.26,4.23,4.28,4.2,1806897
196,2015-11-11,4.23,4.23,4.26,4.18,1264693
197,2015-11-12,4.25,4.21,4.27,4.2,1504151
198,2015-11-13,4.18,4.17,4.24,4.14,1577189
199,2015-11-16,4.06,4.12,4.12,4.04,1082786
200,2015-11-17,4.15,4.12,4.23,4.11,1555703
201,2015-11-18,4.14,4.08,4.15,4.06,847813
202,2015-11-19,4.08,4.11,4.11,4.05,968376
203,2015-11-20,4.11,4.1,4.11,4.07,1011360
204,2015-11-23,4.08,4.06,4.09,4.04,1247872
205,2015-11-24,4.07,4.04,4.07,3.98,920059
206,2015-11-25,4.02,4.06,4.06,4.0,843286
207,2015-11-26,4.05,4.02,4.07,4.01,956518
208,2015-11-27,4.01,3.81,4.01,3.76,1981556
209,2015-11-30,3.82,3.79,3.84,3.65,1185255
210,2015-12-01,3.8,3.84,3.86,3.77,857171
211,2015-12-02,3.85,3.93,3.93,3.8,1059372
212,2015-12-03,3.96,3.95,3.98,3.92,932812
213,2015-12-04,3.91,3.88,3.92,3.85,853476
214,2015-12-07,3.89,3.91,3.91,3.86,584231
215,2015-12-08,3.98,3.96,4.14,3.95,2367873
216,2015-12-09,3.92,3.88,4.03,3.83,1500745
217,2015-12-10,3.87,3.83,3.89,3.81,833206
218,2015-12-11,3.83,3.81,3.83,3.78,566302
219,2015-12-14,3.79,3.88,3.88,3.76,735890
220,2015-12-15,3.88,3.85,3.89,3.83,637060
221,2015-12-16,3.84,3.83,3.86,3.83,495824
222,2015-12-17,3.85,3.91,3.92,3.84,1189496
223,2015-12-18,3.91,4.01,4.17,3.9,2968576
224,2015-12-21,3.99,4.05,4.12,3.96,1819974
225,2015-12-22,4.06,4.04,4.07,3.99,1198975
226,2015-12-23,4.04,4.0,4.04,4.0,1006866
227,2015-12-24,4.0,3.94,4.0,3.91,860351
228,2015-12-25,3.94,3.96,3.98,3.93,487657
229,2015-12-28,3.96,3.9,4.0,3.89,840337
230,2015-12-29,3.9,3.94,3.94,3.88,519737
231,2015-12-30,3.94,3.93,3.94,3.89,530688
232,2015-12-31,3.93,3.89,3.93,3.88,463106
233,2016-01-04,3.88,3.62,3.89,3.61,919708
234,2016-01-05,3.52,3.64,3.69,3.52,1079262
235,2016-01-06,3.64,3.76,3.76,3.64,791729
236,2016-01-07,3.73,3.53,3.8,3.51,318137
237,2016-01-08,3.6,3.7,3.76,3.46,1635734
238,2016-01-11,3.65,3.74,3.92,3.61,2505421
239,2016-01-12,3.88,3.73,3.89,3.62,1869355
240,2016-01-13,3.73,3.6,3.75,3.59,1054038
241,2016-01-14,3.51,3.6,3.62,3.48,1094271
242,2016-01-15,3.58,3.38,3.59,3.33,1109681
243,2016-01-18,3.29,3.37,3.48,3.26,733775
244,2016-01-19,3.37,3.45,3.45,3.33,826561
245,2016-01-20,3.45,3.55,3.7,3.42,1796970
246,2016-01-21,3.51,3.41,3.56,3.4,1042344
247,2016-01-22,3.43,3.41,3.45,3.34,665813
248,2016-01-25,3.42,3.41,3.43,3.39,474075
249,2016-01-26,3.4,3.18,3.43,3.15,940830
250,2016-01-27,3.18,3.05,3.22,2.93,1093119
251,2016-01-28,3.03,2.95,3.05,2.94,692903
252,2016-01-29,2.95,3.03,3.04,2.94,592528
253,2016-02-01,3.03,3.0,3.04,2.98,457752
254,2016-02-02,3.01,3.07,3.09,3.01,642120
255,2016-02-03,3.05,3.06,3.09,3.03,498422
256,2016-02-04,3.04,3.08,3.1,3.04,803744
257,2016-02-05,3.08,3.08,3.17,3.07,905613
258,2016-02-15,2.99,3.09,3.15,2.96,784667
259,2016-02-16,3.09,3.17,3.17,3.08,1060037
260,2016-02-17,3.18,3.18,3.18,3.12,928376
261,2016-02-18,3.17,3.15,3.18,3.14,674970
262,2016-02-19,3.15,3.13,3.15,3.11,452402
263,2016-02-22,3.16,3.19,3.24,3.14,1039260
264,2016-02-23,3.18,3.15,3.18,3.11,704525
265,2016-02-24,3.14,3.17,3.17,3.12,603908
266,2016-02-25,3.21,3.05,3.26,3.02,1834114
267,2016-02-26,3.06,3.07,3.1,3.02,643965
268,2016-02-29,3.07,3.01,3.08,2.93,786886
269,2016-03-01,3.01,3.06,3.06,2.99,518850
270,2016-03-02,3.06,3.15,3.17,3.03,1212047
271,2016-03-03,3.14,3.17,3.2,3.12,1325739
272,2016-03-04,3.14,3.18,3.19,3.12,1371898
273,2016-03-07,3.17,3.19,3.22,3.15,757557
274,2016-03-08,3.17,3.15,3.17,3.06,780071
275,2016-03-09,3.1,3.15,3.16,3.08,611676
276,2016-03-10,3.12,3.09,3.15,3.09,341496
277,2016-03-11,3.09,3.08,3.1,3.06,274869
278,2016-03-14,3.1,3.15,3.17,3.1,615178
279,2016-03-15,3.14,3.18,3.19,3.11,650736
280,2016-03-16,3.18,3.19,3.23,3.16,1055569
281,2016-03-17,3.18,3.2,3.22,3.16,637031
282,2016-03-18,3.2,3.22,3.25,3.19,1654295
283,2016-03-21,3.24,3.26,3.29,3.21,2207938
284,2016-03-22,3.25,3.21,3.25,3.21,814365
285,2016-03-23,3.2,3.22,3.23,3.18,559869
286,2016-03-24,3.23,3.22,3.27,3.21,1167929
287,2016-03-25,3.2,3.19,3.2,3.16,899310
288,2016-03-28,3.19,3.16,3.21,3.15,670573
289,2016-03-29,3.15,3.12,3.17,3.1,655745
290,2016-03-30,3.13,3.18,3.18,3.12,641844
291,2016-03-31,3.19,3.17,3.2,3.16,542456
292,2016-04-01,3.15,3.21,3.25,3.15,1042792
293,2016-04-05,3.21,3.24,3.25,3.17,1308366
294,2016-04-06,3.22,3.21,3.23,3.18,882099
295,2016-04-07,3.21,3.17,3.22,3.17,739180
296,2016-04-08,3.15,3.16,3.17,3.13,509820
297,2016-04-11,3.16,3.19,3.2,3.15,617081
298,2016-04-12,3.18,3.16,3.19,3.14,474686
299,2016-04-13,3.17,3.2,3.22,3.16,979059
300,2016-04-14,3.23,3.22,3.26,3.21,942440
301,2016-04-15,3.21,3.2,3.22,3.18,567084
302,2016-04-18,3.22,3.18,3.23,3.18,608134
303,2016-04-19,3.18,3.19,3.22,3.16,561785
304,2016-04-20,3.19,3.14,3.22,3.06,1245640
305,2016-04-21,3.12,3.09,3.13,3.09,484596
306,2016-04-22,3.09,3.09,3.12,3.07,291539
307,2016-04-25,3.09,3.07,3.1,3.06,245556
308,2016-04-26,3.07,3.09,3.09,3.06,275080
309,2016-04-27,3.09,3.08,3.1,3.07,270989
310,2016-04-28,3.08,3.06,3.08,3.03,362296
311,2016-04-29,3.07,3.07,3.08,3.05,280280
312,2016-05-03,3.08,3.12,3.13,3.06,581791
313,2016-05-04,3.13,3.32,3.35,3.12,3558673
314,2016-05-05,3.3,3.28,3.41,3.27,2653115
315,2016-05-06,3.3,3.24,3.38,3.22,2187635
316,2016-05-09,3.2,3.16,3.25,3.12,1608602
317,2016-05-10,3.17,3.2,3.26,3.13,1254503
318,2016-05-11,3.2,3.47,3.52,3.17,4881026
319,2016-05-12,3.38,3.39,3.47,3.33,2992678
320,2016-05-13,3.37,3.4,3.41,3.33,1387890
321,2016-05-16,3.38,3.4,3.41,3.33,1056794
322,2016-05-17,3.39,3.29,3.39,3.28,1172210
323,2016-05-18,3.3,3.22,3.34,3.17,1673249
324,2016-05-19,3.21,3.22,3.26,3.2,1025722
325,2016-05-20,3.19,3.22,3.22,3.16,806338
326,2016-05-23,3.22,3.25,3.28,3.2,1050320
327,2016-05-24,3.25,3.21,3.25,3.19,834479
328,2016-05-25,3.23,3.16,3.23,3.13,1167796
329,2016-05-26,3.15,3.13,3.17,3.1,821642
330,2016-05-27,3.14,3.16,3.17,3.12,469780
331,2016-05-30,3.15,3.11,3.15,3.07,577469
332,2016-05-31,3.11,3.21,3.22,3.1,946406
333,2016-06-01,3.21,3.21,3.25,3.2,841822
334,2016-06-02,3.22,3.24,3.28,3.2,783868
335,2016-06-03,3.23,3.24,3.25,3.21,775018
336,2016-06-06,3.26,3.27,3.34,3.25,947149
337,2016-06-07,3.25,3.23,3.26,3.21,528074
338,2016-06-08,3.23,3.2,3.23,3.18,581138
339,2016-06-13,3.17,3.11,3.19,3.11,635966
340,2016-06-14,3.1,3.14,3.14,3.09,480482
341,2016-06-15,3.12,3.18,3.21,3.11,757016
342,2016-06-16,3.17,3.15,3.22,3.14,602497
343,2016-06-17,3.16,3.18,3.22,3.15,827615
344,2016-06-20,3.16,3.15,3.17,3.12,605236
345,2016-06-21,3.16,3.15,3.18,3.14,619126
346,2016-06-22,3.15,3.16,3.17,3.14,327289
347,2016-06-23,3.17,3.14,3.17,3.12,462014
348,2016-06-24,3.15,3.11,3.15,3.08,715396
349,2016-06-27,3.1,3.14,3.14,3.1,411640
350,2016-06-28,3.13,3.14,3.14,3.11,623979
351,2016-06-29,3.14,3.18,3.19,3.13,800973
352,2016-06-30,3.19,3.17,3.19,3.15,515789
353,2016-07-01,3.17,3.18,3.18,3.16,345570
354,2016-07-04,3.17,3.22,3.23,3.16,1015506
355,2016-07-05,3.22,3.28,3.32,3.21,1860321
356,2016-07-06,3.27,3.25,3.28,3.22,901659
357,2016-07-07,3.23,3.27,3.3,3.23,1005233
358,2016-07-08,3.28,3.24,3.3,3.24,944892
359,2016-07-11,3.25,3.26,3.29,3.23,1031965
360,2016-07-12,3.25,3.53,3.58,3.24,4166913
361,2016-07-13,3.48,3.4,3.49,3.38,2518754
362,2016-07-14,3.41,3.39,3.42,3.36,1139484
363,2016-07-15,3.39,3.41,3.41,3.37,769527
364,2016-07-18,3.39,3.42,3.44,3.37,1101749
365,2016-07-19,3.41,3.38,3.42,3.35,802103
366,2016-07-20,3.37,3.38,3.39,3.36,429718
367,2016-07-21,3.38,3.38,3.41,3.36,800186
368,2016-07-22,3.39,3.34,3.39,3.32,649758
369,2016-07-25,3.33,3.34,3.36,3.32,371680
370,2016-07-26,3.34,3.41,3.42,3.33,1014696
371,2016-07-27,3.42,3.35,3.43,3.28,1518106
372,2016-07-28,3.34,3.39,3.49,3.31,1599267
373,2016-07-29,3.39,3.38,3.44,3.37,1031100
374,2016-08-01,3.37,3.36,3.38,3.31,766039
375,2016-08-02,3.37,3.37,3.39,3.34,475784
376,2016-08-03,3.38,3.42,3.44,3.37,1113947
377,2016-08-04,3.39,3.4,3.41,3.37,743131
378,2016-08-05,3.4,3.37,3.4,3.36,668285
379,2016-08-08,3.35,3.38,3.38,3.34,596561
380,2016-08-09,3.37,3.39,3.39,3.35,570024
381,2016-08-10,3.39,3.36,3.39,3.35,600326
382,2016-08-11,3.37,3.35,3.38,3.35,406906
383,2016-08-12,3.34,3.39,3.39,3.34,564166
384,2016-08-15,3.39,3.51,3.52,3.38,2507007
385,2016-08-16,3.52,3.5,3.53,3.47,1527811
386,2016-08-17,3.5,3.47,3.5,3.45,972504
387,2016-08-18,3.46,3.47,3.5,3.46,740871
388,2016-08-19,3.46,3.45,3.47,3.42,572350
389,2016-08-22,3.45,3.45,3.46,3.43,336248
390,2016-08-23,3.45,3.44,3.46,3.41,569889
391,2016-08-24,3.44,3.45,3.45,3.41,411328
392,2016-08-25,3.44,3.4,3.45,3.37,698977
393,2016-08-26,3.41,3.4,3.43,3.39,367259
394,2016-08-29,3.4,3.41,3.42,3.38,312237
395,2016-08-30,3.39,3.35,3.39,3.34,731984
396,2016-08-31,3.35,3.36,3.36,3.33,429966
397,2016-09-01,3.36,3.33,3.37,3.33,421221
398,2016-09-02,3.34,3.35,3.36,3.33,413869
399,2016-09-05,3.35,3.35,3.36,3.33,399517
400,2016-09-06,3.34,3.36,3.36,3.32,520312
401,2016-09-07,3.36,3.36,3.39,3.34,709703
402,2016-09-08,3.36,3.34,3.36,3.33,832905
403,2016-09-09,3.34,3.29,3.35,3.29,846618
404,2016-09-12,3.27,3.25,3.27,3.2,1052949
405,2016-09-13,3.25,3.23,3.26,3.21,568319
406,2016-09-14,3.21,3.22,3.23,3.2,409062
407,2016-09-19,3.22,3.24,3.24,3.22,266368
408,2016-09-20,3.24,3.23,3.24,3.22,165912
409,2016-09-21,3.22,3.23,3.24,3.22,209915
410,2016-09-22,3.23,3.25,3.27,3.23,517782
411,2016-09-23,3.24,3.23,3.25,3.22,306315
412,2016-09-26,3.23,3.19,3.23,3.18,388278
413,2016-09-27,3.18,3.19,3.2,3.17,330101
414,2016-09-28,3.19,3.22,3.23,3.18,463116
415,2016-09-29,3.2,3.2,3.22,3.19,252111
416,2016-09-30,3.2,3.2,3.21,3.19,205625
417,2016-10-10,3.21,3.23,3.23,3.2,375324
418,2016-10-11,3.23,3.23,3.24,3.22,403001
419,2016-10-12,3.22,3.22,3.23,3.21,233689
420,2016-10-13,3.22,3.22,3.23,3.21,279682
421,2016-10-14,3.21,3.28,3.29,3.2,888118
422,2016-10-17,3.26,3.23,3.27,3.21,522574
423,2016-10-18,3.23,3.26,3.26,3.21,405328
424,2016-10-19,3.25,3.27,3.31,3.24,787817
425,2016-10-20,3.26,3.26,3.27,3.24,532649
426,2016-10-21,3.26,3.24,3.27,3.22,577077
427,2016-10-24,3.23,3.26,3.27,3.22,694303
428,2016-10-25,3.26,3.27,3.27,3.25,502366
429,2016-10-26,3.27,3.24,3.27,3.23,453861
430,2016-10-27,3.25,3.24,3.25,3.22,306460
431,2016-10-28,3.24,3.21,3.25,3.2,605269
432,2016-10-31,3.22,3.22,3.23,3.2,502569
433,2016-11-01,3.23,3.23,3.23,3.21,563671
434,2016-11-02,3.22,3.21,3.24,3.2,768673
435,2016-11-03,3.22,3.24,3.26,3.2,1101782
436,2016-11-04,3.23,3.22,3.24,3.2,808753
437,2016-11-07,3.21,3.21,3.22,3.2,654081
438,2016-11-08,3.22,3.22,3.23,3.2,744056
439,2016-11-09,3.21,3.21,3.22,3.19,1019162
440,2016-11-10,3.21,3.26,3.26,3.21,1291093
441,2016-11-11,3.24,3.27,3.27,3.23,1498158
442,2016-11-14,3.27,3.32,3.35,3.26,2128345
443,2016-11-15,3.31,3.31,3.35,3.3,1478726
444,2016-11-16,3.3,3.37,3.4,3.28,2209055
445,2016-11-17,3.36,3.37,3.38,3.33,1588500
446,2016-11-18,3.36,3.31,3.37,3.3,1120442
447,2016-11-21,3.31,3.32,3.34,3.29,813558
448,2016-11-22,3.32,3.34,3.34,3.31,962136
449,2016-11-23,3.34,3.33,3.36,3.31,1039198
450,2016-11-24,3.32,3.33,3.35,3.31,890519
451,2016-11-25,3.32,3.35,3.35,3.31,1016468
452,2016-11-28,3.36,3.39,3.4,3.35,1520954
453,2016-11-29,3.38,3.41,3.45,3.36,2029523
454,2016-11-30,3.4,3.37,3.42,3.35,1264477
455,2016-12-01,3.35,3.38,3.4,3.34,1168627
456,2016-12-02,3.38,3.37,3.42,3.35,1524515
457,2016-12-05,3.33,3.37,3.39,3.32,1072925
458,2016-12-06,3.36,3.33,3.37,3.32,820011
459,2016-12-07,3.33,3.34,3.34,3.31,571829
460,2016-12-08,3.33,3.33,3.35,3.32,449546
461,2016-12-09,3.32,3.33,3.34,3.31,563699
462,2016-12-12,3.33,3.27,3.33,3.24,1127920
463,2016-12-13,3.26,3.26,3.27,3.23,517541
464,2016-12-14,3.25,3.23,3.26,3.22,514355
465,2016-12-15,3.22,3.22,3.25,3.21,497257
466,2016-12-16,3.23,3.23,3.24,3.21,276353
467,2016-12-19,3.23,3.23,3.25,3.22,403487
468,2016-12-20,3.23,3.23,3.24,3.21,432662
469,2016-12-21,3.23,3.34,3.39,3.22,2180035
470,2016-12-22,3.31,3.3,3.34,3.28,1097998
471,2016-12-23,3.29,3.28,3.3,3.26,811694
472,2016-12-26,3.26,3.26,3.27,3.22,583425
473,2016-12-27,3.25,3.25,3.26,3.24,286298
474,2016-12-28,3.25,3.26,3.27,3.24,384147
475,2016-12-29,3.24,3.26,3.26,3.24,278644
476,2016-12-30,3.25,3.26,3.27,3.24,342986
477,2017-01-03,3.25,3.28,3.28,3.25,299780
478,2017-01-04,3.27,3.29,3.29,3.27,463416
479,2017-01-05,3.29,3.3,3.3,3.28,513143
480,2017-01-06,3.3,3.27,3.3,3.27,393297
481,2017-01-09,3.27,3.29,3.31,3.25,660515
482,2017-01-10,3.29,3.35,3.47,3.27,2393651
483,2017-01-11,3.32,3.29,3.33,3.28,1162548
484,2017-01-12,3.28,3.29,3.3,3.28,491098
485,2017-01-13,3.28,3.29,3.31,3.27,628864
486,2017-01-16,3.29,3.31,3.33,3.25,1524834
487,2017-01-17,3.3,3.3,3.31,3.28,361158
488,2017-01-18,3.3,3.32,3.33,3.29,561640
489,2017-01-19,3.31,3.33,3.35,3.3,638625
490,2017-01-20,3.32,3.34,3.35,3.31,595351
491,2017-01-23,3.34,3.34,3.36,3.33,684921
492,2017-01-24,3.34,3.33,3.34,3.32,470472
493,2017-01-25,3.33,3.35,3.35,3.32,421994
494,2017-01-26,3.35,3.34,3.35,3.33,512801
495,2017-02-03,3.33,3.32,3.34,3.31,325774
496,2017-02-06,3.32,3.33,3.33,3.31,421356
497,2017-02-07,3.32,3.32,3.33,3.31,285773
498,2017-02-08,3.32,3.34,3.34,3.3,565324
499,2017-02-09,3.34,3.35,3.39,3.33,2287462
500,2017-02-10,3.34,3.36,3.37,3.33,1482274
501,2017-02-13,3.35,3.39,3.4,3.35,1454123
502,2017-02-14,3.39,3.38,3.4,3.36,926789
503,2017-02-15,3.38,3.39,3.45,3.37,2262413
504,2017-02-16,3.38,3.42,3.44,3.36,1465450
505,2017-02-17,3.41,3.38,3.43,3.37,1158810
506,2017-02-20,3.38,3.45,3.45,3.38,1735209
507,2017-02-21,3.45,3.44,3.48,3.42,1207247
508,2017-02-22,3.43,3.43,3.45,3.41,831101
509,2017-02-23,3.42,3.41,3.45,3.4,919427
510,2017-02-24,3.41,3.49,3.53,3.39,2541811
511,2017-02-27,3.44,3.41,3.45,3.4,1352283
512,2017-02-28,3.4,3.41,3.42,3.39,555993
513,2017-03-01,3.41,3.42,3.46,3.4,982566
514,2017-03-02,3.42,3.39,3.43,3.39,687816
515,2017-03-03,3.39,3.39,3.39,3.36,722323
516,2017-03-06,3.38,3.4,3.41,3.37,553190
517,2017-03-07,3.4,3.38,3.41,3.37,576461
518,2017-03-08,3.38,3.39,3.41,3.37,601708
519,2017-03-09,3.39,3.38,3.41,3.36,660597
520,2017-03-10,3.38,3.38,3.41,3.37,651454
521,2017-03-13,3.38,3.4,3.4,3.35,715938
522,2017-03-14,3.39,3.39,3.41,3.38,575224
523,2017-03-15,3.39,3.41,3.43,3.38,921148
524,2017-03-16,3.41,3.42,3.43,3.4,861353
525,2017-03-17,3.42,3.38,3.43,3.37,731971
526,2017-03-20,3.38,3.38,3.39,3.36,408264
527,2017-03-21,3.37,3.38,3.39,3.37,367148
528,2017-03-22,3.37,3.39,3.4,3.36,749749
529,2017-03-23,3.39,3.42,3.44,3.39,1343765
530,2017-03-24,3.42,3.44,3.46,3.41,1591420
531,2017-03-27,3.45,3.44,3.46,3.43,899769
532,2017-03-28,3.45,3.41,3.45,3.4,706103
533,2017-03-29,3.38,3.44,3.47,3.37,2006820
534,2017-03-30,3.42,3.41,3.43,3.38,1303403
535,2017-03-31,3.4,3.45,3.48,3.38,1688254
536,2017-04-05,3.42,3.46,3.46,3.41,1235138
537,2017-04-06,3.45,3.47,3.48,3.43,1311710
538,2017-04-07,3.46,3.44,3.53,3.43,2612680
539,2017-04-10,3.42,3.45,3.48,3.4,1604855
540,2017-04-11,3.43,3.44,3.45,3.4,1092937
541,2017-04-12,3.44,3.43,3.45,3.41,928392
542,2017-04-13,3.43,3.51,3.59,3.42,2455450
543,2017-04-14,3.53,3.46,3.53,3.44,1780508
544,2017-04-17,3.45,3.44,3.46,3.41,817256
545,2017-04-18,3.43,3.41,3.46,3.4,588378
546,2017-04-19,3.4,3.4,3.41,3.35,960598
547,2017-04-20,3.39,3.39,3.4,3.35,670982
548,2017-04-21,3.38,3.4,3.41,3.36,651748
549,2017-04-24,3.39,3.39,3.4,3.33,1088810
550,2017-04-25,3.37,3.37,3.38,3.35,460299
551,2017-04-26,3.37,3.34,3.37,3.33,469978
552,2017-04-27,3.34,3.33,3.34,3.28,792621
553,2017-04-28,3.32,3.34,3.34,3.31,379850
554,2017-05-02,3.32,3.32,3.33,3.3,402303
555,2017-05-03,3.31,3.31,3.33,3.3,410497
556,2017-05-04,3.3,3.27,3.31,3.26,511202
557,2017-05-05,3.29,3.26,3.3,3.26,550116
558,2017-05-08,3.25,3.25,3.26,3.24,391193
559,2017-05-09,3.24,3.26,3.27,3.23,356237
560,2017-05-10,3.26,3.21,3.26,3.21,483188
561,2017-05-11,3.21,3.19,3.21,3.13,585026
562,2017-05-12,3.18,3.2,3.21,3.17,394983
563,2017-05-15,3.2,3.19,3.22,3.18,398415
564,2017-05-16,3.19,3.23,3.23,3.17,420243
565,2017-05-17,3.22,3.23,3.25,3.22,370712
566,2017-05-18,3.22,3.19,3.23,3.18,309449
567,2017-05-19,3.19,3.17,3.2,3.16,501682
568,2017-05-22,3.18,3.17,3.19,3.16,290026
569,2017-05-23,3.17,3.15,3.18,3.15,265001
570,2017-05-24,3.15,3.15,3.16,3.13,301218
571,2017-05-25,3.15,3.2,3.2,3.13,576212
572,2017-05-26,3.2,3.23,3.28,3.19,746865
573,2017-05-31,3.24,3.23,3.26,3.22,396553
574,2017-06-01,3.24,3.25,3.27,3.23,614645
575,2017-06-02,3.25,3.24,3.25,3.21,495830
576,2017-06-05,3.24,3.26,3.26,3.22,417294
577,2017-06-06,3.25,3.25,3.26,3.23,255189
578,2017-06-07,3.21,3.22,3.23,3.2,521562
579,2017-06-08,3.23,3.24,3.27,3.23,947911
580,2017-06-09,3.24,3.26,3.26,3.23,563337
581,2017-06-12,3.26,3.24,3.26,3.23,422192
582,2017-06-13,3.24,3.24,3.25,3.22,368950
583,2017-06-14,3.24,3.24,3.25,3.23,272738
584,2017-06-15,3.24,3.25,3.25,3.23,253655
585,2017-06-16,3.24,3.24,3.25,3.23,179844
586,2017-06-19,3.23,3.25,3.25,3.23,494096
587,2017-06-20,3.24,3.23,3.25,3.22,311256
588,2017-06-21,3.24,3.24,3.25,3.22,327653
589,2017-06-22,3.24,3.24,3.28,3.23,872854
590,2017-06-23,3.23,3.22,3.23,3.19,626939
591,2017-06-26,3.21,3.24,3.24,3.2,554955
592,2017-06-27,3.24,3.24,3.24,3.22,349331
593,2017-06-28,3.23,3.22,3.23,3.21,341689
594,2017-06-29,3.22,3.21,3.23,3.2,388032
595,2017-06-30,3.21,3.22,3.22,3.2,311846
596,2017-07-03,3.21,3.23,3.23,3.21,334154
597,2017-07-04,3.22,3.22,3.23,3.21,208855
598,2017-07-05,3.21,3.22,3.23,3.21,391536
599,2017-07-06,3.23,3.23,3.23,3.2,572612
600,2017-07-07,3.22,3.23,3.24,3.21,483556
601,2017-07-10,3.23,3.24,3.26,3.22,700593
602,2017-07-11,3.24,3.25,3.26,3.22,564539
603,2017-07-12,3.24,3.23,3.25,3.22,345333
604,2017-07-13,3.23,3.25,3.26,3.22,456579
605,2017-07-14,3.24,3.26,3.27,3.23,523434
606,2017-07-17,3.26,3.22,3.26,3.21,825064
607,2017-07-18,3.21,3.23,3.23,3.2,444103
608,2017-07-19,3.22,3.27,3.29,3.21,1121770
609,2017-07-20,3.27,3.27,3.28,3.25,717621
610,2017-07-21,3.26,3.31,3.32,3.25,1229549
611,2017-07-24,3.3,3.32,3.35,3.29,984057
612,2017-07-25,3.32,3.28,3.33,3.27,662183
613,2017-07-26,3.28,3.27,3.31,3.26,621794
614,2017-07-27,3.27,3.28,3.28,3.25,452361
615,2017-07-28,3.27,3.26,3.28,3.25,353081
616,2017-07-31,3.26,3.28,3.28,3.25,462937
617,2017-08-01,3.28,3.29,3.3,3.26,599832
618,2017-08-02,3.28,3.29,3.3,3.28,596651
619,2017-08-03,3.29,3.27,3.29,3.25,531732
620,2017-08-04,3.27,3.29,3.31,3.26,779347
621,2017-08-07,3.28,3.3,3.31,3.27,515616
622,2017-08-08,3.29,3.32,3.33,3.29,811054
623,2017-08-09,3.32,3.31,3.32,3.29,417480
624,2017-08-10,3.31,3.34,3.39,3.31,1424105
625,2017-08-11,3.33,3.28,3.33,3.27,983755
626,2017-08-14,3.27,3.3,3.31,3.27,505654
627,2017-08-15,3.3,3.28,3.3,3.28,359000
628,2017-08-16,3.28,3.3,3.31,3.27,511481
629,2017-08-17,3.3,3.31,3.33,3.29,667762
630,2017-08-18,3.3,3.3,3.31,3.28,535307
631,2017-08-21,3.3,3.3,3.32,3.29,504687
632,2017-08-22,3.3,3.28,3.3,3.28,419821
633,2017-08-23,3.28,3.29,3.3,3.27,418617
634,2017-08-24,3.28,3.26,3.29,3.26,332394
635,2017-08-25,3.27,3.29,3.3,3.26,394293
636,2017-08-28,3.28,3.31,3.31,3.27,818472
637,2017-08-29,3.31,3.3,3.33,3.29,694855
638,2017-08-30,3.3,3.33,3.38,3.29,1756634
639,2017-08-31,3.31,3.3,3.32,3.28,931756
640,2017-09-01,3.29,3.31,3.31,3.29,534930
641,2017-09-04,3.3,3.31,3.34,3.29,645167
642,2017-09-05,3.32,3.32,3.33,3.31,693812
643,2017-09-06,3.32,3.31,3.32,3.29,581360
644,2017-09-07,3.31,3.29,3.31,3.28,480184
645,2017-09-08,3.29,3.32,3.33,3.29,959097
646,2017-09-11,3.31,3.31,3.33,3.3,639712
647,2017-09-12,3.31,3.3,3.31,3.29,497069
648,2017-09-13,3.3,3.3,3.31,3.29,252332
649,2017-09-14,3.3,3.32,3.35,3.29,810499
650,2017-09-15,3.31,3.31,3.32,3.29,503215
651,2017-09-18,3.3,3.3,3.31,3.3,237429
652,2017-09-19,3.3,3.29,3.31,3.29,359313
653,2017-09-20,3.3,3.3,3.31,3.29,289188
654,2017-09-21,3.3,3.29,3.31,3.29,265710
655,2017-09-22,3.29,3.29,3.3,3.26,648434
656,2017-09-25,3.28,3.25,3.29,3.25,490289
657,2017-09-26,3.26,3.25,3.26,3.24,272892
658,2017-09-27,3.25,3.24,3.25,3.24,196028
659,2017-09-28,3.24,3.24,3.25,3.23,218591
660,2017-09-29,3.23,3.25,3.25,3.23,358153
661,2017-10-09,3.26,3.26,3.28,3.25,432257
662,2017-10-10,3.26,3.27,3.27,3.25,263072
663,2017-10-11,3.27,3.29,3.32,3.26,902675
664,2017-10-12,3.28,3.27,3.29,3.26,426289
665,2017-10-13,3.27,3.28,3.29,3.26,242656
666,2017-10-16,3.28,3.27,3.29,3.26,284624
667,2017-10-17,3.26,3.26,3.27,3.25,232722
668,2017-10-18,3.26,3.26,3.27,3.25,293040
669,2017-10-19,3.25,3.25,3.26,3.23,361766
670,2017-10-20,3.23,3.25,3.25,3.23,176127
671,2017-10-23,3.26,3.24,3.26,3.24,272799
672,2017-10-24,3.24,3.26,3.26,3.23,256711
673,2017-10-25,3.25,3.26,3.26,3.24,217357
674,2017-10-26,3.25,3.25,3.26,3.24,320275
675,2017-10-27,3.25,3.26,3.28,3.23,584838
676,2017-10-30,3.25,3.21,3.25,3.21,538109
677,2017-10-31,3.21,3.23,3.23,3.21,281096
678,2017-11-01,3.23,3.27,3.3,3.22,1070990
679,2017-11-02,3.26,3.24,3.29,3.23,549114
680,2017-11-03,3.23,3.22,3.25,3.21,448427
681,2017-11-06,3.22,3.23,3.23,3.21,258659
682,2017-11-07,3.23,3.23,3.24,3.22,274186
683,2017-11-08,3.23,3.23,3.24,3.22,335696
684,2017-11-09,3.22,3.24,3.24,3.22,344921
685,2017-11-10,3.23,3.24,3.25,3.22,415230
686,2017-11-13,3.24,3.22,3.24,3.22,244304
687,2017-11-14,3.22,3.23,3.24,3.21,514912
688,2017-11-15,3.22,3.21,3.23,3.21,478733
689,2017-11-16,3.21,3.23,3.24,3.2,447068
690,2017-11-17,3.22,3.23,3.29,3.21,1060097
691,2017-11-20,3.22,3.17,3.22,3.11,789789
692,2017-11-21,3.16,3.16,3.17,3.15,376938
693,2017-11-22,3.16,3.24,3.24,3.16,896890
694,2017-11-23,3.22,3.17,3.23,3.17,515053
695,2017-11-24,3.17,3.22,3.23,3.16,634128
696,2017-11-27,3.21,3.16,3.21,3.15,484045
697,2017-11-28,3.16,3.17,3.18,3.16,241730
698,2017-11-29,3.17,3.21,3.21,3.16,406767
699,2017-11-30,3.2,3.19,3.23,3.18,387166
700,2017-12-01,3.18,3.18,3.19,3.16,315210
701,2017-12-04,3.18,3.19,3.21,3.16,354826
702,2017-12-05,3.18,3.17,3.19,3.16,287539
703,2017-12-06,3.17,3.17,3.18,3.15,332661
704,2017-12-07,3.17,3.18,3.2,3.16,463798
705,2017-12-08,3.18,3.19,3.2,3.16,518268
706,2017-12-11,3.19,3.2,3.21,3.18,304763
707,2017-12-12,3.2,3.18,3.2,3.16,260298
708,2017-12-13,3.17,3.2,3.23,3.15,666343
709,2017-12-14,3.2,3.18,3.2,3.17,332021
710,2017-12-15,3.18,3.16,3.18,3.15,284966
711,2017-12-18,3.16,3.14,3.17,3.13,322148
712,2017-12-19,3.14,3.17,3.17,3.14,218644
713,2017-12-20,3.16,3.18,3.24,3.13,1308704
714,2017-12-21,3.16,3.14,3.17,3.11,856770
715,2017-12-22,3.13,3.13,3.15,3.12,292808
716,2017-12-25,3.13,3.13,3.18,3.12,393606
717,2017-12-26,3.13,3.16,3.17,3.13,448778
718,2017-12-27,3.15,3.13,3.16,3.13,391731
719,2017-12-28,3.13,3.19,3.21,3.13,1135930
720,2017-12-29,3.18,3.19,3.2,3.17,254633
721,2018-01-02,3.19,3.19,3.2,3.17,354158
722,2018-01-03,3.18,3.24,3.26,3.17,1154909
723,2018-01-04,3.23,3.21,3.23,3.19,691971
724,2018-01-05,3.21,3.21,3.24,3.19,580895
725,2018-01-08,3.24,3.25,3.28,3.23,1019993
726,2018-01-09,3.24,3.25,3.26,3.22,539300
727,2018-07-20,2.91,2.91,2.91,2.91,172587
728,2018-07-23,2.62,2.62,2.62,2.62,420480
729,2018-07-24,2.5,2.6,2.67,2.49,2656890
730,2018-07-25,2.58,2.5,2.59,2.5,3280696
731,2018-07-26,2.52,2.52,2.54,2.49,2733684
732,2018-07-27,2.51,2.44,2.51,2.42,2137142
733,2018-07-30,2.43,2.45,2.48,2.42,1011349
734,2018-07-31,2.44,2.44,2.45,2.43,599682
735,2018-08-01,2.45,2.41,2.45,2.4,874133
736,2018-08-02,2.4,2.3,2.4,2.25,1504281
737,2018-08-03,2.28,2.25,2.29,2.24,789513
738,2018-08-06,2.26,2.22,2.27,2.2,659363
739,2018-08-07,2.22,2.25,2.26,2.19,690813
740,2018-08-08,2.25,2.25,2.28,2.23,693640
741,2018-08-09,2.23,2.27,2.28,2.23,749531
742,2018-08-10,2.26,2.26,2.27,2.24,511342
743,2018-08-13,2.24,2.24,2.24,2.21,467714
744,2018-08-14,2.23,2.25,2.25,2.22,360362
745,2018-08-15,2.25,2.21,2.25,2.21,386661
746,2018-08-16,2.2,2.19,2.23,2.16,594163
747,2018-08-17,2.2,2.16,2.21,2.15,506359
748,2018-08-20,2.16,2.14,2.17,2.11,577048
749,2018-08-21,2.14,2.16,2.18,2.13,579131
750,2018-08-22,2.16,2.14,2.17,2.14,315189
751,2018-08-23,2.14,2.14,2.15,2.12,337519
752,2018-08-24,2.13,2.15,2.17,2.12,512106
753,2018-08-27,2.18,2.19,2.2,2.17,1005718
754,2018-08-28,2.19,2.16,2.2,2.15,762942
755,2018-08-29,2.16,2.13,2.16,2.12,740225
756,2018-08-30,2.11,2.1,2.13,2.09,801338
757,2018-08-31,2.09,2.04,2.1,2.03,770113
758,2018-09-03,2.03,1.99,2.03,1.98,678396
759,2018-09-04,1.99,2.01,2.02,1.98,453956
760,2018-09-05,2.0,2.0,2.02,1.99,403516
761,2018-09-06,1.99,1.98,2.0,1.97,415327
762,2018-09-07,1.98,2.0,2.01,1.98,403563
763,2018-09-10,2.0,1.97,2.0,1.97,343269
764,2018-09-11,1.97,1.96,1.98,1.95,287235
765,2018-09-12,1.97,1.97,1.97,1.95,199609
766,2018-09-13,1.98,1.98,1.99,1.96,353346
767,2018-09-14,1.98,1.97,1.98,1.96,292212
768,2018-09-17,1.96,1.95,1.97,1.95,337898
769,2018-09-18,1.95,1.98,1.98,1.95,304371
770,2018-09-19,1.98,2.03,2.05,1.96,1014829
771,2018-09-20,2.03,2.02,2.04,2.0,469810
772,2018-09-21,2.02,2.09,2.11,2.01,1095360
773,2018-09-25,2.06,2.04,2.06,2.03,667084
774,2018-09-26,2.04,2.05,2.06,2.03,511769
775,2018-09-27,2.06,2.03,2.06,2.02,413286
776,2018-09-28,2.03,2.06,2.07,2.02,478144
777,2018-10-08,2.03,1.99,2.03,1.99,527280
778,2018-10-09,2.0,1.99,2.01,1.98,251419
779,2018-10-10,2.0,1.98,2.0,1.98,255130
780,2018-10-11,1.96,1.81,1.96,1.79,841209
781,2018-10-12,1.81,1.81,1.84,1.75,597758
782,2018-10-15,1.81,1.8,1.83,1.8,332173
783,2018-10-16,1.81,1.79,1.83,1.78,338622
784,2018-10-17,1.89,1.92,1.97,1.86,1519102
785,2018-10-18,1.9,1.83,1.9,1.82,740043
786,2018-10-19,1.8,1.85,1.86,1.78,616186
787,2018-10-22,1.85,1.92,1.95,1.85,941672
788,2018-10-23,1.92,1.94,1.96,1.9,850855
789,2018-10-24,1.94,1.93,1.98,1.93,553739
790,2018-10-25,1.89,1.92,1.92,1.87,470039
791,2018-10-26,1.93,1.93,1.95,1.92,437573
792,2018-10-29,1.93,1.92,1.94,1.9,377123
793,2018-10-30,1.91,1.93,1.96,1.89,627379
794,2018-10-31,1.93,1.94,1.95,1.91,508293
795,2018-11-01,1.94,1.95,1.96,1.93,575760
796,2018-11-02,2.04,2.01,2.07,1.98,1214829
797,2018-11-05,2.0,2.0,2.01,1.98,696229
798,2018-11-06,2.0,1.98,2.0,1.96,430415
799,2018-11-07,1.98,1.97,2.0,1.97,433087
800,2018-11-08,1.99,2.02,2.05,1.97,1019007
801,2018-11-09,2.0,1.96,2.0,1.95,614763
802,2018-11-12,1.96,2.0,2.0,1.95,567107
803,2018-11-13,1.98,2.08,2.09,1.97,1465433
804,2018-11-14,2.16,2.1,2.2,2.08,2406625
805,2018-11-15,2.12,2.1,2.12,2.06,1225964
806,2018-11-16,2.09,2.08,2.1,2.07,900758
807,2018-11-19,2.08,2.08,2.09,2.05,644330
808,2018-11-20,2.07,2.04,2.07,2.04,538629
809,2018-11-21,2.06,2.07,2.08,2.05,587618
810,2018-11-22,2.06,2.08,2.09,2.04,624819
811,2018-11-23,2.07,2.01,2.08,1.99,835137
812,2018-11-26,2.04,2.02,2.05,2.01,397014
813,2018-11-27,2.02,2.01,2.03,2.0,319607
814,2018-11-28,2.0,2.06,2.09,1.99,983604
815,2018-11-29,2.07,2.01,2.07,2.01,535473
816,2018-11-30,2.0,2.01,2.01,1.99,379798
817,2018-12-03,2.05,2.05,2.08,2.03,1027511
818,2018-12-04,2.05,2.07,2.08,2.04,716438
819,2018-12-05,2.05,2.07,2.09,2.04,908476
820,2018-12-06,2.06,2.02,2.07,2.02,624449
821,2018-12-07,2.03,2.03,2.04,2.01,314630
822,2018-12-10,2.01,2.01,2.02,2.0,344089
823,2018-12-11,2.01,2.01,2.02,2.0,288478
824,2018-12-12,2.02,2.01,2.02,1.99,285845
825,2018-12-13,2.01,2.02,2.04,2.0,493716
826,2018-12-14,2.01,1.99,2.02,1.97,429145
827,2018-12-17,1.98,1.97,1.99,1.95,467926
828,2018-12-18,1.97,1.95,1.98,1.94,351539
829,2018-12-19,1.97,1.95,1.97,1.94,209819
830,2018-12-20,1.93,1.93,1.94,1.91,262570
831,2018-12-21,1.93,1.9,1.93,1.9,262689
832,2018-12-24,1.89,1.9,1.91,1.88,228034
833,2018-12-25,1.89,1.88,1.9,1.86,395736
834,2018-12-26,1.88,1.88,1.89,1.87,237134
835,2018-12-27,1.9,1.86,1.9,1.86,309938
836,2018-12-28,1.87,1.88,1.89,1.86,317389
837,2019-01-02,1.88,1.87,1.89,1.87,224643
838,2019-01-03,1.87,1.88,1.89,1.86,163493
839,2019-01-04,1.87,1.91,1.92,1.86,406947
840,2019-01-07,1.91,1.92,1.93,1.9,514551
841,2019-01-08,1.91,1.91,1.92,1.9,345985
842,2019-01-09,1.89,1.91,1.93,1.89,566574
843,2019-01-10,1.91,1.91,1.92,1.89,377150
844,2019-01-11,1.91,1.95,1.96,1.9,867166
845,2019-01-14,1.95,1.92,1.95,1.91,492669
846,2019-01-15,1.92,1.93,1.94,1.91,308385
847,2019-01-16,1.93,1.91,1.94,1.91,290299
848,2019-01-17,1.91,1.93,1.96,1.91,546478
849,2019-01-18,1.92,1.94,1.95,1.92,510344
850,2019-01-21,1.94,1.94,1.95,1.93,332618
851,2019-01-22,1.94,1.95,1.99,1.93,846375
852,2019-01-23,1.94,1.92,1.95,1.92,517469
853,2019-01-24,1.92,1.93,1.94,1.91,341445
854,2019-01-25,1.93,1.92,1.94,1.92,296618
855,2019-01-28,1.93,1.93,1.95,1.92,411107
856,2019-01-29,1.93,1.91,1.93,1.88,418120
857,2019-01-30,1.9,1.9,1.92,1.89,250339
858,2019-01-31,1.88,1.85,1.89,1.83,655142
859,2019-02-01,1.84,1.87,1.88,1.84,310672
860,2019-02-11,1.87,1.9,1.9,1.87,348531
861,2019-02-12,1.9,1.93,1.93,1.89,517211
862,2019-02-13,1.93,1.95,1.95,1.91,606307
863,2019-02-14,1.95,1.94,1.95,1.93,439337
864,2019-02-15,1.94,1.95,1.99,1.93,991591
865,2019-02-18,1.95,2.0,2.0,1.95,866615
866,2019-02-19,2.0,2.0,2.04,1.98,900621
867,2019-02-20,2.0,2.02,2.03,1.98,853539
868,2019-02-21,2.02,2.01,2.04,1.99,994840
869,2019-02-22,2.0,2.02,2.03,1.99,847491
870,2019-02-25,2.03,2.16,2.17,2.03,2784869
871,2019-02-26,2.17,2.21,2.28,2.13,3273800
872,2019-02-27,2.19,2.22,2.26,2.18,2493287
873,2019-02-28,2.22,2.18,2.22,2.17,1490358
874,2019-03-01,2.18,2.16,2.19,2.14,1308778
875,2019-03-04,2.16,2.2,2.24,2.16,2252419
876,2019-03-05,2.19,2.24,2.26,2.18,1963555
877,2019-03-06,2.21,2.32,2.34,2.2,3810105
878,2019-03-07,2.3,2.46,2.55,2.28,4936713
879,2019-03-08,2.4,2.24,2.41,2.23,3419305
880,2019-03-11,2.24,2.32,2.32,2.24,1713573
881,2019-03-12,2.32,2.35,2.43,2.31,2462173
882,2019-03-13,2.33,2.28,2.34,2.25,1819157
883,2019-03-14,2.25,2.26,2.32,2.24,1607086
884,2019-03-15,2.26,2.24,2.3,2.24,1391253
885,2019-03-18,2.25,2.28,2.29,2.23,1296220
886,2019-03-19,2.28,2.29,2.32,2.27,1288323
887,2019-03-20,2.29,2.27,2.29,2.24,1103897
888,2019-03-21,2.28,2.28,2.3,2.27,1551728
889,2019-03-22,2.28,2.28,2.29,2.25,1105012
890,2019-03-25,2.25,2.24,2.27,2.23,1094534
891,2019-03-26,2.25,2.15,2.26,2.14,1365450
892,2019-03-27,2.09,2.12,2.13,2.06,1669270
893,2019-03-28,2.11,2.11,2.15,2.09,1006710
894,2019-03-29,2.11,2.18,2.19,2.1,1578754
895,2019-04-01,2.18,2.24,2.24,2.17,1791958
896,2019-04-02,2.23,2.22,2.24,2.21,1207483
897,2019-04-03,2.21,2.26,2.26,2.2,1617348
898,2019-04-04,2.49,2.44,2.49,2.41,8068779
899,2019-04-08,2.38,2.32,2.4,2.28,4763817
900,2019-04-09,2.31,2.33,2.35,2.28,2213742
901,2019-04-10,2.31,2.32,2.37,2.28,2206904
902,2019-04-11,2.32,2.27,2.32,2.26,1503280
903,2019-04-12,2.27,2.27,2.28,2.25,1046558
904,2019-04-15,2.29,2.25,2.31,2.25,1238157
905,2019-04-16,2.24,2.27,2.27,2.2,1290407
906,2019-04-17,2.26,2.28,2.29,2.25,1248670
907,2019-04-18,2.27,2.26,2.29,2.25,934017
908,2019-04-19,2.26,2.25,2.27,2.23,934850
909,2019-04-22,2.26,2.24,2.28,2.23,1127580
910,2019-04-23,2.24,2.21,2.24,2.2,787717
911,2019-04-24,2.21,2.22,2.22,2.19,576483
912,2019-04-25,2.21,2.17,2.22,2.15,836689
913,2019-04-26,2.15,2.12,2.16,2.12,746592
914,2019-04-29,2.13,2.1,2.14,2.09,823942
915,2019-04-30,2.12,2.19,2.23,2.11,1314562
916,2019-05-06,2.13,2.07,2.15,2.04,1380271
917,2019-05-07,2.09,2.08,2.11,2.06,721399
918,2019-05-08,2.05,2.07,2.1,2.03,587665
919,2019-05-09,2.05,2.06,2.08,2.05,466552
920,2019-05-10,2.06,2.1,2.11,2.05,779434
921,2019-05-13,2.09,2.06,2.09,2.05,516414
922,2019-05-14,2.03,2.03,2.05,2.02,479764
923,2019-05-15,2.05,2.06,2.09,2.04,661311
924,2019-05-16,2.06,2.07,2.09,2.05,456758
925,2019-05-17,2.08,2.03,2.08,2.02,579667
926,2019-05-20,2.03,2.01,2.03,1.98,453026
927,2019-05-21,2.01,2.03,2.04,1.99,393666
928,2019-05-22,2.03,2.08,2.11,2.01,1008630
929,2019-05-23,2.06,2.01,2.06,2.01,547541
930,2019-05-24,2.02,2.02,2.04,2.01,297455
931,2019-05-27,2.01,2.05,2.05,2.0,456435
932,2019-05-28,2.04,2.03,2.05,2.02,363791
933,2019-05-29,2.03,2.02,2.03,2.01,301335
934,2019-05-30,2.02,2.01,2.03,2.0,320554
935,2019-05-31,2.01,2.01,2.02,2.0,239672
936,2019-06-03,2.02,2.02,2.03,2.01,379537
937,2019-06-04,2.01,2.0,2.02,1.98,386980
938,2019-06-05,2.01,1.99,2.01,1.99,227326
939,2019-06-06,1.99,1.98,2.0,1.97,329913
940,2019-06-10,1.98,1.98,1.99,1.97,207171
941,2019-06-11,1.97,2.03,2.03,1.97,600257
942,2019-06-12,2.02,2.01,2.02,2.0,301510
943,2019-06-13,2.0,2.04,2.08,1.99,887958
944,2019-06-14,2.03,2.0,2.04,1.99,622991
945,2019-06-17,2.0,2.0,2.01,1.99,208592
946,2019-06-18,2.0,2.0,2.0,1.98,219609
947,2019-06-19,2.02,2.02,2.04,2.01,490207
948,2019-06-20,2.01,2.04,2.05,2.0,775723
949,2019-06-21,2.05,2.05,2.07,2.04,731619
950,2019-06-24,2.04,2.04,2.05,2.03,375671
951,2019-06-25,2.04,2.03,2.04,2.01,375061
952,2019-06-26,2.02,2.03,2.03,2.01,218957
953,2019-06-27,2.03,2.03,2.05,2.02,442789
954,2019-06-28,2.04,2.03,2.04,2.02,378174
955,2019-07-01,2.05,2.05,2.06,2.04,747836
956,2019-07-02,2.05,2.05,2.06,2.04,473713
957,2019-07-03,2.05,2.03,2.05,2.02,487564
958,2019-07-04,2.03,2.03,2.04,2.02,313803
959,2019-07-05,2.04,2.04,2.04,2.02,268028
960,2019-07-08,2.03,2.0,2.04,1.99,528068
961,2019-07-09,2.0,1.99,2.01,1.98,309901
962,2019-07-10,1.99,1.98,2.0,1.98,224098
963,2019-07-11,1.99,1.99,2.0,1.98,250633
964,2019-07-12,1.99,1.99,2.0,1.98,184281
965,2019-07-15,1.99,1.99,2.0,1.97,320530
966,2019-07-16,2.0,2.0,2.01,1.99,244177
967,2019-07-17,2.0,2.0,2.01,1.99,209470
968,2019-07-18,2.0,1.98,2.0,1.98,179786
969,2019-07-19,1.99,1.99,2.0,1.98,172467
970,2019-07-22,2.0,1.98,2.0,1.97,331433
971,2019-07-23,1.98,1.97,1.98,1.97,184120
972,2019-07-24,1.97,1.98,1.99,1.97,256554
973,2019-07-25,1.98,1.98,1.99,1.97,232422
974,2019-07-26,1.97,1.98,1.98,1.97,187784
975,2019-07-29,1.98,1.98,1.98,1.97,152402
976,2019-07-30,1.98,1.98,1.99,1.97,446776
977,2019-07-31,1.98,1.97,1.98,1.96,353299
978,2019-08-01,1.96,1.94,1.97,1.93,531245
979,2019-08-02,1.91,1.91,1.93,1.9,567651
980,2019-08-05,1.9,1.88,1.91,1.88,484377
981,2019-08-06,1.85,1.84,1.86,1.82,662768
982,2019-08-07,1.84,1.83,1.85,1.83,277010
983,2019-08-08,1.85,1.84,1.85,1.84,228527
984,2019-08-09,1.85,1.83,1.86,1.83,279476
985,2019-08-12,1.83,1.85,1.85,1.83,279835
986,2019-08-13,1.83,1.9,2.01,1.83,959993
987,2019-08-14,1.88,1.89,1.9,1.86,679507
988,2019-08-15,1.86,1.88,1.89,1.85,387058
989,2019-08-16,1.89,1.87,1.89,1.87,264956
990,2019-08-19,1.88,1.92,1.92,1.87,459134
991,2019-08-20,1.92,1.91,1.93,1.9,292737
992,2019-08-21,1.91,1.9,1.92,1.89,253098
993,2019-08-22,1.91,1.9,1.91,1.89,203852
994,2019-08-23,1.9,1.9,1.91,1.9,179672
995,2019-08-26,1.87,1.87,1.88,1.86,313918
996,2019-08-27,1.88,1.9,1.92,1.87,472073
997,2019-08-28,1.9,1.91,1.93,1.89,459958
998,2019-08-29,1.91,1.9,1.91,1.88,368715
999,2019-08-30,1.9,1.87,1.91,1.87,332826
1000,2019-09-02,1.87,1.89,1.9,1.86,428187
1001,2019-09-03,1.89,1.89,1.9,1.88,316087
1002,2019-09-04,1.89,1.9,1.91,1.88,481467
1003,2019-09-05,1.91,1.91,1.93,1.9,966204
1004,2019-09-06,1.91,1.91,1.92,1.9,429170
1005,2019-09-09,1.91,1.92,1.92,1.9,550512
1006,2019-09-10,1.91,1.91,1.92,1.9,466234
1007,2019-09-11,1.92,1.9,1.92,1.9,490944
1008,2019-09-12,1.91,1.9,1.91,1.89,672053
1009,2019-09-16,1.9,1.88,1.9,1.87,955066
1010,2019-09-17,1.89,1.86,1.89,1.85,722138
1011,2019-09-18,1.86,1.86,1.87,1.85,467458
1012,2019-09-19,1.86,1.86,1.86,1.85,360825
1013,2019-09-20,1.86,1.85,1.87,1.85,441431
1014,2019-09-23,1.85,1.84,1.86,1.83,634514
1015,2019-09-24,1.84,1.84,1.85,1.83,587636
1016,2019-09-25,1.83,1.82,1.84,1.82,421448
1017,2019-09-26,1.83,1.8,1.83,1.79,635294
1018,2019-09-27,1.8,1.81,1.82,1.79,296208
1019,2019-09-30,1.8,1.81,1.84,1.8,637210
1020,2019-10-08,1.81,1.8,1.82,1.8,282301
1021,2019-10-09,1.8,1.8,1.81,1.79,527001
1022,2019-10-10,1.8,1.81,1.83,1.79,1006610
1023,2019-10-11,1.81,1.8,1.81,1.78,1175234
1024,2019-10-14,1.81,1.83,1.83,1.8,1331310
1025,2019-10-15,1.82,1.8,1.82,1.79,974491
1026,2019-10-16,1.8,1.78,1.81,1.77,1009318
1027,2019-10-17,1.78,1.79,1.79,1.77,342808
1028,2019-10-18,1.78,1.77,1.79,1.76,465184
1029,2019-10-21,1.76,1.76,1.77,1.75,367844
1030,2019-10-22,1.76,1.76,1.77,1.75,256708
1031,2019-10-23,1.76,1.76,1.77,1.75,201244
1032,2019-10-24,1.76,1.76,1.77,1.75,414028
1033,2019-10-25,1.76,1.77,1.78,1.75,574938
1034,2019-10-28,1.77,1.78,1.79,1.76,496541
1035,2019-10-29,1.78,1.76,1.79,1.76,291333
1036,2019-10-30,1.76,1.74,1.77,1.73,532425
1037,2019-10-31,1.73,1.72,1.74,1.7,625157
1038,2019-11-01,1.71,1.73,1.74,1.71,354197
1039,2019-11-04,1.72,1.75,1.77,1.72,759301
1040,2019-11-05,1.74,1.74,1.75,1.72,545393
1041,2019-11-06,1.74,1.71,1.74,1.71,435214
1042,2019-11-07,1.71,1.71,1.72,1.71,234208
1043,2019-11-08,1.72,1.72,1.73,1.71,358340
1044,2019-11-11,1.71,1.68,1.72,1.67,530328
1045,2019-11-12,1.68,1.67,1.69,1.65,423468
1046,2019-11-13,1.66,1.65,1.67,1.64,385710
1047,2019-11-14,1.65,1.64,1.66,1.63,352898
1048,2019-11-15,1.64,1.64,1.66,1.63,330750
1049,2019-11-18,1.65,1.65,1.66,1.64,325428
1050,2019-11-19,1.65,1.66,1.67,1.64,258895
1051,2019-11-20,1.67,1.65,1.67,1.65,239372
1052,2019-11-21,1.65,1.65,1.66,1.64,242994
1053,2019-11-22,1.65,1.66,1.67,1.64,392186
1054,2019-11-25,1.66,1.69,1.7,1.66,580108
1055,2019-11-26,1.69,1.68,1.7,1.67,420139
1056,2019-11-27,1.68,1.67,1.68,1.66,240431
1057,2019-11-28,1.67,1.66,1.67,1.65,311852
1058,2019-11-29,1.66,1.65,1.66,1.64,237418
1059,2019-12-02,1.65,1.65,1.66,1.64,214595
1060,2019-12-03,1.65,1.66,1.66,1.64,229085
1061,2019-12-04,1.66,1.66,1.66,1.65,162054
1062,2019-12-05,1.66,1.67,1.68,1.65,310736
1063,2019-12-06,1.67,1.67,1.68,1.66,223582
1064,2019-12-09,1.67,1.67,1.68,1.66,260430
1065,2019-12-10,1.67,1.67,1.67,1.66,253629
1066,2019-12-11,1.67,1.67,1.69,1.66,650909
1067,2019-12-12,1.67,1.66,1.68,1.65,522833
1068,2019-12-13,1.67,1.68,1.68,1.66,592669
1069,2019-12-16,1.68,1.68,1.69,1.67,751104
1070,2019-12-17,1.68,1.71,1.72,1.68,966616
1071,2019-12-18,1.71,1.73,1.76,1.71,992856
1072,2019-12-19,1.72,1.73,1.74,1.72,591516
1073,2019-12-20,1.73,1.75,1.78,1.73,1329623
1074,2019-12-23,1.75,1.7,1.76,1.69,900349
1075,2019-12-24,1.7,1.74,1.76,1.68,1472507
1076,2019-12-25,1.74,1.72,1.74,1.71,638463
1077,2019-12-26,1.72,1.72,1.73,1.71,388853
1078,2019-12-27,1.71,1.71,1.73,1.71,735877
1079,2019-12-30,1.71,1.73,1.74,1.7,838677
1080,2019-12-31,1.72,1.73,1.74,1.72,537791
1081,2020-01-02,1.74,1.74,1.76,1.73,794726
1082,2020-01-03,1.75,1.76,1.79,1.74,1004066
1083,2020-01-06,1.75,1.76,1.77,1.74,805103
1084,2020-01-07,1.76,1.81,1.82,1.75,1386678
1085,2020-01-08,1.78,1.77,1.79,1.76,1205274
1086,2020-01-09,1.78,1.78,1.79,1.76,1040540
1087,2020-01-10,1.78,1.76,1.79,1.75,661008
1088,2020-01-13,1.76,1.74,1.76,1.73,575141
1089,2020-01-14,1.75,1.75,1.77,1.74,607998
1090,2020-01-15,1.75,1.73,1.76,1.73,417944
1091,2020-01-16,1.74,1.72,1.74,1.71,432182
1092,2020-01-17,1.72,1.72,1.74,1.71,481506
1093,2020-01-20,1.71,1.75,1.77,1.7,1183825
1094,2020-01-21,1.75,1.72,1.76,1.72,573517
1095,2020-01-22,1.72,1.72,1.73,1.69,658944
1096,2020-01-23,1.71,1.67,1.72,1.64,1095830
1097,2020-02-03,1.5,1.5,1.5,1.5,395713
1098,2020-02-04,1.4,1.45,1.47,1.4,1625675
1099,2020-02-05,1.45,1.48,1.5,1.44,1041733
1100,2020-02-06,1.48,1.49,1.5,1.46,1073392
1101,2020-02-07,1.48,1.48,1.5,1.47,710005
1102,2020-02-10,1.47,1.5,1.51,1.47,718975
1103,2020-02-11,1.5,1.52,1.54,1.49,751027
1104,2020-02-12,1.51,1.53,1.53,1.5,524991
1105,2020-02-13,1.52,1.52,1.54,1.51,645523
1106,2020-02-14,1.52,1.52,1.53,1.5,560319
1107,2020-02-17,1.51,1.56,1.56,1.51,1055090
1108,2020-02-18,1.55,1.57,1.58,1.54,820986
1109,2020-02-19,1.56,1.6,1.63,1.55,1721594
1110,2020-02-20,1.72,1.76,1.76,1.72,3236167
1111,2020-02-21,1.8,1.81,1.9,1.77,5619098
1112,2020-02-24,1.77,1.72,1.77,1.7,2563351
1113,2020-02-25,1.66,1.88,1.89,1.63,4376163
1114,2020-02-26,1.86,1.94,2.03,1.82,5680739
1115,2020-02-27,1.95,1.89,1.96,1.87,2435806
1116,2020-02-28,1.83,1.78,1.85,1.78,2000527
1117,2020-03-02,1.88,1.82,1.9,1.8,2386664
1118,2020-03-03,1.8,1.78,1.88,1.75,3419881
1119,2020-03-04,1.75,1.75,1.78,1.73,1775187
1120,2020-03-05,1.75,1.77,1.78,1.75,1448656
1121,2020-03-06,1.74,1.74,1.76,1.73,1174760
1122,2020-03-09,1.72,1.75,1.79,1.72,1878777
1123,2020-03-10,1.73,1.75,1.77,1.68,2059139
1124,2020-03-11,1.75,1.87,1.93,1.73,5721387
1125,2020-03-12,1.81,1.78,1.85,1.77,2913558
1126,2020-03-13,1.69,1.78,1.81,1.68,2397370
1127,2020-03-16,1.8,1.72,1.81,1.71,1985106
1128,2020-03-17,1.71,1.7,1.75,1.67,1413770
1129,2020-03-18,1.71,1.66,1.72,1.66,1370151
1130,2020-03-19,1.65,1.61,1.66,1.58,1322582
1131,2020-03-20,1.63,1.66,1.69,1.61,1263051
1132,2020-03-23,1.64,1.6,1.64,1.6,810630
1133,2020-03-24,1.63,1.62,1.64,1.6,731112
1134,2020-03-25,1.66,1.66,1.67,1.64,1006242
1135,2020-03-26,1.64,1.64,1.69,1.63,988914
1136,2020-03-27,1.65,1.61,1.66,1.61,790259
1137,2020-03-30,1.59,1.56,1.6,1.55,860913
1138,2020-03-31,1.58,1.55,1.58,1.55,562154
1139,2020-04-01,1.55,1.54,1.57,1.54,510375
1140,2020-04-02,1.53,1.56,1.57,1.53,561650
1141,2020-04-03,1.56,1.57,1.59,1.54,857857
1142,2020-04-07,1.58,1.59,1.61,1.57,931530
1143,2020-04-08,1.58,1.59,1.62,1.57,801930
1144,2020-04-09,1.6,1.59,1.6,1.58,569015
1145,2020-04-10,1.59,1.58,1.6,1.56,616443
1146,2020-04-13,1.57,1.56,1.58,1.54,519699
1147,2020-04-14,1.57,1.57,1.58,1.56,559660
1148,2020-04-15,1.57,1.56,1.57,1.55,645780
1149,2020-04-16,1.55,1.53,1.55,1.53,651131
1150,2020-04-17,1.54,1.56,1.58,1.53,1010966
1151,2020-04-20,1.55,1.53,1.56,1.53,653323
1152,2020-04-21,1.52,1.49,1.53,1.47,967349
1153,2020-04-22,1.48,1.49,1.5,1.47,694784
1154,2020-04-23,1.49,1.47,1.5,1.47,613330
1155,2020-04-24,1.48,1.45,1.48,1.45,631590
1156,2020-04-27,1.45,1.44,1.46,1.44,441329
1157,2020-04-28,1.44,1.4,1.45,1.38,930672
1158,2020-04-29,1.4,1.4,1.41,1.38,509163
1159,2020-04-30,1.41,1.46,1.47,1.41,995345
1160,2020-05-06,1.43,1.47,1.48,1.42,849166
1161,2020-05-07,1.46,1.44,1.47,1.44,567863
1162,2020-05-08,1.45,1.47,1.49,1.44,740972
1163,2020-05-11,1.47,1.46,1.48,1.45,525209
1164,2020-05-12,1.46,1.44,1.46,1.44,393639
1165,2020-05-13,1.44,1.44,1.44,1.42,569306
1166,2020-05-14,1.43,1.45,1.47,1.42,799223
1167,2020-05-15,1.45,1.44,1.46,1.43,375100
1168,2020-05-18,1.44,1.43,1.45,1.42,513017
1169,2020-05-19,1.44,1.45,1.47,1.43,578933
1170,2020-05-20,1.45,1.5,1.52,1.43,1480817
1171,2020-05-21,1.49,1.5,1.55,1.49,1053822
1172,2020-05-22,1.49,1.52,1.54,1.47,947830
1173,2020-05-25,1.51,1.5,1.54,1.5,596444
1174,2020-05-26,1.51,1.52,1.53,1.5,701360
1175,2020-05-27,1.53,1.55,1.57,1.52,956479
1176,2020-05-28,1.55,1.54,1.57,1.53,626588
1177,2020-05-29,1.55,1.62,1.65,1.53,2419347
1178,2020-06-01,1.63,1.69,1.71,1.58,2120298
1179,2020-06-02,1.78,1.7,1.79,1.69,4741121
1180,2020-06-03,1.67,1.64,1.67,1.62,2144917
1181,2020-06-04,1.62,1.61,1.63,1.6,956051
1182,2020-06-05,1.62,1.65,1.68,1.61,1486173
1183,2020-06-08,1.66,1.68,1.69,1.63,1537719
1184,2020-06-09,1.68,1.7,1.71,1.63,1750588
1185,2020-06-10,1.67,1.65,1.68,1.65,986210
1186,2020-06-11,1.66,1.64,1.7,1.63,1325042
1187,2020-06-12,1.61,1.63,1.64,1.59,1135043
1188,2020-06-15,1.61,1.58,1.62,1.57,1094927
1189,2020-06-16,1.59,1.59,1.6,1.58,687162
1190,2020-06-17,1.58,1.57,1.59,1.55,781846
1191,2020-06-18,1.56,1.58,1.58,1.55,795755
1192,2020-06-19,1.57,1.57,1.58,1.56,678740
1193,2020-06-22,1.57,1.55,1.58,1.55,732378
1194,2020-06-23,1.55,1.51,1.55,1.51,968615
1195,2020-06-24,1.51,1.51,1.52,1.5,620161
1196,2020-06-29,1.5,1.47,1.51,1.46,903295
1197,2020-06-30,1.48,1.5,1.51,1.47,644373
1198,2020-07-01,1.5,1.54,1.55,1.49,924087
1199,2020-07-02,1.55,1.59,1.61,1.55,1466639
1200,2020-07-03,1.59,1.61,1.63,1.57,1741858
1201,2020-07-06,1.62,1.69,1.71,1.61,3589336
1202,2020-07-07,1.72,1.68,1.74,1.67,3317748
1203,2020-07-08,1.67,1.7,1.72,1.66,2436304
1204,2020-07-09,1.71,1.7,1.72,1.68,2773290
1205,2020-07-10,1.71,1.73,1.78,1.68,3581654
1206,2020-07-13,1.74,1.75,1.79,1.72,3291914
1207,2020-07-14,1.75,1.69,1.75,1.67,2482306
1208,2020-07-15,1.71,1.66,1.74,1.66,2577803
1209,2020-07-16,1.67,1.6,1.69,1.6,2283822
1210,2020-07-17,1.61,1.59,1.63,1.58,1505636
1211,2020-07-20,1.59,1.64,1.64,1.59,1314646
1212,2020-07-21,1.64,1.63,1.66,1.62,1000667
1213,2020-07-22,1.64,1.65,1.67,1.62,1541198
1214,2020-07-23,1.63,1.62,1.64,1.58,1478029
1215,2020-07-24,1.62,1.58,1.62,1.56,1179633
1216,2020-07-27,1.58,1.56,1.59,1.54,1053065
1217,2020-07-28,1.55,1.56,1.58,1.55,948361
1218,2020-07-29,1.55,1.58,1.59,1.54,1091576
1219,2020-07-30,1.58,1.59,1.6,1.56,1314780
1220,2020-07-31,1.58,1.58,1.6,1.56,1186854
1221,2020-08-03,1.58,1.59,1.6,1.57,1670471
1222,2020-08-04,1.59,1.57,1.6,1.56,1354537
1223,2020-08-05,1.57,1.58,1.59,1.55,1238849
1224,2020-08-06,1.58,1.66,1.68,1.57,3473987
1225,2020-08-07,1.65,1.69,1.74,1.63,3834506
1226,2020-08-10,1.68,1.67,1.69,1.65,1977002
1227,2020-08-11,1.68,1.65,1.72,1.65,1973936
1228,2020-08-12,1.66,1.71,1.74,1.66,3362627
1229,2020-08-13,1.7,1.68,1.72,1.68,1826312
1230,2020-08-14,1.68,1.7,1.71,1.66,1550419
1231,2020-08-17,1.7,1.71,1.72,1.68,1937017
1232,2020-08-18,1.71,1.71,1.73,1.69,1729737
1233,2020-08-19,1.71,1.68,1.71,1.68,1943315
1234,2020-08-20,1.68,1.67,1.71,1.66,1504345
1235,2020-08-21,1.67,1.69,1.72,1.66,1713833
1236,2020-08-24,1.69,1.68,1.7,1.67,1051928
1237,2020-08-25,1.69,1.67,1.71,1.67,1262625
1238,2020-08-26,1.68,1.62,1.68,1.61,1725751
1239,2020-08-27,1.62,1.63,1.64,1.61,850741
1240,2020-08-28,1.63,1.64,1.65,1.62,785226
1241,2020-08-31,1.63,1.64,1.66,1.63,1284234
1242,2020-09-01,1.63,1.63,1.65,1.61,838440
1243,2020-09-02,1.64,1.62,1.64,1.6,1250298
1244,2020-09-03,1.61,1.62,1.65,1.61,1216743
1245,2020-09-04,1.6,1.63,1.64,1.59,1298850
1246,2020-09-07,1.63,1.67,1.69,1.62,2303408
1247,2020-09-08,1.68,1.7,1.7,1.65,2316477
1248,2020-09-09,1.69,1.87,1.87,1.68,8678483
1249,2020-09-10,1.89,1.71,1.89,1.7,7333738
1250,2020-09-11,1.7,1.78,1.82,1.69,4298990
1251,2020-09-14,1.79,1.77,1.83,1.74,2706189
1252,2020-09-15,1.77,1.82,1.86,1.74,3446936
1253,2020-09-16,1.81,1.91,1.96,1.79,5730910
1254,2020-09-17,1.89,1.88,1.92,1.84,3384475
1255,2020-09-18,1.88,1.85,1.89,1.82,3025274
1256,2020-09-21,1.86,1.85,1.94,1.84,2578761
1257,2020-09-22,1.84,1.78,1.84,1.77,2410587
1258,2020-09-23,1.78,1.76,1.81,1.76,1312254
1259,2020-09-24,1.75,1.78,1.81,1.72,1939554
1260,2020-09-25,1.79,1.76,1.8,1.76,1090155
1261,2020-09-28,1.77,1.79,1.82,1.77,1209401
1262,2020-09-29,1.8,1.77,1.81,1.76,1180792
1263,2020-09-30,1.77,1.75,1.78,1.74,1059511
1264,2020-10-09,1.77,1.77,1.78,1.74,1107340
1265,2020-10-12,1.77,1.79,1.81,1.76,1728220
1266,2020-10-13,1.79,1.78,1.8,1.77,1264924
1267,2020-10-14,1.77,1.73,1.77,1.72,1315202
1268,2020-10-15,1.73,1.7,1.73,1.7,924257
1269,2020-10-16,1.7,1.69,1.72,1.68,960162
1270,2020-10-19,1.69,1.68,1.72,1.68,861329
1271,2020-10-20,1.68,1.69,1.69,1.66,642256
1272,2020-10-21,1.69,1.7,1.71,1.67,936447
1273,2020-10-22,1.69,1.68,1.7,1.66,728389
1274,2020-10-23,1.67,1.65,1.68,1.65,789253
1275,2020-10-26,1.65,1.61,1.65,1.6,1296344
1276,2020-10-27,1.59,1.58,1.6,1.55,1386076
1277,2020-10-28,1.58,1.58,1.58,1.54,1049674
1278,2020-10-29,1.56,1.56,1.57,1.54,763302
1279,2020-10-30,1.57,1.55,1.6,1.55,1116877
1280,2020-11-02,1.54,1.51,1.54,1.5,1101311
1281,2020-11-03,1.51,1.53,1.54,1.5,821425
1282,2020-11-04,1.54,1.52,1.54,1.51,661304
1283,2020-11-05,1.52,1.55,1.56,1.52,923185
1284,2020-11-06,1.56,1.56,1.57,1.54,970806
1285,2020-11-09,1.56,1.59,1.6,1.56,1317839
1286,2020-11-10,1.67,1.61,1.67,1.6,1857845
1287,2020-11-11,1.6,1.58,1.6,1.56,1085007
1288,2020-11-12,1.58,1.58,1.6,1.56,851308
1289,2020-11-13,1.57,1.61,1.64,1.56,1562610
1290,2020-11-16,1.61,1.64,1.65,1.6,1423554
1291,2020-11-17,1.65,1.64,1.67,1.62,1187825
1292,2020-11-18,1.63,1.64,1.66,1.62,1004476
1293,2020-11-19,1.63,1.61,1.64,1.6,907717
1294,2020-11-20,1.61,1.61,1.62,1.6,614470
1295,2020-11-23,1.61,1.61,1.62,1.58,1271314
1296,2020-11-24,1.61,1.61,1.62,1.59,877235
1297,2020-11-25,1.62,1.6,1.63,1.6,926274
1298,2020-11-26,1.59,1.59,1.61,1.58,771327
1299,2020-11-27,1.59,1.59,1.6,1.56,969638
1300,2020-11-30,1.58,1.59,1.62,1.58,1167384
1301,2020-12-01,1.58,1.61,1.62,1.58,1272966
1302,2020-12-02,1.61,1.63,1.64,1.6,1420040
1303,2020-12-03,1.62,1.61,1.63,1.6,842255
1304,2020-12-04,1.62,1.61,1.63,1.59,744722
1305,2020-12-07,1.6,1.6,1.62,1.58,1186722
1306,2020-12-08,1.6,1.6,1.6,1.58,856266
1307,2020-12-09,1.6,1.58,1.6,1.58,1150215
1308,2020-12-10,1.58,1.56,1.59,1.53,1713299
1309,2020-12-11,1.55,1.55,1.56,1.5,2156159
1310,2020-12-14,1.53,1.51,1.54,1.5,1379728
1311,2020-12-15,1.51,1.49,1.52,1.49,894520
1312,2020-12-16,1.49,1.51,1.52,1.48,932500
1313,2020-12-17,1.51,1.51,1.52,1.49,761780
1314,2020-12-18,1.51,1.52,1.53,1.5,983209
1315,2020-12-21,1.52,1.52,1.53,1.51,724216
1316,2020-12-22,1.52,1.49,1.52,1.49,845688
1317,2020-12-23,1.5,1.49,1.5,1.49,648922
1318,2020-12-24,1.49,1.48,1.5,1.48,619916
1319,2020-12-25,1.47,1.49,1.5,1.47,500554
1320,2020-12-28,1.5,1.47,1.5,1.47,550660
1321,2020-12-29,1.47,1.5,1.51,1.47,760669
1322,2020-12-30,1.49,1.49,1.5,1.49,412984
1323,2020-12-31,1.49,1.52,1.53,1.49,927686
1324,2021-01-04,1.51,1.5,1.52,1.49,829172
1325,2021-01-05,1.49,1.48,1.5,1.47,946768
1326,2021-01-06,1.47,1.46,1.48,1.45,1160050
1327,2021-01-07,1.45,1.41,1.46,1.4,1414477
1328,2021-01-08,1.41,1.43,1.43,1.39,811383
1329,2021-01-11,1.42,1.38,1.42,1.37,1173100
1330,2021-01-12,1.38,1.4,1.4,1.37,669692
1331,2021-01-13,1.39,1.4,1.41,1.38,783080
1332,2021-01-14,1.39,1.41,1.45,1.39,979698
1333,2021-01-15,1.41,1.41,1.42,1.39,580527
1334,2021-01-18,1.4,1.4,1.41,1.39,508560
1335,2021-01-19,1.39,1.42,1.43,1.39,850566
1336,2021-01-20,1.42,1.43,1.43,1.41,528935
1337,2021-01-21,1.42,1.43,1.44,1.41,676803
1338,2021-01-22,1.44,1.41,1.44,1.4,580020
1339,2021-01-25,1.42,1.51,1.55,1.41,3542468
1340,2021-01-26,1.5,1.47,1.51,1.45,1523312
1341,2021-01-27,1.47,1.53,1.55,1.46,1779399
1342,2021-01-28,1.53,1.5,1.53,1.48,1070136
1343,2021-01-29,1.51,1.53,1.54,1.5,1617539
1344,2021-02-01,1.38,1.38,1.48,1.38,4827528
1345,2021-02-02,1.35,1.24,1.36,1.24,3869453
1346,2021-02-03,1.21,1.34,1.35,1.2,2899068
1347,2021-02-04,1.32,1.28,1.33,1.24,1895204
1348,2021-02-05,1.28,1.3,1.32,1.27,1054742
1349,2021-02-08,1.3,1.3,1.31,1.27,997195
1350,2021-02-09,1.3,1.32,1.33,1.28,922080
1351,2021-02-10,1.34,1.42,1.44,1.34,1749035
1352,2021-02-19,1.35,1.35,1.4,1.35,1140453
1353,2021-02-22,1.31,1.39,1.42,1.31,2317289
1354,2021-02-23,1.38,1.42,1.43,1.37,1273170
1355,2021-02-24,1.45,1.49,1.49,1.44,1966067
1356,2021-02-25,1.54,1.48,1.55,1.47,1620053
1357,2021-02-26,1.47,1.5,1.53,1.43,1064454
1358,2021-03-01,1.5,1.44,1.52,1.43,1833146
1359,2021-03-02,1.46,1.47,1.5,1.44,1066275
1360,2021-03-03,1.46,1.48,1.5,1.46,828049
1361,2021-03-04,1.48,1.45,1.49,1.44,942689
1362,2021-03-05,1.44,1.43,1.45,1.41,863329
1363,2021-03-08,1.43,1.38,1.45,1.38,1177327
1364,2021-03-09,1.37,1.36,1.39,1.35,886822
1365,2021-03-10,1.36,1.34,1.36,1.33,773817
1366,2021-03-11,1.33,1.36,1.37,1.33,681793
1367,2021-03-12,1.35,1.35,1.36,1.34,560636
1368,2021-03-15,1.34,1.37,1.38,1.34,985461
1369,2021-03-16,1.39,1.42,1.44,1.38,1144887
1370,2021-03-17,1.41,1.43,1.45,1.41,775567
1371,2021-03-18,1.43,1.41,1.43,1.4,572830
1372,2021-03-19,1.41,1.38,1.42,1.37,698213
1373,2021-03-22,1.42,1.45,1.45,1.42,711115
1374,2021-03-23,1.52,1.52,1.52,1.52,378456
1375,2021-03-24,1.6,1.6,1.6,1.6,461976
1376,2021-03-25,1.65,1.57,1.65,1.53,2720533
1377,2021-03-26,1.57,1.65,1.65,1.57,1116854
1378,2021-03-29,1.68,1.7,1.73,1.65,2954407
1379,2021-03-30,1.67,1.62,1.71,1.62,2128235
1380,2021-03-31,1.65,1.65,1.69,1.62,1065864
1381,2021-04-01,1.69,1.7,1.72,1.65,1512786
1382,2021-04-02,1.69,1.71,1.72,1.67,1002596
1383,2021-04-06,1.71,1.72,1.75,1.7,861813
1384,2021-04-07,1.71,1.72,1.73,1.7,790768
1385,2021-04-08,1.73,1.73,1.76,1.72,930582
1386,2021-04-09,1.74,1.8,1.81,1.73,1607190
1387,2021-04-12,1.82,1.74,1.88,1.71,2404724
1388,2021-04-13,1.74,1.71,1.75,1.66,1138820
1389,2021-04-14,1.7,1.72,1.74,1.69,835346
1390,2021-04-15,1.72,1.76,1.76,1.71,792218
1391,2021-04-16,1.76,1.78,1.8,1.75,780815
1392,2021-04-19,1.78,1.75,1.79,1.73,1181360
1393,2021-04-20,1.74,1.71,1.75,1.7,841136
1394,2021-04-21,1.7,1.72,1.75,1.7,660984
1395,2021-04-22,1.72,1.66,1.72,1.66,1027718
1396,2021-04-23,1.66,1.65,1.67,1.63,695729
1397,2021-04-26,1.65,1.61,1.65,1.6,887973
1398,2021-04-27,1.6,1.57,1.61,1.55,1011202
1399,2021-04-28,1.56,1.64,1.64,1.55,847724
1400,2021-04-29,1.63,1.62,1.64,1.6,504581
1401,2021-04-30,1.63,1.67,1.68,1.63,976441
1402,2021-05-06,1.69,1.7,1.73,1.68,924480
1403,2021-05-07,1.7,1.69,1.71,1.67,660451
1404,2021-05-10,1.68,1.63,1.69,1.63,785325
1405,2021-05-11,1.61,1.65,1.66,1.61,534237
1406,2021-05-12,1.64,1.67,1.68,1.63,580356
1407,2021-05-13,1.65,1.65,1.66,1.64,518711
1408,2021-05-14,1.65,1.66,1.66,1.63,638379
1409,2021-05-17,1.65,1.64,1.66,1.63,528442
1410,2021-05-18,1.64,1.72,1.72,1.63,1044396
1411,2021-05-19,1.72,1.72,1.76,1.71,878468
1412,2021-05-20,1.81,1.81,1.81,1.77,3308915
1413,2021-05-21,1.83,1.8,1.84,1.76,2312641
1414,2021-05-24,1.82,1.89,1.89,1.81,2180145
1415,2021-05-25,1.94,1.98,1.98,1.91,2618840
1416,2021-05-26,2.07,2.08,2.08,2.04,1403457
1417,2021-05-27,2.18,2.18,2.18,2.18,582702
1418,2021-05-28,2.29,2.29,2.29,2.29,266166
1419,2021-05-31,2.4,2.18,2.4,2.18,8175297
1420,2021-06-01,2.15,2.29,2.29,2.1,5440705
1421,2021-06-02,2.31,2.4,2.4,2.3,5093015
1422,2021-06-03,2.43,2.41,2.5,2.34,4431453
1423,2021-06-04,2.36,2.3,2.44,2.29,3724002
1424,2021-06-07,2.23,2.19,2.3,2.19,3239010
1425,2021-06-08,2.18,2.25,2.29,2.1,3118845
1426,2021-06-09,2.23,2.21,2.26,2.19,1903780
1427,2021-06-10,2.22,2.13,2.24,2.12,2453749
1428,2021-06-11,2.11,2.24,2.24,2.11,2536154
1429,2021-06-15,2.27,2.33,2.35,2.22,3047124
1430,2021-06-16,2.34,2.27,2.35,2.25,1800864
1431,2021-06-17,2.28,2.28,2.33,2.23,1305774
1432,2021-06-18,2.3,2.34,2.38,2.25,1869436
1433,2021-06-21,2.32,2.29,2.34,2.27,1755377
1434,2021-06-22,2.28,2.23,2.29,2.23,1592788
1435,2021-06-23,2.29,2.3,2.32,2.24,1788667
1436,2021-06-24,2.28,2.25,2.28,2.24,1278697
1437,2021-06-25,2.25,2.26,2.28,2.23,1097084
1438,2021-06-28,2.25,2.18,2.25,2.16,1858949
1439,2021-06-29,2.16,2.15,2.19,2.12,1439812
1440,2021-06-30,2.15,2.21,2.26,2.15,1389553
1441,2021-07-01,2.21,2.14,2.21,2.12,1483120
1442,2021-07-02,2.14,2.15,2.19,2.12,922216
1443,2021-07-05,2.13,2.12,2.14,2.1,1051447
1444,2021-07-06,2.12,2.15,2.17,2.1,1206535
1445,2021-07-07,2.13,2.12,2.14,2.11,993286
1446,2021-07-08,2.13,2.11,2.13,2.1,878312
1447,2021-07-09,2.12,2.07,2.12,2.06,1256360
1448,2021-07-12,2.06,1.99,2.06,1.98,2140888
1449,2021-07-13,1.99,2.09,2.09,1.98,1677443
1450,2021-07-14,2.11,2.16,2.19,2.05,2045676
1451,2021-07-15,2.14,2.17,2.24,2.13,1644128
1452,2021-07-16,2.16,2.14,2.18,2.12,1145985
1453,2021-07-19,2.13,2.11,2.14,2.09,911856
1454,2021-07-20,2.1,2.22,2.22,2.09,1973067
1455,2021-07-21,2.25,2.21,2.26,2.19,1392843
1456,2021-07-22,2.19,2.18,2.21,2.16,987597
1457,2021-07-23,2.18,2.21,2.24,2.17,1182463
1458,2021-07-26,2.2,2.15,2.23,2.13,1441517
1459,2021-07-27,2.15,2.12,2.19,2.11,1092500
1460,2021-07-28,2.11,2.06,2.11,2.01,1350575
1461,2021-07-29,2.08,2.11,2.12,2.07,861125
1462,2021-07-30,2.11,2.2,2.22,2.07,1554729
1463,2021-08-02,2.16,2.18,2.2,2.12,1259760
1464,2021-08-03,2.17,2.17,2.22,2.16,957331
1465,2021-08-04,2.16,2.19,2.21,2.16,915006
1466,2021-08-05,2.19,2.2,2.21,2.17,1071556
1467,2021-08-06,2.21,2.2,2.25,2.19,1202593
1468,2021-08-09,2.09,2.09,2.12,2.09,1836943
1469,2021-08-10,2.04,2.09,2.12,2.04,1430721
1470,2021-08-11,2.09,2.14,2.18,2.09,1400531
1471,2021-08-12,2.15,2.14,2.17,2.12,1018156
1472,2021-08-13,2.14,2.15,2.16,2.13,793849
1473,2021-08-16,2.14,2.11,2.15,2.1,1024476
1474,2021-08-17,2.1,2.09,2.13,2.08,958464
1475,2021-08-18,2.11,2.1,2.11,2.09,718813
1476,2021-08-19,2.1,2.07,2.11,2.06,1027172
1477,2021-08-20,2.08,2.05,2.09,2.04,1043256
1478,2021-08-23,2.06,2.05,2.08,2.03,1151983
1479,2021-08-24,2.05,2.04,2.06,2.03,996326
1480,2021-08-25,2.04,2.09,2.11,2.02,1436082
1481,2021-08-26,2.08,2.07,2.1,2.05,965385
1482,2021-08-27,2.07,2.09,2.11,2.06,804952
1483,2021-08-30,2.09,2.09,2.1,2.07,811931
1484,2021-08-31,2.15,2.19,2.19,2.15,2009852
1485,2021-09-01,2.2,2.18,2.26,2.17,1999263
1486,2021-09-02,2.18,2.19,2.21,2.17,912658
1487,2021-09-03,2.18,2.23,2.25,2.18,1353368
1488,2021-09-06,2.23,2.34,2.34,2.22,2372686
1489,2021-09-07,2.38,2.46,2.46,2.34,2300662
1490,2021-09-08,2.51,2.41,2.58,2.37,4449292
1491,2021-09-09,2.41,2.48,2.49,2.36,2916654
1492,2021-09-10,2.51,2.48,2.59,2.45,2516282
1493,2021-09-13,2.36,2.36,2.36,2.36,1249762
1494,2021-09-14,2.24,2.24,2.24,2.24,570963
1495,2021-09-15,2.13,2.17,2.34,2.13,7045100
1496,2021-09-16,2.15,2.08,2.2,2.06,3698176
1497,2021-09-17,2.06,2.18,2.18,2.06,2769130
1498,2021-09-22,2.26,2.27,2.29,2.2,3107704
1499,2021-09-23,2.25,2.24,2.29,2.21,1814085
1500,2021-09-24,2.25,2.25,2.28,2.24,1475298
1501,2021-09-28,2.3,2.36,2.36,2.25,2556939
1502,2021-09-29,2.43,2.39,2.48,2.36,4395205
1503,2021-09-30,2.41,2.34,2.41,2.27,2465966
1504,2021-10-08,2.36,2.24,2.37,2.23,2002927
1505,2021-10-11,2.2,2.24,2.29,2.14,1845456
1506,2021-10-12,2.21,2.19,2.25,2.18,1199935
1507,2021-10-13,2.19,2.2,2.26,2.18,1176994
1508,2021-10-14,2.19,2.19,2.24,2.18,1118279
1509,2021-10-15,2.18,2.17,2.18,2.15,870189
1510,2021-10-18,2.18,2.19,2.21,2.16,832078
1511,2021-10-19,2.19,2.19,2.19,2.17,668126
1512,2021-10-20,2.19,2.28,2.29,2.18,1544660
1513,2021-10-21,2.25,2.23,2.27,2.21,980248
1514,2021-10-22,2.23,2.23,2.27,2.22,766448
1515,2021-10-25,2.29,2.23,2.29,2.22,1171007
1516,2021-10-26,2.22,2.15,2.23,2.13,1592263
1517,2021-10-27,2.13,2.13,2.15,2.11,897331
1518,2021-10-28,2.13,2.13,2.18,2.11,925293
1519,2021-10-29,2.08,2.09,2.11,2.06,1274533
1520,2021-11-01,2.13,2.07,2.13,2.05,1289559
1521,2021-11-02,2.07,1.97,2.07,1.97,2410441
1522,2021-11-03,1.92,1.93,1.95,1.87,2143493
1523,2021-11-04,1.92,1.9,1.93,1.89,1319291
1524,2021-11-05,1.9,1.95,1.99,1.86,1771649
1525,2021-11-08,1.94,1.96,2.0,1.93,1201503
1526,2021-11-09,1.95,1.93,1.97,1.92,824030
1527,2021-11-10,1.92,1.9,1.93,1.88,955312
1528,2021-11-11,1.91,1.93,1.94,1.89,715130
1529,2021-11-12,1.92,1.91,1.92,1.9,617041
1530,2021-11-15,1.9,1.88,1.91,1.87,972314
1531,2021-11-16,1.88,1.88,1.9,1.87,824700
1532,2021-11-17,1.87,1.89,1.92,1.86,891913
1533,2021-11-18,1.89,1.88,1.9,1.87,735304
1534,2021-11-19,1.88,1.87,1.88,1.85,830201
1535,2021-11-22,1.86,1.84,1.87,1.82,1189467
1536,2021-11-23,1.83,1.86,1.87,1.79,1949608
1537,2021-11-24,1.85,1.9,1.95,1.84,2071732
1538,2021-11-25,1.89,1.88,1.92,1.87,1024471
1539,2021-11-26,1.88,1.89,1.92,1.85,1026634
1540,2021-11-29,1.85,1.83,1.86,1.82,1016626
1541,2021-11-30,1.88,1.92,1.92,1.88,1899525
1542,2021-12-01,1.95,2.02,2.02,1.93,1720889
1543,2021-12-02,2.1,2.03,2.12,2.01,2754454
1544,2021-12-03,2.07,2.05,2.07,2.01,2171462
1545,2021-12-06,2.03,1.95,2.03,1.95,1934771
1546,2021-12-07,1.94,1.97,2.04,1.94,1394051
1547,2021-12-08,1.96,1.96,1.98,1.94,1082460
1548,2021-12-09,2.0,1.96,2.06,1.96,2452455
1549,2021-12-10,1.97,1.92,1.97,1.91,2112553
1550,2021-12-13,1.9,1.91,1.92,1.9,1133103
1551,2021-12-14,1.91,1.88,1.91,1.87,1058333
1552,2021-12-15,1.87,1.91,1.95,1.86,1419814
1553,2021-12-16,1.9,1.9,1.92,1.88,985196
1554,2021-12-17,1.89,1.91,1.92,1.88,855344
1555,2021-12-20,1.87,1.87,1.89,1.86,1209034
1556,2021-12-21,1.87,1.91,1.92,1.86,899891
1557,2021-12-22,1.9,1.88,1.91,1.88,675675
1558,2021-12-23,1.88,1.88,1.9,1.87,604736
1559,2021-12-24,1.88,1.86,1.89,1.85,809960
1560,2021-12-27,1.85,1.84,1.86,1.84,813691
1561,2021-12-28,1.85,1.83,1.85,1.81,826086
1562,2021-12-29,1.82,1.85,1.86,1.81,936888
1563,2021-12-30,1.84,1.83,1.85,1.82,757949
1564,2021-12-31,1.82,1.86,1.88,1.82,816112
1565,2022-01-04,1.9,1.9,1.92,1.88,1043214
1566,2022-01-05,1.89,1.88,1.9,1.87,772578
1567,2022-01-06,1.87,1.87,1.89,1.87,515479
1568,2022-01-07,1.87,1.88,1.9,1.87,913129
1569,2022-01-10,1.89,1.89,1.91,1.88,744114
1570,2022-01-11,1.89,1.9,1.92,1.88,731932
1571,2022-01-12,1.9,1.89,1.91,1.89,535361
1572,2022-01-13,1.89,1.88,1.9,1.87,581391
1573,2022-01-14,1.87,1.86,1.88,1.85,607773
1574,2022-01-17,1.86,1.86,1.87,1.85,594870
1575,2022-01-18,1.86,1.88,1.9,1.84,1040782
1576,2022-01-19,1.87,1.86,1.88,1.85,608286
1577,2022-01-20,1.86,1.86,1.89,1.85,714300
1578,2022-01-21,1.86,1.86,1.87,1.85,579171
1579,2022-01-24,1.86,1.86,1.87,1.85,524591
1580,2022-01-25,1.86,1.85,1.87,1.84,754967
1581,2022-01-26,1.85,1.86,1.87,1.85,507576
1582,2022-01-27,1.85,1.83,1.86,1.82,845297
1583,2022-01-28,1.85,1.83,1.88,1.81,1569376
1584,2022-02-07,1.84,1.83,1.85,1.81,816429
1585,2022-02-08,1.83,1.84,1.85,1.82,930942
1586,2022-02-09,1.83,1.85,1.85,1.83,649394
1587,2022-02-10,1.85,1.94,1.94,1.84,1388673
1588,2022-02-11,2.03,1.98,2.04,1.96,3644113
1589,2022-02-14,1.97,1.99,2.04,1.95,1766215
1590,2022-02-15,2.01,2.0,2.03,1.99,1027749
1591,2022-02-16,2.01,1.99,2.02,1.97,1041168
1592,2022-02-17,1.99,1.96,2.0,1.95,1016818
1593,2022-02-18,1.96,1.99,2.0,1.95,918052
1594,2022-02-21,1.99,1.99,2.0,1.97,824155
1595,2022-02-22,1.98,1.97,1.99,1.97,665357
1596,2022-02-23,1.98,2.0,2.04,1.98,988912
1597,2022-02-24,1.99,1.94,2.0,1.91,1522778
1598,2022-02-25,1.95,1.97,1.98,1.95,695205
1599,2022-02-28,1.96,1.93,1.97,1.93,901870
1600,2022-03-01,1.93,1.95,1.96,1.93,556635
1601,2022-03-02,1.94,1.94,1.95,1.93,520675
1602,2022-03-03,1.94,1.95,1.97,1.94,675371
1603,2022-03-04,1.95,1.95,1.96,1.94,575414
1604,2022-03-07,1.95,1.92,1.95,1.91,825396
1605,2022-03-08,1.91,1.89,1.93,1.88,874436
1606,2022-03-09,1.9,1.86,1.91,1.81,1111914
1607,2022-03-10,1.89,1.87,1.9,1.87,591780
1608,2022-03-11,1.86,1.88,1.89,1.84,724133
1609,2022-03-14,1.86,1.84,1.87,1.84,624640
1610,2022-03-15,1.84,1.81,1.85,1.81,1001872
1611,2022-03-16,1.82,1.83,1.84,1.79,1354430
1612,2022-03-17,1.84,1.84,1.85,1.83,911427
1613,2022-03-18,1.83,1.86,1.89,1.82,1029233
1614,2022-03-21,1.86,1.85,1.86,1.84,543759
1615,2022-03-22,1.79,1.83,1.84,1.79,978541
1616,2022-03-23,1.82,1.82,1.83,1.82,405261
1617,2022-03-24,1.82,1.82,1.83,1.81,434478
1618,2022-03-25,1.82,1.82,1.83,1.82,359901
1619,2022-03-28,1.82,1.81,1.83,1.8,499989
1620,2022-03-29,1.8,1.81,1.83,1.8,386903
1621,2022-03-30,1.82,1.82,1.83,1.81,391945
1622,2022-03-31,1.81,1.81,1.83,1.8,674994
1623,2022-04-01,1.81,1.82,1.83,1.8,778028
1624,2022-04-06,1.81,1.81,1.82,1.8,567514
1625,2022-04-07,1.81,1.8,1.82,1.8,465593
1626,2022-04-08,1.8,1.79,1.81,1.78,582984
1627,2022-04-11,1.79,1.72,1.8,1.71,1009347
1628,2022-04-12,1.71,1.81,1.81,1.71,1021039
1629,2022-04-13,1.79,1.77,1.8,1.77,578384
1630,2022-04-14,1.78,1.77,1.79,1.77,432236
1631,2022-04-15,1.77,1.75,1.77,1.73,507538
1632,2022-04-18,1.75,1.74,1.75,1.73,360763
1633,2022-04-19,1.73,1.74,1.74,1.72,353530
1634,2022-04-20,1.74,1.73,1.74,1.72,404004
1635,2022-04-21,1.72,1.68,1.73,1.66,800678
1636,2022-04-22,1.67,1.69,1.71,1.65,550378
1637,2022-04-25,1.73,1.77,1.77,1.73,1578464
1638,2022-04-26,1.8,1.73,1.8,1.7,1354094
1639,2022-04-27,1.7,1.73,1.77,1.65,1035370
1640,2022-04-28,1.73,1.79,1.81,1.71,1186239
1641,2022-04-29,1.78,1.79,1.8,1.75,1030666
1642,2022-05-05,1.75,1.73,1.77,1.71,930580
1643,2022-05-06,1.7,1.68,1.7,1.67,696561
1644,2022-05-09,1.67,1.69,1.72,1.66,477759
1645,2022-05-10,1.67,1.68,1.69,1.66,463650
1646,2022-05-11,1.68,1.69,1.71,1.67,596480
1647,2022-05-12,1.68,1.67,1.69,1.66,537214
1648,2022-05-13,1.67,1.68,1.68,1.66,406061
1649,2022-05-16,1.67,1.67,1.68,1.66,450995
1650,2022-05-17,1.67,1.68,1.68,1.66,404837
1651,2022-05-19,1.72,1.71,1.74,1.7,1343649
1652,2022-05-20,1.7,1.7,1.71,1.68,762555
1653,2022-05-23,1.7,1.69,1.7,1.68,536543
1654,2022-05-24,1.69,1.66,1.69,1.66,577211
1655,2022-05-25,1.66,1.67,1.68,1.66,351506
1656,2022-05-26,1.68,1.68,1.68,1.67,430056
1657,2022-05-27,1.68,1.68,1.69,1.67,345253
1658,2022-05-30,1.68,1.67,1.68,1.67,324424
1659,2022-05-31,1.67,1.67,1.68,1.66,464392
1660,2022-06-01,1.67,1.67,1.68,1.66,435432
1661,2022-06-02,1.67,1.66,1.67,1.65,549734
1662,2022-06-06,1.66,1.66,1.67,1.65,625563
1663,2022-06-07,1.66,1.67,1.67,1.65,431369
1664,2022-06-08,1.66,1.66,1.67,1.65,402699
1665,2022-06-09,1.66,1.65,1.67,1.64,447606
1666,2022-06-10,1.64,1.64,1.65,1.63,544780
1667,2022-06-13,1.63,1.61,1.64,1.6,899755
1668,2022-06-14,1.6,1.59,1.6,1.57,697881
1669,2022-06-15,1.58,1.62,1.67,1.58,2700686
1670,2022-06-16,1.6,1.6,1.61,1.58,984586
1671,2022-06-17,1.59,1.59,1.6,1.58,480025
1672,2022-06-20,1.59,1.61,1.63,1.59,767884
1673,2022-06-21,1.61,1.61,1.64,1.6,629787
1674,2022-06-22,1.61,1.6,1.62,1.59,487180
1675,2022-06-23,1.6,1.6,1.61,1.59,490552
1676,2022-06-24,1.6,1.6,1.61,1.59,711705
1677,2022-06-27,1.6,1.6,1.63,1.59,1111773
1678,2022-06-28,1.59,1.6,1.61,1.58,910952
1679,2022-06-29,1.6,1.58,1.61,1.58,757770
1680,2022-06-30,1.59,1.58,1.61,1.57,1755013
1681,2022-07-01,1.58,1.57,1.59,1.56,811611
1682,2022-07-04,1.57,1.57,1.57,1.56,525071
1683,2022-07-05,1.56,1.55,1.57,1.54,798711
1684,2022-07-06,1.54,1.52,1.55,1.51,933640
1685,2022-07-07,1.51,1.51,1.52,1.5,597691
1686,2022-07-08,1.51,1.51,1.52,1.5,359217
1687,2022-07-11,1.51,1.48,1.51,1.48,734390
1688,2022-07-12,1.48,1.46,1.48,1.45,745343
1689,2022-07-13,1.46,1.49,1.5,1.46,799651
1690,2022-07-14,1.48,1.47,1.48,1.46,497452
1691,2022-07-15,1.43,1.4,1.43,1.4,1548624
1692,2022-07-18,1.35,1.37,1.39,1.33,1555658
1693,2022-07-19,1.36,1.39,1.4,1.36,725333
1694,2022-07-20,1.38,1.38,1.39,1.37,468042
1695,2022-07-21,1.37,1.43,1.45,1.36,1238796
1696,2022-07-22,1.41,1.4,1.43,1.38,824044
1697,2022-07-25,1.39,1.39,1.42,1.38,615616
1698,2022-07-26,1.39,1.42,1.42,1.38,547355
1699,2022-07-27,1.41,1.4,1.42,1.39,476516
1700,2022-07-28,1.4,1.38,1.41,1.38,712152
1701,2022-07-29,1.38,1.37,1.39,1.36,630885
1702,2022-08-01,1.37,1.36,1.37,1.35,516321
1703,2022-08-02,1.35,1.3,1.36,1.3,1403090
1704,2022-08-03,1.29,1.28,1.32,1.27,934661
1705,2022-08-04,1.28,1.28,1.3,1.27,820641
1706,2022-08-05,1.28,1.31,1.32,1.27,830876
1707,2022-08-08,1.28,1.29,1.3,1.27,718057
1708,2022-08-09,1.29,1.33,1.35,1.28,1024726
1709,2022-08-10,1.32,1.31,1.32,1.3,533226
1710,2022-08-11,1.38,1.38,1.38,1.38,369424
1711,2022-08-12,1.45,1.45,1.45,1.45,153443
1712,2022-08-15,1.52,1.52,1.52,1.52,137816
1713,2022-08-16,1.55,1.54,1.59,1.48,4367472
1714,2022-08-17,1.52,1.5,1.54,1.49,1754363
1715,2022-08-18,1.49,1.54,1.57,1.48,1381236
1716,2022-08-19,1.53,1.54,1.56,1.52,868073
1717,2022-08-22,1.53,1.54,1.54,1.51,793350
1718,2022-08-23,1.53,1.55,1.57,1.52,775293
1719,2022-08-24,1.55,1.52,1.56,1.51,803921
1720,2022-08-25,1.52,1.52,1.53,1.5,552905
1721,2022-08-26,1.52,1.52,1.53,1.51,475226
1722,2022-08-29,1.51,1.53,1.54,1.5,600743
1723,2022-08-30,1.52,1.52,1.54,1.52,478945
1724,2022-08-31,1.52,1.52,1.53,1.51,633655
1725,2022-09-01,1.52,1.5,1.52,1.5,488544
1726,2022-09-02,1.53,1.54,1.54,1.52,694380
1727,2022-09-05,1.53,1.53,1.54,1.52,419720
1728,2022-09-06,1.53,1.54,1.55,1.52,685394
1729,2022-09-07,1.54,1.55,1.55,1.53,413114
1730,2022-09-08,1.54,1.59,1.6,1.54,1127997
1731,2022-09-09,1.57,1.58,1.59,1.56,590743
1732,2022-09-13,1.58,1.55,1.58,1.55,573798
1733,2022-09-14,1.54,1.55,1.56,1.52,598934
1734,2022-09-15,1.54,1.53,1.55,1.51,515920
1735,2022-09-16,1.53,1.5,1.53,1.5,569787
1736,2022-09-19,1.5,1.43,1.5,1.43,1079874
1737,2022-09-20,1.43,1.44,1.45,1.42,398151
1738,2022-09-21,1.43,1.44,1.45,1.4,520010
1739,2022-09-22,1.43,1.44,1.45,1.42,321789
1740,2022-09-23,1.51,1.51,1.51,1.51,165764
1741,2022-09-26,1.53,1.56,1.59,1.52,2245772
1742,2022-09-27,1.55,1.61,1.63,1.53,1548268
1743,2022-09-28,1.6,1.59,1.65,1.59,1217390
1744,2022-09-30,1.65,1.63,1.73,1.62,4437624
1745,2022-10-10,1.6,1.53,1.6,1.52,2015373
1746,2022-10-11,1.53,1.51,1.54,1.48,1320975
1747,2022-10-12,1.5,1.51,1.52,1.47,1172638
1748,2022-10-13,1.51,1.51,1.54,1.49,1126332
1749,2022-10-14,1.51,1.52,1.53,1.5,1124242
1750,2022-10-17,1.5,1.51,1.52,1.5,884879
1751,2022-10-18,1.53,1.57,1.61,1.52,2363185
1752,2022-10-19,1.56,1.54,1.59,1.54,1321898
1753,2022-10-20,1.53,1.57,1.61,1.51,1942023
1754,2022-10-21,1.56,1.56,1.59,1.55,1304364
1755,2022-10-24,1.56,1.51,1.57,1.5,1482256
1756,2022-10-25,1.5,1.53,1.53,1.5,1109753
1757,2022-10-26,1.53,1.52,1.54,1.51,891442
1758,2022-10-27,1.53,1.52,1.54,1.52,769114
1759,2022-10-28,1.52,1.49,1.52,1.48,1020402
1760,2022-10-31,1.46,1.45,1.48,1.44,1050989
1761,2022-11-01,1.44,1.51,1.52,1.44,1193781
1762,2022-11-02,1.51,1.53,1.55,1.49,1610352
1763,2022-11-03,1.51,1.51,1.53,1.5,821297
1764,2022-11-04,1.51,1.55,1.56,1.5,1684306
1765,2022-11-07,1.54,1.57,1.57,1.52,1579353
1766,2022-11-08,1.57,1.56,1.57,1.55,957150
1767,2022-11-09,1.57,1.57,1.6,1.56,1412303
1768,2022-11-10,1.57,1.61,1.64,1.55,2687895
1769,2022-11-11,1.63,1.6,1.64,1.59,2573085
1770,2022-11-14,1.61,1.57,1.62,1.57,1552482
1771,2022-11-15,1.58,1.6,1.61,1.57,1259956
1772,2022-11-16,1.61,1.62,1.63,1.6,1275525
1773,2022-11-17,1.61,1.62,1.63,1.6,1173290
1774,2022-11-18,1.64,1.62,1.67,1.61,1672885
1775,2022-11-21,1.61,1.57,1.61,1.56,1406335
1776,2022-11-22,1.58,1.57,1.59,1.56,1064933
1777,2022-11-23,1.57,1.56,1.57,1.54,1031021
1778,2022-11-24,1.56,1.54,1.56,1.53,971047
1779,2022-11-25,1.54,1.56,1.56,1.53,787161
1780,2022-11-28,1.54,1.57,1.58,1.53,1200650
1781,2022-11-29,1.57,1.63,1.63,1.56,2206295
1782,2022-11-30,1.62,1.64,1.65,1.61,1698686
1783,2022-12-01,1.66,1.63,1.7,1.62,2017318
1784,2022-12-02,1.62,1.63,1.65,1.61,1025137
1785,2022-12-05,1.66,1.79,1.79,1.66,4594803
1786,2022-12-06,1.79,1.78,1.85,1.76,5454663
1787,2022-12-07,1.78,1.96,1.96,1.77,8392972
1788,2022-12-08,1.96,1.92,1.96,1.88,6265871
1789,2022-12-09,1.92,1.88,1.93,1.83,3581265
1790,2022-12-12,1.88,1.87,1.92,1.84,3219956
1791,2022-12-13,1.86,1.91,1.95,1.84,3489981
1792,2022-12-14,1.89,1.92,1.94,1.86,2635185
1793,2022-12-15,1.92,1.86,1.92,1.85,2108277
1794,2022-12-16,1.88,1.91,1.91,1.85,2207777
1795,2022-12-19,1.9,1.84,1.91,1.83,1994574
1796,2022-12-20,1.84,1.82,1.86,1.81,1295140
1797,2022-12-21,1.83,1.83,1.87,1.82,1050059
1798,2022-12-22,1.84,1.83,1.88,1.83,1275008
1799,2022-12-23,1.82,1.82,1.85,1.8,1140341
1800,2022-12-26,1.82,1.89,1.95,1.81,2587720
1801,2022-12-27,1.93,1.88,1.94,1.86,1789216
1802,2022-12-28,1.86,1.85,1.89,1.84,1021633
1803,2022-12-29,1.85,1.83,1.85,1.82,859498
1804,2022-12-30,1.83,1.86,1.87,1.82,979848
1805,2023-01-03,1.86,1.85,1.87,1.83,887502
1806,2023-01-04,1.85,1.86,1.88,1.84,966052
1807,2023-01-05,1.86,1.87,1.88,1.85,1214503
1808,2023-01-06,1.86,1.84,1.89,1.83,1147306
1809,2023-01-09,1.85,1.84,1.85,1.83,804594
1810,2023-01-10,1.85,1.84,1.85,1.83,526721
1811,2023-01-11,1.84,1.8,1.85,1.8,1149415
1812,2023-01-12,1.8,1.79,1.81,1.76,1453441
1813,2023-01-13,1.79,1.8,1.82,1.78,852357
1814,2023-01-16,1.8,1.81,1.84,1.79,1018692
1815,2023-01-17,1.81,1.79,1.82,1.78,739329
1816,2023-01-18,1.8,1.8,1.84,1.79,870929
1817,2023-01-19,1.8,1.8,1.81,1.79,598571
1818,2023-01-20,1.81,1.83,1.84,1.8,1048425
1819,2023-01-30,1.86,1.83,1.87,1.82,1296439
1820,2023-01-31,1.82,1.81,1.84,1.81,879734
1821,2023-02-01,1.81,1.82,1.82,1.78,1262269
1822,2023-02-02,1.82,1.8,1.82,1.79,895930
1823,2023-02-03,1.8,1.78,1.8,1.77,958916
1824,2023-02-06,1.78,1.78,1.8,1.76,875790
1825,2023-02-07,1.78,1.78,1.79,1.77,714408
1826,2023-02-08,1.78,1.79,1.8,1.78,650417
1827,2023-02-09,1.79,1.8,1.8,1.78,684862
1828,2023-02-10,1.8,1.8,1.81,1.79,868102
1829,2023-02-13,1.8,1.84,1.84,1.79,1610342
1830,2023-02-14,1.84,1.82,1.84,1.81,862900
1831,2023-02-15,1.82,1.8,1.82,1.79,784450
1832,2023-02-16,1.8,1.79,1.83,1.78,1226760
1833,2023-02-17,1.78,1.78,1.8,1.78,799972
1834,2023-02-20,1.79,1.8,1.8,1.77,797144
1835,2023-02-21,1.8,1.79,1.8,1.78,571581
1836,2023-02-22,1.79,1.79,1.8,1.78,494669
1837,2023-02-23,1.79,1.78,1.79,1.78,522323
1838,2023-02-24,1.78,1.77,1.79,1.77,425161
1839,2023-02-27,1.77,1.77,1.79,1.76,666907
1840,2023-02-28,1.77,1.79,1.79,1.77,536538
1841,2023-03-01,1.79,1.79,1.79,1.78,491848
1842,2023-03-02,1.79,1.78,1.8,1.78,636527
1843,2023-03-03,1.78,1.78,1.79,1.77,1133999
1844,2023-03-06,1.78,1.79,1.8,1.77,910100
1845,2023-03-07,1.79,1.77,1.8,1.77,939607
1846,2023-03-08,1.77,1.77,1.78,1.76,506979
1847,2023-03-09,1.77,1.77,1.78,1.76,464057
1848,2023-03-10,1.76,1.74,1.77,1.74,835501
1849,2023-03-13,1.74,1.75,1.76,1.73,692654
1850,2023-03-14,1.74,1.73,1.76,1.72,797631
1851,2023-03-15,1.74,1.72,1.74,1.72,647560
1852,2023-03-16,1.72,1.68,1.72,1.67,1369376
1853,2023-03-17,1.68,1.69,1.72,1.67,1030620
1854,2023-03-20,1.69,1.68,1.7,1.67,671264
1855,2023-03-21,1.68,1.69,1.69,1.67,547165
1856,2023-03-22,1.69,1.69,1.7,1.68,418708
1857,2023-03-23,1.69,1.7,1.7,1.69,425651
1858,2023-03-24,1.7,1.76,1.78,1.69,1996932
1859,2023-03-27,1.76,1.75,1.78,1.73,995993
1860,2023-03-28,1.75,1.72,1.76,1.72,568522
1861,2023-03-29,1.73,1.74,1.76,1.72,838368
1862,2023-03-30,1.75,1.74,1.75,1.72,655051
1863,2023-03-31,1.74,1.76,1.77,1.74,728545
1864,2023-04-03,1.76,1.81,1.83,1.75,2174538
1865,2023-04-04,1.81,1.79,1.82,1.78,1083079
1866,2023-04-06,1.79,1.8,1.82,1.78,1012218
1867,2023-04-07,1.8,1.79,1.81,1.78,858869
1868,2023-04-10,1.8,1.77,1.8,1.77,724272
1869,2023-04-11,1.78,1.76,1.78,1.75,797793
1870,2023-04-12,1.77,1.77,1.78,1.75,553314
1871,2023-04-13,1.76,1.75,1.77,1.75,519309
1872,2023-04-14,1.75,1.75,1.77,1.75,567083
1873,2023-04-17,1.76,1.75,1.78,1.74,2581910
1874,2023-04-18,1.75,1.73,1.75,1.71,847001
1875,2023-04-19,1.72,1.71,1.74,1.71,760687
1876,2023-04-20,1.71,1.71,1.72,1.7,564730
1877,2023-04-21,1.72,1.69,1.73,1.68,1216713
1878,2023-04-24,1.69,1.68,1.7,1.67,760968
1879,2023-04-25,1.68,1.7,1.72,1.68,903200
1880,2023-04-26,1.7,1.69,1.7,1.68,565593
1881,2023-04-27,1.69,1.7,1.71,1.68,647977
1882,2023-04-28,1.72,1.71,1.74,1.69,1821936
1883,2023-05-04,1.71,1.7,1.72,1.69,1104243
1884,2023-05-05,1.71,1.69,1.71,1.69,685412
1885,2023-05-08,1.7,1.69,1.7,1.68,1153442
1886,2023-05-09,1.69,1.69,1.71,1.68,995682
1887,2023-05-10,1.69,1.68,1.7,1.67,956949
1888,2023-05-11,1.68,1.68,1.69,1.67,485835
1889,2023-05-12,1.68,1.69,1.7,1.67,1171741
1890,2023-05-15,1.69,1.69,1.69,1.67,578929
1891,2023-05-16,1.69,1.67,1.69,1.67,636171
1892,2023-05-17,1.67,1.68,1.68,1.66,719214
1893,2023-05-18,1.68,1.67,1.68,1.67,473323
1894,2023-05-19,1.67,1.67,1.68,1.66,466693
1895,2023-05-22,1.68,1.68,1.68,1.67,558539
1896,2023-05-23,1.68,1.67,1.68,1.66,617846
1897,2023-05-24,1.67,1.66,1.67,1.65,820779
1898,2023-05-25,1.66,1.64,1.66,1.62,1014385
1899,2023-05-26,1.63,1.62,1.64,1.61,592751
1900,2023-05-29,1.62,1.62,1.65,1.62,866272
1901,2023-05-30,1.63,1.61,1.63,1.58,1057670
1902,2023-05-31,1.61,1.71,1.71,1.6,3869432
1903,2023-06-01,1.69,1.67,1.7,1.65,1491640
1904,2023-06-02,1.67,1.68,1.68,1.65,691052
1905,2023-06-05,1.68,1.7,1.72,1.67,1005115
1906,2023-06-06,1.7,1.69,1.71,1.67,658895
1907,2023-06-07,1.68,1.67,1.69,1.67,421698
1908,2023-06-08,1.68,1.68,1.69,1.67,484958
1909,2023-06-09,1.68,1.68,1.7,1.67,477032
1910,2023-06-12,1.68,1.67,1.69,1.66,467306
1911,2023-06-13,1.67,1.64,1.67,1.64,650231
1912,2023-06-14,1.64,1.65,1.66,1.64,491124
1913,2023-06-15,1.64,1.65,1.65,1.63,491810
1914,2023-06-16,1.65,1.65,1.67,1.64,685947
1915,2023-06-19,1.66,1.66,1.68,1.65,765607
1916,2023-06-20,1.66,1.64,1.67,1.63,809177
1917,2023-06-21,1.64,1.62,1.65,1.61,605239
1918,2023-06-26,1.61,1.58,1.62,1.58,914643
1919,2023-06-27,1.58,1.58,1.6,1.58,524804
1920,2023-06-28,1.59,1.58,1.6,1.57,707249
1921,2023-06-29,1.59,1.57,1.59,1.57,458522
1922,2023-06-30,1.58,1.58,1.6,1.57,483894
1923,2023-07-03,1.59,1.63,1.64,1.58,1073679
1924,2023-07-04,1.63,1.62,1.63,1.61,539214
1925,2023-07-05,1.62,1.62,1.63,1.61,568165
1926,2023-07-06,1.62,1.62,1.63,1.61,413393
1927,2023-07-07,1.61,1.61,1.62,1.61,294473
1928,2023-07-10,1.62,1.62,1.63,1.61,348481
1929,2023-07-11,1.62,1.61,1.62,1.61,255748
1930,2023-07-12,1.61,1.6,1.62,1.59,466176
1931,2023-07-13,1.6,1.6,1.61,1.59,401539
1932,2023-07-14,1.6,1.61,1.61,1.59,405593
1933,2023-07-17,1.6,1.6,1.6,1.59,329527
1934,2023-07-18,1.6,1.6,1.62,1.59,691163
1935,2023-07-19,1.6,1.6,1.62,1.59,509619
1936,2023-07-20,1.6,1.59,1.61,1.59,366702
1937,2023-07-21,1.59,1.6,1.61,1.59,413259
1938,2023-07-24,1.6,1.6,1.61,1.59,330061
1939,2023-07-25,1.6,1.62,1.63,1.6,659548
1940,2023-07-26,1.62,1.64,1.65,1.61,1092163
1941,2023-07-27,1.63,1.64,1.66,1.63,1081466
1942,2023-07-28,1.63,1.66,1.67,1.63,941442
1943,2023-07-31,1.66,1.67,1.7,1.66,1641525
1944,2023-08-01,1.68,1.7,1.71,1.66,1579424
1945,2023-08-02,1.7,1.68,1.71,1.67,930590
1946,2023-08-03,1.68,1.68,1.69,1.67,766934
1947,2023-08-04,1.69,1.67,1.71,1.67,1294814
1948,2023-08-07,1.67,1.66,1.68,1.65,646726
1949,2023-08-08,1.65,1.66,1.68,1.65,674560
1950,2023-08-09,1.67,1.65,1.67,1.64,661009
1951,2023-08-10,1.65,1.69,1.69,1.65,1090675
1952,2023-08-11,1.69,1.66,1.7,1.66,1032483
1953,2023-08-14,1.66,1.65,1.68,1.64,862851
1954,2023-08-15,1.65,1.63,1.65,1.62,610774
1955,2023-08-16,1.63,1.62,1.64,1.62,394612
1956,2023-08-17,1.62,1.63,1.64,1.62,416772
1957,2023-08-18,1.64,1.61,1.64,1.61,521898
1958,2023-08-21,1.61,1.59,1.62,1.59,685348
1959,2023-08-22,1.6,1.58,1.6,1.57,804609
1960,2023-08-23,1.59,1.58,1.59,1.57,533377
1961,2023-08-24,1.57,1.56,1.58,1.56,667503
1962,2023-08-25,1.56,1.54,1.57,1.54,705339
1963,2023-08-28,1.6,1.54,1.61,1.54,1145829
1964,2023-08-29,1.54,1.56,1.57,1.53,658601
1965,2023-08-30,1.57,1.56,1.57,1.55,678503
1966,2023-08-31,1.56,1.56,1.56,1.54,1075004
1967,2023-09-01,1.55,1.56,1.57,1.55,489419
1968,2023-09-04,1.56,1.56,1.57,1.54,958209
1969,2023-09-05,1.55,1.55,1.56,1.54,524217
1970,2023-09-06,1.54,1.53,1.55,1.53,743099
1971,2023-09-07,1.53,1.49,1.54,1.49,1201897
1972,2023-09-08,1.48,1.48,1.49,1.47,653068
1973,2023-09-11,1.48,1.51,1.51,1.48,655558
1974,2023-09-12,1.51,1.51,1.52,1.5,540984
1975,2023-09-13,1.52,1.51,1.52,1.49,526679
1976,2023-09-14,1.51,1.5,1.51,1.49,390566
1977,2023-09-15,1.5,1.5,1.51,1.48,1098615
1978,2023-09-18,1.49,1.49,1.5,1.48,684109
1979,2023-09-19,1.52,1.52,1.56,1.51,2008794
1980,2023-09-20,1.51,1.48,1.52,1.47,1341070
1981,2023-09-21,1.47,1.47,1.48,1.46,709192
1982,2023-09-22,1.46,1.48,1.49,1.46,633478
1983,2023-09-25,1.49,1.48,1.49,1.47,689256
1984,2023-09-26,1.48,1.47,1.48,1.47,327858
1985,2023-09-27,1.47,1.47,1.49,1.47,619628
1986,2023-09-28,1.48,1.48,1.49,1.47,480183
1987,2023-10-09,1.48,1.46,1.48,1.46,614691
1988,2023-10-10,1.46,1.46,1.47,1.45,436327
1989,2023-10-11,1.46,1.44,1.47,1.44,573774
1990,2023-10-12,1.45,1.46,1.46,1.44,512545
1991,2023-10-13,1.45,1.43,1.46,1.43,571959
1992,2023-10-16,1.43,1.4,1.44,1.4,700931
1993,2023-10-17,1.4,1.41,1.42,1.4,515723
1994,2023-10-18,1.41,1.4,1.42,1.4,334818
1995,2023-10-19,1.39,1.38,1.4,1.37,644638
1996,2023-10-20,1.37,1.37,1.39,1.35,1001553
1997,2023-10-23,1.37,1.34,1.37,1.33,702540
1998,2023-10-24,1.34,1.36,1.37,1.33,679922
1999,2023-10-25,1.37,1.39,1.41,1.36,852687
2000,2023-10-26,1.38,1.39,1.39,1.36,649719
2001,2023-10-27,1.39,1.43,1.43,1.38,980695
2002,2023-10-30,1.46,1.46,1.47,1.44,907674
2003,2023-10-31,1.47,1.46,1.48,1.45,1050666
2004,2023-11-01,1.47,1.46,1.48,1.45,669787
2005,2023-11-02,1.45,1.43,1.46,1.43,692356
2006,2023-11-03,1.44,1.45,1.45,1.43,609385
2007,2023-11-06,1.45,1.46,1.47,1.45,595720
2008,2023-11-07,1.46,1.44,1.46,1.44,498890
2009,2023-11-08,1.45,1.44,1.45,1.43,526550
2010,2023-11-09,1.44,1.43,1.45,1.43,403746
2011,2023-11-10,1.43,1.43,1.43,1.41,432103
2012,2023-11-13,1.43,1.44,1.45,1.42,494896
2013,2023-11-14,1.44,1.44,1.45,1.43,386306
2014,2023-11-15,1.46,1.45,1.47,1.45,414432
2015,2023-11-16,1.45,1.45,1.46,1.44,539877
2016,2023-11-17,1.45,1.47,1.48,1.44,1019699
2017,2023-11-20,1.47,1.47,1.48,1.46,531139
2018,2023-11-21,1.48,1.47,1.49,1.47,700173
2019,2023-11-22,1.47,1.47,1.48,1.46,587125
2020,2023-11-23,1.47,1.47,1.48,1.46,471104
2021,2023-11-24,1.47,1.46,1.48,1.45,693943
2022,2023-11-27,1.46,1.46,1.47,1.44,711947
2023,2023-11-28,1.45,1.45,1.46,1.44,503707
2024,2023-11-29,1.45,1.44,1.46,1.44,413058
2025,2023-11-30,1.44,1.45,1.46,1.44,599033
2026,2023-12-01,1.45,1.44,1.45,1.43,578417
2027,2023-12-04,1.44,1.44,1.45,1.43,366342
2028,2023-12-05,1.45,1.42,1.45,1.42,601511
2029,2023-12-06,1.41,1.42,1.43,1.4,575777
2030,2023-12-07,1.42,1.41,1.42,1.4,550488
2031,2023-12-08,1.41,1.42,1.43,1.4,461774
2032,2023-12-11,1.41,1.41,1.43,1.4,531756
2033,2023-12-12,1.41,1.43,1.43,1.41,302882
2034,2023-12-13,1.43,1.41,1.43,1.41,367774
2035,2023-12-14,1.42,1.39,1.43,1.39,697391
2036,2023-12-15,1.4,1.4,1.41,1.39,480471
2037,2023-12-18,1.4,1.39,1.4,1.38,465318
2038,2023-12-19,1.38,1.38,1.39,1.36,770633
2039,2023-12-20,1.37,1.35,1.38,1.35,691750
2040,2023-12-21,1.35,1.36,1.37,1.34,886956
2041,2023-12-22,1.36,1.35,1.37,1.35,680997
2042,2023-12-25,1.35,1.34,1.35,1.33,616807
2043,2023-12-26,1.34,1.33,1.35,1.33,532879
2044,2023-12-27,1.34,1.35,1.36,1.33,653817
2045,2023-12-28,1.34,1.37,1.38,1.34,861223
2046,2023-12-29,1.37,1.37,1.37,1.36,401596
2047,2024-01-02,1.37,1.37,1.38,1.36,387107
2048,2024-01-03,1.37,1.37,1.38,1.35,611434
2049,2024-01-04,1.36,1.35,1.37,1.34,626500
2050,2024-01-05,1.35,1.35,1.37,1.34,492382
2051,2024-01-08,1.35,1.33,1.36,1.33,676989
2052,2024-01-09,1.33,1.35,1.36,1.32,703165
2053,2024-01-10,1.35,1.35,1.36,1.34,506852
2054,2024-01-11,1.35,1.36,1.37,1.34,770553
2055,2024-01-12,1.36,1.36,1.39,1.35,1031829
2056,2024-01-15,1.36,1.36,1.38,1.35,671627
2057,2024-01-16,1.37,1.41,1.42,1.36,2109402
2058,2024-01-17,1.41,1.37,1.42,1.36,1174417
2059,2024-01-18,1.36,1.37,1.37,1.34,1329433
2060,2024-01-19,1.38,1.37,1.39,1.36,711372
2061,2024-01-22,1.38,1.33,1.38,1.32,1299390
2062,2024-01-23,1.32,1.35,1.36,1.32,981873
2063,2024-01-24,1.36,1.38,1.38,1.34,937634
2064,2024-01-25,1.38,1.4,1.41,1.37,1102707
2065,2024-01-26,1.4,1.46,1.53,1.39,2933674
2066,2024-01-29,1.45,1.41,1.45,1.41,1570125
2067,2024-01-30,1.41,1.38,1.41,1.38,962178
2068,2024-01-31,1.38,1.37,1.39,1.35,1095901
2069,2024-02-01,1.37,1.38,1.4,1.36,867213
2070,2024-02-02,1.38,1.36,1.4,1.34,1317498
2071,2024-02-05,1.36,1.34,1.36,1.31,1539637
2072,2024-02-06,1.33,1.38,1.39,1.32,1406152
2073,2024-02-07,1.38,1.4,1.41,1.37,1657103
2074,2024-02-08,1.4,1.41,1.42,1.39,1639075
2075,2024-02-19,1.45,1.43,1.46,1.41,1477715
2076,2024-02-20,1.42,1.42,1.43,1.41,790437
2077,2024-02-21,1.42,1.45,1.46,1.41,1581689
2078,2024-02-22,1.45,1.44,1.46,1.43,1072318
2079,2024-02-23,1.44,1.43,1.45,1.42,936806
2080,2024-02-26,1.43,1.42,1.43,1.41,987953
2081,2024-02-27,1.42,1.43,1.44,1.41,854951
2082,2024-02-28,1.44,1.41,1.44,1.41,1157158
2083,2024-02-29,1.41,1.43,1.43,1.4,1178447
2084,2024-03-01,1.43,1.42,1.43,1.41,961329
2085,2024-03-04,1.42,1.4,1.42,1.4,967902
2086,2024-03-05,1.4,1.39,1.41,1.39,754588
2087,2024-03-06,1.39,1.39,1.4,1.38,814037
2088,2024-03-07,1.39,1.39,1.41,1.38,920363
2089,2024-03-08,1.39,1.4,1.4,1.38,463408
2090,2024-03-11,1.4,1.4,1.41,1.39,1015032
2091,2024-03-12,1.41,1.41,1.42,1.4,1049643
2092,2024-03-13,1.41,1.4,1.41,1.4,513330
2093,2024-03-14,1.4,1.39,1.41,1.39,703579
2094,2024-03-15,1.39,1.42,1.43,1.39,2358303
2095,2024-03-18,1.43,1.42,1.44,1.42,1004164
2096,2024-03-19,1.43,1.41,1.43,1.41,825029
2097,2024-03-20,1.41,1.41,1.42,1.4,872650
2098,2024-03-21,1.41,1.4,1.42,1.4,665480
2099,2024-03-22,1.4,1.38,1.41,1.38,1087625
2100,2024-03-25,1.38,1.38,1.39,1.38,581009
2101,2024-03-26,1.38,1.38,1.39,1.37,649542
2102,2024-03-27,1.38,1.36,1.38,1.36,733132
2103,2024-03-28,1.36,1.37,1.38,1.36,735339
2104,2024-03-29,1.37,1.37,1.38,1.36,494379
2105,2024-04-01,1.38,1.4,1.4,1.37,960406
2106,2024-04-02,1.39,1.39,1.4,1.38,714930
2107,2024-04-03,1.39,1.38,1.39,1.37,771113
2108,2024-04-08,1.38,1.38,1.39,1.37,668100
2109,2024-04-09,1.37,1.37,1.38,1.37,491117
2110,2024-04-10,1.38,1.36,1.38,1.36,699917
2111,2024-04-11,1.36,1.36,1.37,1.35,560462
2112,2024-04-12,1.36,1.35,1.37,1.35,613532
2113,2024-04-15,1.35,1.36,1.37,1.33,1040372
2114,2024-04-16,1.35,1.33,1.36,1.33,994340
2115,2024-04-17,1.33,1.35,1.36,1.33,807963
2116,2024-04-18,1.35,1.35,1.37,1.34,746707
2117,2024-04-19,1.35,1.36,1.37,1.34,849555
2118,2024-04-22,1.35,1.35,1.37,1.34,763887
2119,2024-04-23,1.35,1.35,1.36,1.35,346923
2120,2024-04-24,1.36,1.37,1.37,1.35,728005
2121,2024-04-25,1.37,1.38,1.39,1.36,763978
2122,2024-04-26,1.38,1.39,1.39,1.37,978952
2123,2024-04-29,1.41,1.39,1.42,1.38,1709682
2124,2024-04-30,1.39,1.37,1.39,1.37,1121659
2125,2024-05-06,1.38,1.39,1.4,1.38,877973
2126,2024-05-07,1.38,1.39,1.4,1.38,1199379
2127,2024-05-08,1.39,1.38,1.39,1.38,542360
2128,2024-05-09,1.38,1.4,1.4,1.38,990797
2129,2024-05-10,1.39,1.39,1.4,1.38,585530
2130,2024-05-13,1.39,1.38,1.39,1.38,495914
2131,2024-05-14,1.39,1.39,1.4,1.38,730058
2132,2024-05-15,1.39,1.38,1.39,1.38,365139
2133,2024-05-16,1.38,1.38,1.39,1.37,718897
2134,2024-05-17,1.38,1.39,1.39,1.37,720608
2135,2024-05-20,1.38,1.4,1.41,1.38,1981378
2136,2024-05-21,1.39,1.39,1.4,1.38,863351
2137,2024-05-22,1.39,1.4,1.41,1.38,1604966
2138,2024-05-23,1.4,1.39,1.41,1.38,926593
2139,2024-05-24,1.39,1.38,1.4,1.38,714529
2140,2024-05-27,1.39,1.39,1.39,1.38,547767
2141,2024-05-28,1.39,1.38,1.39,1.38,789367
2142,2024-05-29,1.37,1.37,1.38,1.37,664655
2143,2024-05-30,1.37,1.36,1.38,1.36,739724
2144,2024-05-31,1.36,1.36,1.37,1.36,709028
2145,2024-06-03,1.36,1.33,1.37,1.32,1888518
2146,2024-06-04,1.33,1.33,1.34,1.32,988329
2147,2024-06-05,1.33,1.31,1.33,1.29,1504039
2148,2024-06-06,1.3,1.26,1.31,1.26,1749681
2149,2024-06-07,1.26,1.29,1.29,1.26,961533
2150,2024-06-11,1.28,1.27,1.29,1.27,437469
2151,2024-06-12,1.27,1.27,1.28,1.27,502243
2152,2024-06-13,1.27,1.26,1.28,1.26,520510
2153,2024-06-14,1.26,1.26,1.27,1.25,640379
2154,2024-06-17,1.26,1.25,1.26,1.25,571330
2155,2024-06-18,1.25,1.26,1.26,1.25,286246
2156,2024-06-19,1.25,1.23,1.26,1.23,934399
2157,2024-06-20,1.23,1.2,1.24,1.18,1645836
2158,2024-06-21,1.2,1.22,1.24,1.19,1064166
2159,2024-06-24,1.21,1.17,1.22,1.16,1430173
2160,2024-06-25,1.17,1.17,1.18,1.16,1096137
2161,2024-06-26,1.16,1.11,1.17,1.05,5165031
2162,2024-06-27,1.07,1.09,1.11,1.06,2252389
2163,2024-06-28,1.08,1.02,1.08,1.0,5888796
2164,2024-07-01,1.04,1.12,1.12,1.04,4820989
2165,2024-07-02,1.14,1.15,1.21,1.1,4694051
2166,2024-07-03,1.14,1.15,1.18,1.12,2222806
2167,2024-07-04,1.14,1.1,1.15,1.09,2336925
2168,2024-07-05,1.09,1.11,1.12,1.07,1692912
2169,2024-07-08,1.17,1.13,1.17,1.12,2270033
2170,2024-07-09,1.12,1.13,1.15,1.1,1485119
2171,2024-07-10,1.13,1.09,1.13,1.09,1392695
2172,2024-07-11,1.11,1.12,1.14,1.1,1548404
2173,2024-07-12,1.12,1.12,1.13,1.11,1126241
2174,2024-07-15,1.11,1.1,1.11,1.09,1107451
2175,2024-07-16,1.1,1.09,1.1,1.09,567976
2176,2024-07-17,1.09,1.08,1.09,1.06,1315662
2177,2024-07-18,1.08,1.09,1.09,1.06,1035735
2178,2024-07-19,1.08,1.08,1.09,1.08,451479
2179,2024-07-22,1.08,1.08,1.09,1.07,750829
2180,2024-07-23,1.08,1.08,1.09,1.07,525216
2181,2024-07-24,1.07,1.06,1.08,1.06,819179
2182,2024-07-25,1.05,1.06,1.07,1.04,880318
2183,2024-07-26,1.06,1.07,1.08,1.05,644843
2184,2024-07-29,1.07,1.07,1.08,1.06,418598
2185,2024-07-30,1.07,1.06,1.07,1.06,419594
2186,2024-07-31,1.06,1.1,1.12,1.06,1876749
2187,2024-08-01,1.1,1.09,1.11,1.08,898465
2188,2024-08-02,1.08,1.08,1.1,1.08,655072
2189,2024-08-05,1.09,1.12,1.15,1.08,2767890
2190,2024-08-06,1.11,1.12,1.13,1.1,1411053
2191,2024-08-07,1.12,1.11,1.12,1.1,759498
2192,2024-08-08,1.11,1.13,1.14,1.1,1518574
2193,2024-08-09,1.13,1.11,1.14,1.11,687291
2194,2024-08-12,1.11,1.09,1.12,1.09,726141
2195,2024-08-13,1.1,1.09,1.1,1.08,670129
2196,2024-08-14,1.09,1.08,1.09,1.08,452189
2197,2024-08-15,1.08,1.09,1.1,1.07,901751
2198,2024-08-16,1.09,1.08,1.1,1.08,496570
2199,2024-08-19,1.08,1.08,1.09,1.08,386790
2200,2024-08-20,1.08,1.07,1.09,1.07,587908
2201,2024-08-21,1.07,1.07,1.08,1.06,654936
2202,2024-08-22,1.06,1.06,1.07,1.05,705525
2203,2024-08-23,1.05,1.06,1.07,1.05,652294
2204,2024-08-26,1.06,1.06,1.07,1.05,565469
2205,2024-08-27,1.06,1.07,1.08,1.06,725118
2206,2024-08-28,1.06,1.05,1.07,1.05,771504
2207,2024-08-29,1.05,1.05,1.06,1.04,786580
2208,2024-08-30,1.05,1.06,1.08,1.04,1185162
2209,2024-09-02,1.06,1.05,1.07,1.05,677930
2210,2024-09-03,1.05,1.05,1.06,1.04,384227
2211,2024-09-04,1.05,1.05,1.06,1.04,551909
2212,2024-09-05,1.04,1.05,1.06,1.04,492825
2213,2024-09-06,1.05,1.05,1.06,1.04,589588
2214,2024-09-09,1.04,1.03,1.05,1.03,910541
2215,2024-09-10,1.03,1.03,1.04,1.01,1342798
2216,2024-09-11,1.03,1.03,1.04,1.02,550658
2217,2024-09-12,1.03,1.03,1.05,1.02,623358
2218,2024-09-13,1.03,1.03,1.04,1.02,509305
2219,2024-09-18,1.03,1.02,1.04,1.02,724534
2220,2024-09-19,1.03,1.03,1.05,1.02,832244
2221,2024-09-20,1.03,1.04,1.04,1.02,948044
2222,2024-09-23,1.03,1.03,1.04,1.02,561477
2223,2024-09-24,1.03,1.06,1.06,1.03,1800629
2224,2024-09-25,1.07,1.1,1.15,1.06,3690532
2225,2024-09-26,1.1,1.13,1.14,1.09,2886996
2226,2024-09-27,1.15,1.18,1.19,1.14,3819977
2227,2024-09-30,1.24,1.29,1.29,1.21,7282331
2228,2024-10-08,1.42,1.32,1.42,1.26,10229671
2229,2024-10-09,1.28,1.19,1.28,1.19,5174957
2230,2024-10-10,1.2,1.2,1.23,1.18,3187004
2231,2024-10-11,1.2,1.15,1.2,1.15,2497874
2232,2024-10-14,1.16,1.16,1.17,1.14,2454797
2233,2024-10-15,1.15,1.13,1.16,1.12,2392788
2234,2024-10-16,1.12,1.13,1.14,1.11,2117891
2235,2024-10-17,1.13,1.11,1.14,1.11,2150979
2236,2024-10-18,1.11,1.13,1.15,1.1,2566358
2237,2024-10-21,1.13,1.13,1.14,1.12,1958353
2238,2024-10-22,1.13,1.14,1.14,1.12,2016740
2239,2024-10-23,1.14,1.17,1.19,1.13,4192755
2240,2024-10-24,1.16,1.18,1.19,1.15,2645594
2241,2024-10-25,1.17,1.18,1.18,1.16,1712713
2242,2024-10-28,1.18,1.26,1.27,1.17,5317919
2243,2024-10-29,1.26,1.22,1.27,1.21,3691197
2244,2024-10-30,1.21,1.25,1.27,1.2,3896315
2245,2024-10-31,1.3,1.38,1.38,1.28,7217625
2246,2024-11-01,1.52,1.52,1.52,1.48,12939971
2247,2024-11-04,1.6,1.67,1.67,1.42,23112664
2248,2024-11-05,1.68,1.84,1.84,1.61,10115214
2249,2024-11-06,2.02,2.02,2.02,2.02,4015206
2250,2024-11-07,2.13,2.22,2.22,1.9,36821938
2251,2024-11-08,2.36,2.23,2.44,2.18,44617929
2252,2024-11-11,2.13,2.01,2.2,2.01,29529243
2253,2024-11-12,1.97,1.95,2.08,1.91,20915961
2254,2024-11-13,1.9,1.87,1.95,1.86,17633552
2255,2024-11-14,1.85,1.73,1.87,1.71,19065945
2256,2024-11-15,1.71,1.69,1.79,1.68,12951709
2257,2024-11-18,1.7,1.78,1.84,1.66,17474651
2258,2024-11-19,1.77,1.74,1.77,1.67,12005088
2259,2024-11-20,1.73,1.81,1.87,1.7,14073429
2260,2024-11-21,1.8,1.78,1.83,1.76,9843037
2261,2024-11-22,1.77,1.71,1.81,1.7,10232516
2262,2024-11-25,1.69,1.66,1.72,1.63,9137629
2263,2024-11-26,1.66,1.67,1.72,1.65,7436181
2264,2024-11-27,1.67,1.7,1.7,1.63,7508862
2265,2024-11-28,1.7,1.77,1.84,1.68,14921483
2266,2024-11-29,1.75,1.74,1.77,1.7,10357893
2267,2024-12-02,1.82,1.91,1.91,1.82,14149394
2268,2024-12-03,2.0,1.96,2.08,1.93,33395669
2269,2024-12-04,1.88,1.86,1.98,1.84,18956232
2270,2024-12-05,1.84,1.9,1.92,1.81,13692508
2271,2024-12-06,1.88,1.95,1.99,1.86,16780181
2272,2024-12-09,1.97,1.95,2.02,1.92,13782872
2273,2024-12-10,2.01,1.99,2.05,1.96,17054244
2274,2024-12-11,1.96,1.98,2.01,1.93,12709307
2275,2024-12-12,1.97,1.93,1.97,1.92,10662953
2276,2024-12-13,1.93,1.88,1.96,1.87,8936756
2277,2024-12-16,1.87,1.89,1.91,1.85,8088098
2278,2024-12-17,1.89,1.83,1.89,1.81,7281860
2279,2024-12-18,1.86,1.86,1.9,1.84,7073687
2280,2024-12-19,1.84,1.84,1.86,1.82,5259890
2281,2024-12-20,1.83,1.84,1.86,1.83,4626478
2282,2024-12-23,1.83,1.77,1.84,1.76,6693016
2283,2024-12-24,1.77,1.78,1.79,1.75,4670830
2284,2024-12-25,1.77,1.72,1.78,1.7,5889694
2285,2024-12-26,1.72,1.72,1.74,1.71,3403663
2286,2024-12-27,1.72,1.77,1.82,1.72,7665391
2287,2024-12-30,1.74,1.72,1.74,1.71,4173592
2288,2024-12-31,1.73,1.7,1.75,1.69,4279612
2289,2025-01-02,1.7,1.67,1.72,1.65,5190625
2290,2025-01-03,1.66,1.59,1.68,1.58,6645997
2291,2025-01-06,1.58,1.6,1.62,1.54,5065175
2292,2025-01-07,1.6,1.62,1.63,1.59,3919160
2293,2025-01-08,1.61,1.6,1.63,1.57,4331787
2294,2025-01-09,1.59,1.6,1.62,1.58,3154925
2295,2025-01-10,1.6,1.56,1.61,1.55,3400610
2296,2025-01-13,1.62,1.64,1.72,1.61,9584500
2297,2025-01-14,1.63,1.69,1.69,1.61,8112287
2298,2025-01-15,1.69,1.65,1.69,1.64,4789006
2299,2025-01-16,1.66,1.66,1.69,1.64,3892702
2300,2025-01-17,1.65,1.66,1.67,1.64,3062146
2301,2025-01-20,1.66,1.64,1.67,1.63,3563364
2302,2025-01-21,1.66,1.68,1.75,1.65,7259710
2303,2025-01-22,1.67,1.63,1.67,1.62,4779658
2304,2025-01-23,1.65,1.63,1.67,1.62,3480894
2305,2025-01-24,1.63,1.63,1.64,1.61,2861008
2306,2025-01-27,1.63,1.63,1.65,1.62,2190146
2307,2025-02-05,1.59,1.56,1.59,1.54,5406629
2308,2025-02-06,1.56,1.55,1.56,1.51,5298439
2309,2025-02-07,1.55,1.59,1.61,1.53,6353391
2310,2025-02-10,1.58,1.61,1.64,1.58,4730333
2311,2025-02-11,1.61,1.59,1.62,1.57,3440135
2312,2025-02-12,1.58,1.59,1.6,1.57,3298029
2313,2025-02-13,1.59,1.62,1.63,1.58,6427422
2314,2025-02-14,1.61,1.58,1.61,1.57,4542277
2315,2025-02-17,1.58,1.58,1.59,1.56,3605420
2316,2025-02-18,1.58,1.54,1.58,1.53,4288665
2317,2025-02-19,1.54,1.54,1.55,1.53,2789271
2318,2025-02-20,1.54,1.55,1.57,1.53,3376681
2319,2025-02-21,1.56,1.54,1.56,1.53,3116834
2320,2025-02-24,1.54,1.56,1.57,1.53,4478512
2321,2025-02-25,1.55,1.55,1.58,1.54,4126540
2322,2025-02-26,1.55,1.55,1.56,1.54,3004803
2323,2025-02-27,1.55,1.6,1.64,1.55,9747043
2324,2025-02-28,1.58,1.54,1.59,1.54,5440405
2325,2025-03-03,1.55,1.53,1.55,1.52,4124118
2326,2025-03-04,1.52,1.52,1.53,1.5,2996852
2327,2025-03-05,1.52,1.53,1.54,1.51,2865299
2328,2025-03-06,1.54,1.54,1.55,1.52,2988582
2329,2025-03-07,1.54,1.52,1.54,1.52,2306790
2330,2025-03-10,1.52,1.51,1.53,1.51,1816350
2331,2025-03-11,1.5,1.5,1.51,1.49,2970637
2332,2025-03-12,1.5,1.5,1.51,1.49,2286217
2333,2025-03-13,1.5,1.5,1.53,1.49,4113470
2334,2025-03-14,1.49,1.51,1.52,1.49,3461335
2335,2025-03-17,1.51,1.52,1.54,1.51,2893257
2336,2025-03-18,1.52,1.52,1.53,1.5,2099825
2337,2025-03-19,1.52,1.51,1.52,1.5,1599455
2338,2025-03-20,1.51,1.5,1.52,1.5,1763270
2339,2025-03-21,1.5,1.49,1.51,1.48,2992973
2340,2025-03-24,1.49,1.47,1.49,1.45,3115713
2341,2025-03-25,1.46,1.48,1.49,1.46,2610983
2342,2025-03-26,1.47,1.47,1.49,1.47,1558028
2343,2025-03-27,1.47,1.46,1.48,1.46,1452197
2344,2025-03-28,1.46,1.44,1.47,1.44,2394075
2345,2025-03-31,1.44,1.4,1.44,1.39,3287189
2346,2025-04-01,1.4,1.42,1.45,1.4,3359344
