,datetime,open,close,high,low,volume
0,2017-06-13,10.99,10.99,10.99,10.99,194
1,2017-06-14,12.09,12.09,12.09,12.09,29
2,2017-06-15,13.3,13.3,13.3,13.3,71
3,2017-06-16,14.63,14.63,14.63,14.63,139
4,2017-06-19,16.09,16.09,16.09,16.09,401
5,2017-06-20,17.7,17.7,17.7,17.7,1140
6,2017-06-21,19.47,19.47,19.47,19.47,1117
7,2017-06-22,21.42,21.42,21.42,21.42,2262
8,2017-06-23,23.56,23.56,23.56,23.56,25541
9,2017-06-26,25.92,25.33,25.92,24.5,184766
10,2017-06-27,25.05,23.69,25.62,23.48,164158
11,2017-06-28,22.92,22.47,23.42,22.15,116132
12,2017-06-29,22.51,22.69,22.9,22.2,78041
13,2017-06-30,22.24,23.95,24.5,22.2,134669
14,2017-07-03,23.56,23.6,23.82,23.05,84174
15,2017-07-04,24.0,23.34,24.58,22.96,85532
16,2017-07-05,23.16,23.94,24.2,23.08,88984
17,2017-07-06,23.88,23.6,24.2,23.11,66223
18,2017-07-07,23.61,24.1,24.48,23.41,86922
19,2017-07-10,23.6,22.79,23.68,22.35,70866
20,2017-07-11,22.76,22.81,23.0,22.45,38222
21,2017-07-12,23.0,22.97,23.0,22.3,37207
22,2017-07-13,22.76,22.73,23.35,22.55,43985
23,2017-07-14,22.88,22.52,22.88,22.2,37532
24,2017-07-17,22.5,20.27,22.5,20.27,64096
25,2017-07-18,19.63,19.64,20.2,19.06,45470
26,2017-07-19,19.45,19.66,20.55,19.32,39478
27,2017-07-20,19.49,19.63,20.25,19.31,37334
28,2017-07-21,19.48,19.39,19.95,19.18,33507
29,2017-07-24,19.3,19.24,19.43,18.35,36378
30,2017-07-25,19.12,19.21,19.44,19.02,20858
31,2017-07-26,19.22,18.93,19.46,18.74,22920
32,2017-07-27,18.79,19.46,19.62,18.71,28387
33,2017-07-28,19.47,19.49,19.82,19.21,26605
34,2017-07-31,19.47,19.68,19.83,19.32,25492
35,2017-08-01,19.65,19.68,19.81,19.44,24594
36,2017-08-02,19.68,18.79,19.68,18.75,20928
37,2017-08-03,18.75,18.93,19.26,18.7,17298
38,2017-08-04,18.93,19.02,19.15,18.85,21418
39,2017-08-07,19.05,18.96,19.18,18.78,11371
40,2017-08-08,19.0,19.05,19.09,18.74,13937
41,2017-08-09,19.08,18.75,19.08,18.73,15547
42,2017-08-10,18.81,18.55,18.98,18.51,16781
43,2017-08-11,18.4,18.76,18.79,18.2,14609
44,2017-08-14,18.56,19.31,19.88,18.56,30937
45,2017-08-15,19.33,19.42,19.72,19.33,17707
46,2017-08-16,19.45,19.92,20.28,19.31,35110
47,2017-08-17,20.0,20.01,20.45,19.58,31595
48,2017-08-18,19.86,19.51,19.88,19.5,22471
49,2017-08-21,19.53,19.72,19.95,19.5,25240
50,2017-08-22,19.77,19.8,19.95,19.69,25697
51,2017-08-23,19.79,19.88,20.17,19.65,19272
52,2017-08-24,19.9,19.92,20.6,19.9,38268
53,2017-08-25,19.84,20.75,20.88,19.82,52482
54,2017-08-28,20.77,21.44,21.68,20.77,59982
55,2017-08-29,21.22,21.39,22.18,21.16,62997
56,2017-08-30,21.05,21.62,21.68,21.01,38389
57,2017-08-31,21.74,22.47,22.55,21.74,58497
58,2017-09-01,22.5,22.23,22.62,21.69,40568
59,2017-09-04,22.23,21.48,22.24,21.41,44362
60,2017-09-05,21.49,21.47,21.78,21.39,23207
61,2017-09-06,21.28,21.17,21.48,20.83,27215
62,2017-09-07,21.35,21.17,21.48,21.13,22717
63,2017-09-08,21.0,20.84,21.2,20.7,21095
64,2017-09-11,20.82,21.82,22.06,20.82,46275
65,2017-09-12,21.81,22.96,23.49,21.62,99585
66,2017-09-13,22.69,23.32,23.49,22.66,52016
67,2017-09-14,23.3,23.7,23.82,23.05,53978
68,2017-09-15,23.7,22.93,24.93,22.8,88256
69,2017-09-18,23.28,23.0,23.5,22.37,31890
70,2017-09-19,22.94,23.54,23.89,22.56,44811
71,2017-09-20,23.5,23.48,23.88,23.18,26971
72,2017-09-21,23.37,23.27,23.65,22.93,20539
73,2017-09-22,23.24,23.5,23.95,23.05,54597
74,2017-09-25,23.31,23.38,23.6,23.03,19731
75,2017-09-26,23.0,22.4,23.37,22.16,27756
76,2017-09-27,22.37,22.59,22.91,22.01,17167
77,2017-09-28,22.78,22.59,23.0,22.41,14412
78,2017-09-29,22.55,22.53,22.7,22.43,8988
79,2017-10-09,23.02,22.56,23.02,22.46,15733
80,2017-10-10,22.56,22.98,23.0,22.56,17740
81,2017-10-11,22.94,22.54,23.43,22.5,25733
82,2017-10-12,22.55,22.6,22.88,22.22,13586
83,2017-10-13,22.48,22.98,23.35,22.48,32081
84,2017-10-16,22.95,22.13,23.08,22.12,21227
85,2017-10-17,22.14,22.44,22.6,21.9,11711
86,2017-10-18,22.44,22.29,22.79,22.01,16792
87,2017-10-19,22.05,21.28,22.37,21.14,23032
88,2017-10-20,21.37,21.4,21.43,21.07,12814
89,2017-10-23,21.4,21.75,21.88,21.33,16967
90,2017-10-24,22.32,21.71,22.57,21.64,26244
91,2017-10-25,21.54,22.2,22.29,21.54,44705
92,2017-10-26,22.18,22.48,22.67,21.96,30065
93,2017-10-27,22.38,22.49,22.75,22.23,20512
94,2017-10-30,22.42,21.16,22.42,21.1,27257
95,2017-10-31,21.2,21.79,21.99,21.2,15419
96,2017-11-01,21.86,21.86,22.09,21.75,16322
97,2017-11-02,21.74,21.83,22.25,21.74,19652
98,2017-11-03,21.79,21.72,22.14,21.56,16032
99,2017-11-06,21.88,22.14,22.15,21.77,18417
100,2017-11-07,22.18,22.12,22.27,21.84,20207
101,2017-11-08,22.02,22.87,22.98,21.95,52371
102,2017-11-09,22.77,22.92,23.05,22.48,28771
103,2017-11-10,22.81,23.15,23.38,22.76,32195
104,2017-11-13,23.2,23.03,23.3,22.96,17721
105,2017-11-14,22.95,22.7,23.14,22.5,21645
106,2017-11-15,22.7,22.64,22.97,22.57,16790
107,2017-11-16,22.64,22.17,22.83,22.1,15706
108,2017-11-17,22.17,20.19,22.24,20.07,29002
109,2017-11-20,20.19,20.37,20.51,19.81,11561
110,2017-11-21,20.16,20.85,21.35,20.16,21845
111,2017-11-22,20.69,20.7,20.9,20.31,11232
112,2017-11-23,20.86,20.6,21.3,20.28,22738
113,2017-11-24,20.47,20.82,20.94,20.09,11079
114,2017-11-27,20.39,20.66,20.98,20.39,7388
115,2017-11-28,20.51,20.68,20.94,20.45,9021
116,2017-11-29,20.68,20.66,20.75,20.2,9117
117,2017-11-30,20.59,20.76,20.85,20.44,7465
118,2017-12-01,20.61,20.83,20.92,20.58,4198
119,2017-12-04,20.79,20.15,20.79,20.0,9799
120,2017-12-05,20.08,18.64,20.32,18.27,13931
121,2017-12-06,18.56,18.7,18.95,18.2,7750
122,2017-12-07,18.68,18.6,18.76,18.41,4686
123,2017-12-08,18.65,18.94,19.12,18.56,5950
124,2017-12-11,18.94,19.01,19.42,18.81,4845
125,2017-12-12,19.08,19.07,19.37,18.93,11136
126,2017-12-13,19.23,19.21,19.32,18.94,3509
127,2017-12-14,19.13,18.74,19.23,18.2,7610
128,2017-12-15,18.85,19.15,19.4,18.85,7326
129,2017-12-18,19.0,18.98,19.21,18.76,3873
130,2017-12-19,19.08,19.3,19.55,18.95,7536
131,2017-12-20,19.3,19.19,19.47,19.13,8958
132,2017-12-21,19.19,19.1,19.29,18.8,5866
133,2017-12-22,19.1,19.12,19.16,19.01,2871
134,2017-12-25,19.08,19.11,19.53,18.88,9505
135,2017-12-26,19.0,19.42,19.59,19.0,9911
136,2017-12-27,19.39,19.4,19.49,19.21,7089
137,2017-12-28,19.29,19.64,19.95,19.29,10385
138,2017-12-29,19.64,19.65,19.78,19.43,6991
139,2018-01-02,19.68,19.69,19.7,19.34,6335
140,2018-01-03,19.68,19.68,19.73,19.55,6212
141,2018-01-04,19.52,19.89,19.96,19.51,9299
142,2018-01-05,19.76,19.88,20.22,19.76,8778
143,2018-01-08,19.88,19.91,19.93,19.62,5338
144,2018-01-09,19.85,19.82,19.94,19.6,7631
145,2018-01-10,19.72,19.64,20.29,19.25,10752
146,2018-01-11,19.45,19.95,20.3,19.45,7846
147,2018-01-12,19.95,19.74,20.17,19.4,21718
148,2018-01-15,19.52,19.44,19.6,18.88,13377
149,2018-01-16,19.19,19.65,19.71,19.19,6747
150,2018-01-17,19.7,19.77,19.86,19.39,7976
151,2018-01-18,19.79,19.81,19.87,19.61,6076
152,2018-01-19,19.83,19.81,19.95,19.6,12799
153,2018-01-22,19.69,19.72,19.84,19.53,5220
154,2018-01-23,19.73,19.92,19.97,19.58,4821
155,2018-01-24,19.91,20.27,20.29,19.72,8319
156,2018-01-25,20.2,20.44,20.71,20.2,8020
157,2018-01-26,20.44,20.38,20.59,20.1,5930
158,2018-01-29,20.4,20.68,20.7,20.31,10718
159,2018-01-30,20.61,20.62,20.69,20.31,5650
160,2018-01-31,20.4,20.38,20.42,19.83,7042
161,2018-02-01,19.91,18.95,20.65,18.85,8824
162,2018-02-02,19.05,19.1,19.2,18.57,4956
163,2018-02-05,18.97,18.86,18.97,18.62,1917
164,2018-02-06,18.31,17.85,18.77,17.47,8771
165,2018-02-07,18.23,18.12,18.46,17.69,6195
166,2018-02-08,17.9,18.1,18.41,17.74,2112
167,2018-02-09,17.48,17.45,17.95,16.86,5896
168,2018-02-12,17.73,17.77,17.97,17.51,2756
169,2018-02-13,17.8,17.4,17.88,17.37,2059
170,2018-02-14,17.5,17.42,17.5,17.06,1684
171,2018-02-22,17.4,17.39,17.47,17.33,3284
172,2018-02-23,17.42,17.38,17.42,17.23,2336
173,2018-02-26,17.5,17.87,17.93,17.4,7277
174,2018-02-27,17.73,17.82,17.96,17.63,5962
175,2018-02-28,17.58,17.81,17.83,17.58,3138
176,2018-03-01,17.73,18.06,18.09,17.68,5282
177,2018-03-02,18.13,17.85,18.14,17.7,4071
178,2018-03-05,17.85,17.81,17.88,17.69,3274
179,2018-03-06,17.9,18.07,18.23,17.88,5444
180,2018-03-07,17.97,18.24,18.42,17.97,5007
181,2018-03-08,18.26,19.42,19.5,18.26,14110
182,2018-03-09,19.37,19.38,19.62,19.04,7177
183,2018-03-12,20.0,19.81,20.14,19.55,19654
184,2018-03-13,20.43,19.57,20.75,19.33,27516
185,2018-03-14,19.21,19.33,19.63,19.03,10726
186,2018-03-15,19.32,18.6,19.32,18.21,9175
187,2018-03-16,18.59,18.73,18.97,18.41,4927
188,2018-03-19,18.7,18.9,19.0,18.53,4290
189,2018-03-20,18.72,18.82,18.92,18.6,5194
190,2018-03-21,18.97,18.74,19.13,18.64,5455
191,2018-03-22,18.8,18.89,18.99,18.62,4965
192,2018-03-23,18.3,17.2,18.65,17.0,11679
193,2018-03-26,17.02,17.46,17.48,16.73,5746
194,2018-03-27,17.65,17.9,18.01,17.54,5573
195,2018-03-28,17.6,18.04,18.28,17.45,8368
196,2018-03-29,18.06,18.72,18.79,18.04,13452
197,2018-03-30,18.7,18.88,18.94,18.46,5748
198,2018-04-02,19.08,18.67,19.09,18.51,9377
199,2018-04-03,18.29,18.93,18.98,18.29,11542
200,2018-04-04,19.06,19.3,19.56,18.63,13094
201,2018-04-09,19.22,19.3,19.32,18.5,9056
202,2018-04-10,19.35,19.16,19.35,18.92,6638
203,2018-04-11,19.16,19.56,19.6,19.16,12750
204,2018-04-12,19.77,19.74,20.19,19.57,15581
205,2018-04-13,19.85,19.42,20.28,19.31,7469
206,2018-04-16,19.3,19.06,19.4,18.86,5908
207,2018-04-17,19.18,18.26,19.37,18.03,6871
208,2018-04-18,18.46,18.5,18.59,17.65,7313
209,2018-04-19,18.49,18.2,18.66,18.16,4765
210,2018-04-20,18.2,17.66,18.6,17.46,13674
211,2018-04-23,17.78,17.8,18.04,17.53,5621
212,2018-04-24,17.67,18.42,18.49,17.55,10984
213,2018-04-25,18.46,18.55,18.65,18.18,10989
214,2018-04-26,13.3,12.94,13.5,12.9,12108
215,2018-04-27,12.62,12.53,12.85,12.48,12524
216,2018-05-02,12.55,12.45,12.72,12.23,10186
217,2018-05-03,12.43,12.66,12.69,12.14,18442
218,2018-05-04,12.54,12.63,12.88,12.53,11624
219,2018-05-07,12.55,12.89,13.04,12.55,16764
220,2018-05-08,12.89,13.02,13.1,12.86,12513
221,2018-05-09,13.02,13.15,13.3,12.93,14004
222,2018-05-10,13.03,13.58,13.62,13.03,30773
223,2018-05-11,13.55,12.98,13.62,12.93,25692
224,2018-05-14,12.99,12.63,13.15,12.3,14039
225,2018-05-15,12.7,13.39,13.47,12.61,24380
226,2018-05-16,13.33,13.54,14.3,13.2,40244
227,2018-05-17,13.94,14.19,14.89,13.65,95795
228,2018-05-18,15.61,15.61,15.61,14.5,237365
229,2018-05-21,14.74,16.23,17.0,14.62,283235
230,2018-05-22,15.57,15.49,15.88,14.98,188926
231,2018-05-23,14.9,14.52,15.28,14.3,133250
232,2018-05-24,14.49,14.29,14.63,14.18,71836
233,2018-05-25,14.38,14.34,14.95,14.19,74366
234,2018-05-28,14.1,13.74,14.18,13.54,64090
235,2018-05-29,13.66,13.64,14.17,13.6,46702
236,2018-05-30,13.25,12.57,13.3,12.34,62366
237,2018-05-31,12.75,13.08,13.26,12.45,59659
238,2018-06-01,13.12,13.08,13.69,12.8,60669
239,2018-06-04,13.3,12.93,13.3,12.78,36193
240,2018-06-05,13.01,13.24,13.26,12.86,35767
241,2018-06-06,13.31,13.21,13.31,13.07,30234
242,2018-06-07,13.25,12.78,13.27,12.77,34517
243,2018-06-08,12.53,12.35,12.63,12.1,45484
244,2018-06-11,12.28,12.41,12.51,12.02,27109
245,2018-06-12,12.51,12.3,12.52,11.8,27100
246,2018-06-13,12.31,11.88,12.35,11.84,24339
247,2018-06-14,11.69,11.39,12.03,10.69,22629
248,2018-06-15,11.58,10.5,11.58,10.3,42379
249,2018-06-19,10.43,9.45,10.48,9.45,40953
250,2018-06-20,9.3,9.74,9.95,9.2,31159
251,2018-06-21,9.75,9.2,9.85,9.18,27815
252,2018-06-22,9.2,9.48,9.6,8.9,24726
253,2018-06-25,9.61,9.49,9.75,9.48,23805
254,2018-06-26,9.29,9.71,9.8,9.28,25759
255,2018-06-27,9.77,9.7,9.93,9.6,23769
256,2018-06-28,9.68,9.62,9.79,9.58,19122
257,2018-06-29,9.69,9.87,9.93,9.55,22797
258,2018-07-02,9.87,9.74,10.0,9.65,25649
259,2018-07-03,9.76,10.02,10.12,9.74,29842
260,2018-07-04,10.03,9.84,10.13,9.73,20563
261,2018-07-05,9.73,9.44,9.95,9.34,21475
262,2018-07-06,9.49,9.54,9.64,9.15,25481
263,2018-07-09,9.5,9.64,9.77,9.43,24546
264,2018-07-10,9.64,9.75,9.78,9.58,20035
265,2018-07-11,9.75,9.38,9.75,9.27,19320
266,2018-07-12,9.39,9.72,9.76,9.39,23339
267,2018-07-13,9.85,9.72,9.89,9.67,22041
268,2018-07-16,9.7,9.72,9.77,9.61,15584
269,2018-07-17,9.8,9.71,9.82,9.65,19012
270,2018-07-18,9.79,9.7,9.96,9.66,27740
271,2018-07-19,9.74,9.66,9.8,9.61,24352
272,2018-07-20,9.67,9.81,9.86,9.62,26423
273,2018-07-23,9.95,9.85,9.95,9.71,25243
274,2018-07-24,9.88,10.03,10.08,9.81,28418
275,2018-07-25,10.08,10.04,10.09,9.96,24562
276,2018-07-26,10.01,10.05,10.15,9.93,24012
277,2018-07-27,10.02,9.96,10.04,9.88,24389
278,2018-07-30,9.96,9.72,10.0,9.66,21134
279,2018-07-31,9.79,9.87,9.97,9.65,20998
280,2018-08-01,9.91,9.93,10.16,9.81,40461
281,2018-08-02,9.8,9.19,9.85,9.03,35544
282,2018-08-03,9.2,9.12,9.37,9.09,16379
283,2018-08-06,9.1,8.79,9.18,8.7,19184
284,2018-08-07,8.79,9.01,9.02,8.79,19952
285,2018-08-08,9.0,8.75,9.01,8.71,17161
286,2018-08-09,8.71,8.99,9.03,8.68,16773
287,2018-08-10,8.95,9.06,9.14,8.94,11208
288,2018-08-13,8.94,9.14,9.16,8.83,11910
289,2018-08-14,9.11,9.2,9.28,9.07,13602
290,2018-08-15,9.22,8.91,9.28,8.87,12678
291,2018-08-16,8.91,8.9,9.07,8.73,13589
292,2018-08-17,8.93,8.63,9.01,8.01,15215
293,2018-08-20,8.53,8.7,8.75,8.48,8984
294,2018-08-21,8.76,8.8,8.86,8.65,7627
295,2018-08-22,8.8,8.6,8.8,8.6,7954
296,2018-08-23,8.6,8.85,8.87,8.56,11448
297,2018-08-24,8.8,8.77,8.9,8.73,8437
298,2018-08-27,8.8,8.9,8.99,8.72,11153
299,2018-08-28,8.87,8.93,8.98,8.85,6464
300,2018-08-29,8.96,8.87,8.96,8.85,7040
301,2018-08-30,8.9,8.62,8.92,8.54,9549
302,2018-08-31,8.62,8.69,8.84,8.56,9916
303,2018-09-03,8.65,8.64,8.68,8.42,8817
304,2018-09-04,8.62,8.82,8.95,8.58,13246
305,2018-09-05,8.8,8.79,8.96,8.73,22324
306,2018-09-06,8.71,8.94,9.03,8.66,32288
307,2018-09-07,8.93,9.0,9.15,8.85,22427
308,2018-09-10,9.0,8.66,9.09,8.5,14043
309,2018-09-11,8.64,8.93,8.93,8.62,12514
310,2018-09-12,8.9,8.81,8.97,8.75,14247
311,2018-09-13,8.87,8.95,8.95,8.8,9501
312,2018-09-14,8.98,8.95,9.09,8.84,17085
313,2018-09-17,9.1,8.87,9.1,8.86,14859
314,2018-09-18,8.94,9.13,9.35,8.73,30652
315,2018-09-19,9.14,9.11,9.25,9.0,23409
316,2018-09-20,9.15,9.0,9.15,8.95,15612
317,2018-09-21,9.31,9.23,9.8,9.14,64247
318,2018-09-25,8.9,9.08,9.1,8.9,33915
319,2018-09-26,9.03,8.97,9.1,8.93,23464
320,2018-09-27,8.96,8.65,9.0,8.61,25376
321,2018-09-28,8.74,8.7,8.74,8.63,11410
322,2018-10-08,8.6,8.38,8.63,8.25,14633
323,2018-10-09,8.37,8.31,8.48,8.3,11898
324,2018-10-10,8.31,8.41,8.5,8.31,11773
325,2018-10-11,8.16,7.62,8.23,7.57,35512
326,2018-10-12,7.64,7.6,7.75,6.99,17105
327,2018-10-15,7.68,7.62,7.83,7.44,14760
328,2018-10-16,7.65,7.49,7.8,7.46,10860
329,2018-10-17,7.59,7.64,7.68,7.44,13098
330,2018-10-18,7.64,7.73,7.94,7.56,24920
331,2018-10-19,7.69,7.88,7.89,7.44,19963
332,2018-10-22,8.02,8.31,8.39,8.02,40364
333,2018-10-23,8.41,8.07,8.45,8.02,31680
334,2018-10-24,8.03,8.11,8.23,8.03,16598
335,2018-10-25,7.84,7.98,8.04,7.71,16669
336,2018-10-26,8.05,8.06,8.18,7.98,15989
337,2018-10-29,8.02,7.94,8.03,7.92,10017
338,2018-10-30,7.89,8.08,8.16,7.89,14686
339,2018-10-31,8.1,8.21,8.27,8.04,16615
340,2018-11-01,8.21,8.19,8.29,8.17,22104
341,2018-11-02,8.2,8.31,8.33,8.2,21323
342,2018-11-05,8.36,8.33,8.46,8.17,23342
343,2018-11-06,8.28,8.28,8.32,8.06,19541
344,2018-11-07,8.28,8.26,8.37,8.23,17148
345,2018-11-08,8.35,8.35,8.43,8.29,15741
346,2018-11-09,8.24,8.35,8.41,8.24,9685
347,2018-11-12,8.35,8.55,8.56,8.32,19041
348,2018-11-13,8.45,8.8,8.89,8.44,32836
349,2018-11-14,8.74,8.83,9.17,8.74,43930
350,2018-11-15,8.75,9.04,9.1,8.68,34690
351,2018-11-16,8.99,9.07,9.16,8.98,28861
352,2018-11-19,9.04,9.18,9.39,9.0,27245
353,2018-11-20,9.14,8.9,9.17,8.83,23554
354,2018-11-21,8.9,8.97,9.02,8.76,16658
355,2018-11-22,8.97,8.98,9.15,8.96,19503
356,2018-11-23,8.99,8.53,9.04,8.4,19739
357,2018-11-26,8.58,8.75,8.8,8.4,14359
358,2018-11-27,8.95,8.77,8.95,8.65,21798
359,2018-11-28,8.82,8.91,8.99,8.69,29447
360,2018-11-29,8.98,8.87,9.18,8.69,34641
361,2018-11-30,8.75,8.79,8.92,8.47,31161
362,2018-12-03,8.89,9.02,9.08,8.8,42086
363,2018-12-04,8.97,9.08,9.09,8.91,29216
364,2018-12-05,8.9,8.91,9.03,8.82,17163
365,2018-12-06,8.91,8.8,9.08,8.71,18962
366,2018-12-07,8.81,8.84,8.87,8.74,11331
367,2018-12-10,8.78,8.61,8.84,8.56,12430
368,2018-12-11,8.63,8.66,8.71,8.57,7735
369,2018-12-12,8.69,8.66,8.71,8.57,7888
370,2018-12-13,8.68,8.77,8.84,8.6,12460
371,2018-12-14,8.75,8.48,8.83,8.43,13088
372,2018-12-17,8.4,8.57,8.57,8.4,8334
373,2018-12-18,8.56,8.55,8.59,8.32,8871
374,2018-12-19,8.53,8.44,8.6,8.4,7377
375,2018-12-20,8.41,8.53,8.59,8.4,9930
376,2018-12-21,8.55,8.57,8.63,8.48,6595
377,2018-12-24,8.53,8.68,8.8,8.52,13045
378,2018-12-25,8.59,8.41,8.6,8.1,18461
379,2018-12-26,8.4,8.4,8.48,8.34,9257
380,2018-12-27,8.47,8.27,8.57,8.21,8423
381,2018-12-28,8.31,8.25,8.37,8.21,7539
382,2019-01-02,8.25,8.27,8.42,8.23,8226
383,2019-01-03,8.25,8.46,8.53,8.25,15038
384,2019-01-04,8.4,8.58,8.61,8.3,13234
385,2019-01-07,8.6,8.67,8.75,8.54,12492
386,2019-01-08,8.65,8.66,8.69,8.6,8944
387,2019-01-09,8.68,8.64,8.81,8.63,12563
388,2019-01-10,8.6,8.67,8.76,8.6,8639
389,2019-01-11,8.67,8.74,8.77,8.64,7447
390,2019-01-14,8.76,8.73,8.84,8.68,8454
391,2019-01-15,8.72,8.83,8.87,8.68,11615
392,2019-01-16,8.85,8.88,9.05,8.8,29166
393,2019-01-17,8.85,8.74,8.88,8.63,16400
394,2019-01-18,8.67,8.77,8.79,8.58,21011
395,2019-01-21,8.8,8.71,8.82,8.67,13153
396,2019-01-22,8.75,8.68,8.8,8.61,13779
397,2019-01-23,8.68,8.68,8.75,8.58,9916
398,2019-01-24,8.72,8.71,8.75,8.63,6577
399,2019-01-25,8.74,8.44,8.74,8.41,13963
400,2019-01-28,8.52,8.43,8.6,8.41,11076
401,2019-01-29,8.37,8.2,8.4,8.1,12987
402,2019-01-30,8.23,8.1,8.25,8.05,8548
403,2019-01-31,8.07,7.7,8.13,7.59,16682
404,2019-02-01,7.75,7.98,7.98,7.73,9373
405,2019-02-11,7.98,8.16,8.19,7.93,7474
406,2019-02-12,8.22,8.3,8.31,8.16,10052
407,2019-02-13,8.25,8.39,8.43,8.25,10764
408,2019-02-14,8.39,8.42,8.46,8.32,13560
409,2019-02-15,8.41,8.41,8.52,8.37,9378
410,2019-02-18,8.48,8.64,8.64,8.42,16216
411,2019-02-19,8.67,8.63,8.71,8.53,16004
412,2019-02-20,8.59,8.65,8.67,8.56,11047
413,2019-02-21,8.65,8.54,8.75,8.5,17529
414,2019-02-22,8.52,8.67,8.68,8.51,15678
415,2019-02-25,8.75,8.98,9.0,8.71,27505
416,2019-02-26,9.47,9.16,9.48,9.16,119123
417,2019-02-27,9.06,9.0,9.12,8.92,56921
418,2019-02-28,9.0,9.1,9.14,8.95,30061
419,2019-03-01,9.09,9.05,9.16,8.97,18120
420,2019-03-04,9.05,9.09,9.25,9.05,31776
421,2019-03-05,9.11,9.21,9.23,9.08,30601
422,2019-03-06,9.24,9.49,9.49,9.16,63417
423,2019-03-07,9.49,9.69,9.76,9.48,59217
424,2019-03-08,9.51,9.16,9.6,9.06,39549
425,2019-03-11,9.16,9.59,9.59,9.16,30705
426,2019-03-12,9.68,9.67,9.86,9.5,34560
427,2019-03-13,9.67,9.59,9.75,9.42,32352
428,2019-03-14,9.63,9.33,9.65,9.16,27097
429,2019-03-15,9.36,9.45,9.54,9.3,22052
430,2019-03-18,9.45,9.65,9.66,9.42,24452
431,2019-03-19,9.74,9.69,9.78,9.61,24661
432,2019-03-20,9.69,9.82,10.06,9.67,74883
433,2019-03-21,9.83,9.89,10.02,9.75,46210
434,2019-03-22,9.9,10.16,10.24,9.84,52284
435,2019-03-25,9.92,9.94,10.07,9.74,39849
436,2019-03-26,9.94,9.87,10.05,9.8,36697
437,2019-03-27,9.89,10.23,10.28,9.81,45895
438,2019-03-28,10.18,10.02,10.27,10.02,39986
439,2019-03-29,9.99,10.21,10.23,9.91,33285
440,2019-04-01,10.19,10.6,10.77,10.19,56986
441,2019-04-02,10.59,11.19,11.38,10.45,80865
442,2019-04-03,11.08,11.49,11.56,10.91,115104
443,2019-04-04,11.3,11.63,11.9,11.3,118248
444,2019-04-08,11.6,12.25,12.35,11.58,135047
445,2019-04-09,12.14,12.53,12.63,11.85,114988
446,2019-04-10,12.48,11.95,12.8,11.92,113674
447,2019-04-11,12.1,11.84,12.1,11.57,65662
448,2019-04-12,11.84,11.9,12.13,11.61,41780
449,2019-04-15,12.03,11.95,12.45,11.86,69590
450,2019-04-16,12.1,12.0,12.16,11.72,44545
451,2019-04-17,11.88,12.25,12.3,11.88,40830
452,2019-04-18,12.38,11.95,12.39,11.89,36165
453,2019-04-19,12.06,12.26,12.29,11.81,48776
454,2019-04-22,12.38,12.58,12.61,12.15,76012
455,2019-04-23,12.6,13.2,13.22,12.4,97977
456,2019-04-24,13.17,12.82,13.55,12.74,112504
457,2019-04-25,13.1,11.54,13.1,11.54,58697
458,2019-04-26,10.28,10.28,10.28,10.28,6205
459,2019-04-29,9.33,9.25,9.8,9.25,61977
460,2019-04-30,8.71,9.38,9.98,8.71,54391
461,2019-05-06,9.17,9.1,9.66,8.9,36898
462,2019-05-07,9.1,10.01,10.01,9.1,40437
463,2019-05-08,10.46,10.6,11.01,10.18,90579
464,2019-05-09,10.6,9.56,10.6,9.54,65422
465,2019-05-10,9.78,9.72,9.82,9.3,33671
466,2019-05-13,9.58,9.68,9.75,9.52,18004
467,2019-05-14,9.66,9.71,9.91,9.54,19188
468,2019-05-15,9.9,10.11,10.38,9.73,29594
469,2019-05-16,10.16,10.15,10.35,9.95,25402
470,2019-05-17,10.2,9.82,10.2,9.82,26363
471,2019-05-20,9.65,9.64,9.81,9.52,16352
472,2019-05-21,9.7,9.57,9.73,9.46,15827
473,2019-05-22,9.59,9.68,9.68,9.49,14406
474,2019-05-23,9.6,9.49,9.64,9.42,13218
475,2019-05-24,9.44,9.51,9.66,9.4,11070
476,2019-05-27,9.51,9.54,9.61,9.45,14667
477,2019-05-28,9.54,9.47,9.67,9.4,13617
478,2019-05-29,9.52,9.47,9.58,9.41,9925
479,2019-05-30,9.41,9.52,9.57,9.41,11724
480,2019-05-31,9.52,9.6,9.65,9.4,10644
481,2019-06-03,9.62,9.55,9.63,9.4,9271
482,2019-06-04,9.43,9.41,9.65,9.4,9605
483,2019-06-05,9.48,9.38,9.48,9.35,6938
484,2019-06-06,9.46,9.22,9.46,9.12,12429
485,2019-06-10,9.23,9.6,9.87,9.23,16487
486,2019-06-11,10.03,9.82,10.03,9.63,24785
487,2019-06-12,9.82,9.72,9.92,9.66,19593
488,2019-06-13,9.63,9.75,9.78,9.52,18391
489,2019-06-14,9.68,9.5,9.76,9.5,11076
490,2019-06-17,9.5,9.46,9.58,9.37,6518
491,2019-06-18,9.58,9.47,9.6,9.42,5172
492,2019-06-19,9.55,9.58,9.74,9.45,8560
493,2019-06-20,9.69,9.59,9.69,9.44,11472
494,2019-06-21,9.68,9.71,9.99,9.59,17348
495,2019-06-24,9.71,9.6,9.76,9.52,8776
496,2019-06-25,9.61,9.37,9.68,9.35,9936
497,2019-06-26,9.44,9.95,10.25,9.42,45705
498,2019-06-27,9.98,10.7,10.89,9.88,60799
499,2019-06-28,10.68,10.28,10.68,10.19,31419
500,2019-07-01,10.44,10.3,10.47,10.16,30633
501,2019-07-02,10.23,10.33,10.35,10.12,19684
502,2019-07-03,10.55,11.36,11.36,10.55,79944
503,2019-07-04,12.0,10.22,12.02,10.22,137383
504,2019-07-05,9.52,9.67,10.0,9.42,81813
505,2019-07-08,9.48,9.5,9.65,9.2,56875
506,2019-07-09,9.4,9.8,9.88,9.34,46263
507,2019-07-10,9.92,10.1,10.5,9.81,57036
508,2019-07-11,10.25,9.89,10.25,9.64,42573
509,2019-07-12,9.64,9.59,9.87,9.59,30420
510,2019-07-15,9.57,9.8,10.2,9.4,30240
511,2019-07-16,9.75,9.76,9.82,9.66,18797
512,2019-07-17,9.79,9.81,9.9,9.53,14461
513,2019-07-18,9.9,9.61,10.07,9.54,15943
514,2019-07-19,9.49,9.58,9.75,9.49,8813
515,2019-07-22,9.58,9.49,9.78,9.45,19609
516,2019-07-23,9.53,9.8,9.86,9.46,17911
517,2019-07-24,9.78,9.85,9.91,9.68,20647
518,2019-07-25,9.9,10.0,10.06,9.78,18486
519,2019-07-26,9.92,10.15,10.2,9.92,16910
520,2019-07-29,9.81,10.1,10.17,9.79,22685
521,2019-07-30,10.18,10.11,10.26,10.0,18893
522,2019-07-31,10.22,10.11,10.22,9.96,21460
523,2019-08-01,10.14,10.07,10.14,9.94,10606
524,2019-08-02,10.04,9.97,10.04,9.7,17120
525,2019-08-05,9.96,9.95,9.99,9.67,14071
526,2019-08-06,9.82,9.57,9.82,9.21,18125
527,2019-08-07,9.57,9.57,9.82,9.45,11403
528,2019-08-08,9.61,9.52,9.68,9.32,17386
529,2019-08-09,9.7,9.52,9.7,9.4,13366
530,2019-08-12,9.43,9.83,10.2,9.43,18885
531,2019-08-13,9.87,9.7,9.87,9.5,18544
532,2019-08-14,9.75,10.03,10.03,9.73,25524
533,2019-08-15,10.05,10.16,10.19,9.82,19778
534,2019-08-16,10.2,10.15,10.2,10.05,13850
535,2019-08-19,10.1,10.41,10.44,10.1,20815
536,2019-08-20,10.29,10.63,10.77,10.28,29215
537,2019-08-21,10.59,10.61,10.77,10.48,31847
538,2019-08-22,10.67,10.74,10.8,10.55,30405
539,2019-08-23,10.67,10.84,11.05,10.67,21306
540,2019-08-26,10.87,10.9,10.98,10.61,53549
541,2019-08-27,10.9,11.17,11.25,10.83,30575
542,2019-08-28,11.12,10.86,11.25,10.8,42643
543,2019-08-29,10.97,10.76,11.09,10.73,25006
544,2019-08-30,10.9,10.48,10.9,10.42,28196
545,2019-09-02,10.52,10.5,10.75,10.43,22565
546,2019-09-03,10.55,10.5,10.55,10.31,16394
547,2019-09-04,10.5,10.48,10.57,10.35,15304
548,2019-09-05,10.5,10.45,10.6,10.4,17922
549,2019-09-06,10.49,11.19,11.27,10.32,86384
550,2019-09-09,11.19,11.69,11.92,11.11,92625
551,2019-09-10,11.71,11.65,11.83,11.36,64511
552,2019-09-11,11.68,11.83,11.96,11.35,72701
553,2019-09-12,11.79,10.65,12.08,10.65,175557
554,2019-09-16,10.29,10.39,10.6,10.04,90920
555,2019-09-17,10.21,10.28,10.38,10.16,39628
556,2019-09-18,10.27,10.34,10.42,10.22,32792
557,2019-09-19,10.36,10.32,10.38,10.21,30813
558,2019-09-20,10.33,10.28,10.37,10.26,13352
559,2019-09-23,10.26,10.28,10.43,10.23,18962
560,2019-09-24,10.25,10.18,10.37,10.12,17080
561,2019-09-25,10.1,10.01,10.23,9.74,27261
562,2019-09-26,10.03,9.81,10.16,9.72,26462
563,2019-09-27,9.81,9.89,9.94,9.74,15579
564,2019-09-30,9.83,9.82,10.02,9.81,8258
565,2019-10-08,9.82,9.76,9.93,9.76,6851
566,2019-10-09,9.74,9.84,9.89,9.74,10884
567,2019-10-10,9.87,9.94,9.97,9.82,9320
568,2019-10-11,9.97,10.14,10.24,9.94,14880
569,2019-10-14,10.2,10.35,10.36,10.19,17484
570,2019-10-15,10.36,10.25,10.4,10.12,8798
571,2019-10-16,10.29,10.2,10.3,10.08,9778
572,2019-10-17,10.18,10.12,10.23,10.01,4740
573,2019-10-18,10.37,10.18,10.43,10.12,12010
574,2019-10-21,10.18,10.11,10.24,10.0,11742
575,2019-10-22,10.08,10.31,10.34,10.06,10370
576,2019-10-23,10.34,10.35,10.48,10.31,15028
577,2019-10-24,10.44,10.29,10.53,10.26,11438
578,2019-10-25,10.24,10.33,10.48,10.22,13199
579,2019-10-28,10.34,10.42,10.49,10.34,19685
580,2019-10-29,10.42,10.54,10.6,10.41,16601
581,2019-10-30,10.54,10.68,10.71,10.42,15851
582,2019-10-31,10.68,10.65,10.84,10.6,18823
583,2019-11-01,10.5,10.73,10.75,10.5,16815
584,2019-11-04,10.72,10.61,10.83,10.52,19508
585,2019-11-05,10.62,10.61,10.7,10.47,17526
586,2019-11-06,10.7,10.59,10.7,10.51,9487
587,2019-11-07,10.53,10.5,10.68,10.41,13431
588,2019-11-08,10.44,10.36,10.58,10.27,15930
589,2019-11-11,10.49,10.08,10.49,9.9,14356
590,2019-11-12,10.08,10.02,10.11,9.97,5866
591,2019-11-13,10.08,10.04,10.15,10.0,7671
592,2019-11-14,10.15,10.66,11.02,10.0,48429
593,2019-11-15,10.8,10.5,10.8,10.43,20753
594,2019-11-18,10.46,10.5,10.58,10.33,19979
595,2019-11-19,10.58,10.81,10.95,10.48,20493
596,2019-11-20,10.75,10.92,11.08,10.64,23483
597,2019-11-21,10.93,10.85,11.02,10.81,47312
598,2019-11-22,11.15,10.8,11.19,10.67,19244
599,2019-11-25,10.87,10.66,10.87,10.5,18695
600,2019-11-26,10.69,10.67,10.85,10.64,11977
601,2019-11-27,10.68,10.47,10.72,10.4,18625
602,2019-11-28,10.45,10.82,10.87,10.44,26618
603,2019-11-29,10.77,10.92,11.01,10.69,33092
604,2019-12-02,10.93,11.15,11.29,10.93,68218
605,2019-12-03,11.17,11.22,11.24,11.09,42803
606,2019-12-04,11.4,12.1,12.34,11.19,87929
607,2019-12-05,12.01,12.29,12.34,11.9,68664
608,2019-12-06,12.31,12.6,12.63,12.25,57299
609,2019-12-09,12.6,12.76,13.85,12.53,145985
610,2019-12-10,12.76,13.5,13.61,12.7,103866
611,2019-12-11,13.32,13.96,14.16,13.32,90880
612,2019-12-12,13.86,14.27,14.29,13.86,36161
613,2019-12-13,14.27,14.14,14.5,13.8,86024
614,2019-12-16,14.32,15.12,15.26,14.14,94634
615,2019-12-17,15.12,15.88,16.0,14.87,76259
616,2019-12-18,15.75,16.08,16.2,14.29,59894
617,2019-12-19,16.03,16.16,16.5,15.85,67937
618,2019-12-20,16.16,17.02,17.05,16.16,69959
619,2019-12-23,17.05,18.02,18.03,16.7,84280
620,2019-12-24,18.18,19.16,19.48,18.17,74509
621,2019-12-25,19.18,19.83,19.87,19.07,71221
622,2019-12-26,19.85,21.06,21.11,19.85,74733
623,2019-12-27,21.39,22.18,22.26,21.0,116640
624,2019-12-30,22.29,22.46,22.64,22.1,95497
625,2019-12-31,22.46,23.61,23.61,22.3,133574
626,2020-01-02,23.62,24.78,25.0,23.61,149570
627,2020-01-03,24.98,22.3,25.1,22.3,142053
628,2020-01-06,20.07,20.07,20.07,20.07,4662
629,2020-01-07,18.06,18.06,18.06,18.06,11692
630,2020-01-08,16.25,16.25,16.25,16.25,7029
631,2020-01-09,14.63,17.88,17.88,14.63,378075
632,2020-01-10,16.09,16.45,17.79,16.09,338090
633,2020-01-13,15.8,15.23,15.88,15.15,211611
634,2020-01-14,15.26,15.22,15.55,15.05,136192
635,2020-01-15,15.08,14.74,15.09,14.52,127922
636,2020-01-16,14.7,14.56,14.85,14.48,85488
637,2020-01-17,14.55,14.67,14.88,14.32,98659
638,2020-01-20,14.45,13.93,14.55,13.82,101385
639,2020-01-21,14.01,13.42,14.02,13.32,103576
640,2020-01-22,13.59,12.99,13.6,12.96,84490
641,2020-01-23,13.0,12.4,13.11,12.06,89009
642,2020-02-03,11.16,11.16,11.36,11.16,56569
643,2020-02-04,11.0,11.55,11.66,11.0,103446
644,2020-02-05,11.52,12.71,12.71,11.52,149192
645,2020-02-06,12.83,13.98,13.98,12.53,203210
646,2020-02-07,14.6,13.36,14.6,13.11,198288
647,2020-02-10,13.01,13.97,14.2,12.88,166620
648,2020-02-11,13.88,13.28,14.2,13.21,117997
649,2020-02-12,13.09,13.4,13.61,13.09,85048
650,2020-02-13,13.5,13.11,13.58,13.08,83130
651,2020-02-14,13.14,12.86,13.27,12.72,76292
652,2020-02-17,12.96,13.14,13.16,12.91,62529
653,2020-02-18,13.3,13.59,13.74,13.03,118601
654,2020-02-19,13.64,14.95,14.95,13.44,205707
655,2020-02-20,15.25,16.45,16.45,15.08,249076
656,2020-02-21,16.83,16.92,17.7,15.6,306299
657,2020-02-24,16.35,16.02,16.65,15.98,169273
658,2020-02-25,15.43,15.1,15.43,14.42,175049
659,2020-02-26,14.79,15.55,15.77,14.45,152757
660,2020-02-27,15.36,16.47,16.95,15.0,192686
661,2020-02-28,15.5,14.82,16.14,14.82,132859
662,2020-03-02,14.82,15.33,15.48,14.32,103448
663,2020-03-03,15.25,15.01,15.55,14.91,103616
664,2020-03-04,14.45,14.6,14.84,14.14,84493
665,2020-03-05,14.62,15.26,15.83,14.4,137207
666,2020-03-06,15.08,14.72,15.37,14.71,90812
667,2020-03-09,14.73,13.58,14.73,13.5,97979
668,2020-03-10,13.31,13.72,13.76,12.82,70839
669,2020-03-11,13.77,13.54,14.2,13.53,64618
670,2020-03-12,13.28,13.23,13.76,12.85,53872
671,2020-03-13,12.66,12.69,12.91,12.23,72056
672,2020-03-16,12.9,12.14,13.1,12.01,64165
673,2020-03-17,12.15,12.01,12.42,11.32,54711
674,2020-03-18,12.18,12.14,12.91,12.03,66746
675,2020-03-19,12.35,12.21,12.35,11.8,46950
676,2020-03-20,12.38,12.73,12.76,12.16,61877
677,2020-03-23,12.31,11.78,12.55,11.61,53999
678,2020-03-24,11.93,12.18,12.28,11.63,49785
679,2020-03-25,12.35,12.65,12.91,12.28,71120
680,2020-03-26,12.65,13.09,13.29,12.45,91502
681,2020-03-27,13.28,12.58,13.34,12.5,69982
682,2020-03-30,12.35,12.42,12.93,12.01,47795
683,2020-03-31,12.9,13.66,13.66,12.5,60479
684,2020-04-01,14.62,15.03,15.03,13.97,251522
685,2020-04-02,14.67,15.23,16.48,14.67,303446
686,2020-04-03,14.69,15.25,15.88,14.3,237837
687,2020-04-07,14.6,16.17,16.61,14.6,255454
688,2020-04-08,15.55,15.09,15.96,14.99,176076
689,2020-04-09,14.99,14.88,15.32,14.52,124489
690,2020-04-10,14.95,14.16,15.14,14.07,94488
691,2020-04-13,14.03,14.36,14.42,13.41,66457
692,2020-04-14,14.4,14.22,14.4,14.03,57783
693,2020-04-15,14.17,13.74,14.17,13.73,64831
694,2020-04-16,13.76,13.7,14.06,13.65,57346
695,2020-04-17,13.69,13.17,13.79,13.17,72066
696,2020-04-20,13.28,13.4,13.45,12.91,57057
697,2020-04-21,13.43,14.74,14.74,13.3,156659
698,2020-04-22,14.94,15.61,16.2,14.51,214621
699,2020-04-23,15.45,14.75,15.5,14.6,168120
700,2020-04-24,14.82,13.74,14.96,13.6,113631
701,2020-04-27,13.99,15.11,15.11,13.59,138775
702,2020-04-28,15.07,14.54,15.07,13.6,146258
703,2020-04-29,14.45,13.66,14.79,13.61,106044
704,2020-04-30,13.7,13.34,13.78,12.8,81800
705,2020-05-06,13.25,13.81,13.85,13.11,67411
706,2020-05-07,13.91,14.5,14.95,13.61,119137
707,2020-05-08,14.0,14.15,14.44,13.88,92073
708,2020-05-11,14.18,13.77,14.23,13.6,74013
709,2020-05-12,13.78,14.81,15.12,13.68,187883
710,2020-05-13,14.72,15.49,15.93,14.58,236846
711,2020-05-14,15.26,14.77,15.26,14.7,136421
712,2020-05-15,14.9,14.93,15.13,14.54,91312
713,2020-05-18,14.79,15.51,15.88,14.55,181157
714,2020-05-19,15.6,15.4,15.6,14.78,119744
715,2020-05-20,15.1,15.15,15.85,14.96,106339
716,2020-05-21,15.4,14.77,15.45,14.7,86574
717,2020-05-22,14.5,13.98,14.5,13.6,86698
718,2020-05-25,13.76,15.38,15.38,13.66,110849
719,2020-05-26,15.72,15.37,15.72,14.9,163785
720,2020-05-27,15.51,15.7,15.82,15.1,159152
721,2020-05-28,15.4,14.75,15.5,14.6,102527
722,2020-05-29,14.51,14.45,15.08,14.36,66860
723,2020-06-01,14.4,15.39,15.6,14.33,125699
724,2020-06-02,15.6,15.97,16.5,15.12,185268
725,2020-06-03,15.87,16.42,16.99,15.54,219463
726,2020-06-04,16.6,16.36,17.01,16.26,172443
727,2020-06-05,16.57,15.73,16.6,15.66,123232
728,2020-06-08,15.8,15.97,16.0,15.37,94223
729,2020-06-09,15.47,15.56,15.79,15.09,105350
730,2020-06-10,15.42,15.45,15.79,15.21,73988
731,2020-06-11,15.52,14.95,15.54,14.86,85253
732,2020-06-12,14.3,14.67,14.85,14.3,63459
733,2020-06-15,14.55,14.93,15.19,14.48,62840
734,2020-06-16,14.89,15.15,15.15,14.6,50445
735,2020-06-17,15.05,15.05,15.15,14.7,49507
736,2020-06-18,15.04,14.79,15.05,14.78,40082
737,2020-06-19,14.71,14.78,15.15,14.71,49182
738,2020-06-22,14.78,14.54,14.86,14.5,57892
739,2020-06-23,14.5,14.61,14.73,14.42,36446
740,2020-06-24,14.58,14.03,14.58,14.01,64456
741,2020-06-29,14.03,14.15,14.29,13.81,33611
742,2020-06-30,14.25,14.15,14.33,14.07,32051
743,2020-07-01,14.15,14.17,14.25,14.05,32502
744,2020-07-02,14.3,14.49,14.67,14.25,60578
745,2020-07-03,14.35,14.3,14.46,14.15,48418
746,2020-07-06,14.32,14.65,14.65,14.25,74813
747,2020-07-07,14.84,14.91,14.97,14.5,101397
748,2020-07-08,15.0,15.03,15.14,14.75,82351
749,2020-07-09,15.2,15.52,15.6,14.95,122395
750,2020-07-10,15.5,15.0,15.5,14.93,90736
751,2020-07-13,14.91,15.53,15.58,14.91,99208
752,2020-07-14,15.61,15.3,15.88,15.0,86531
753,2020-07-15,15.54,15.36,15.55,15.1,83956
754,2020-07-16,15.39,14.25,15.44,14.11,81045
755,2020-07-17,14.11,14.22,14.36,14.06,37412
756,2020-07-20,14.29,14.44,14.45,14.15,34522
757,2020-07-21,14.45,14.31,14.57,14.23,33384
758,2020-07-22,14.31,14.35,14.41,14.17,43900
759,2020-07-23,14.01,13.93,14.24,13.62,51906
760,2020-07-24,14.03,14.03,14.38,13.82,58248
761,2020-07-27,13.91,13.82,13.93,13.4,27257
762,2020-07-28,13.8,14.36,14.67,13.71,47198
763,2020-07-29,14.32,14.35,14.39,14.11,36775
764,2020-07-30,14.37,14.18,14.45,14.17,25990
765,2020-07-31,14.32,14.16,14.38,14.07,30836
766,2020-08-03,14.17,14.32,14.42,14.17,35197
767,2020-08-04,14.22,14.2,14.43,14.16,36743
768,2020-08-05,14.12,14.22,14.25,13.87,31825
769,2020-08-06,14.2,14.01,14.36,13.91,27551
770,2020-08-07,13.89,14.15,14.4,13.7,36520
771,2020-08-10,14.08,14.08,14.2,13.92,22332
772,2020-08-11,14.1,13.93,14.33,13.93,35182
773,2020-08-12,13.93,13.75,13.96,13.51,27945
774,2020-08-13,13.75,13.76,13.96,13.74,21544
775,2020-08-14,13.74,13.81,13.85,13.63,16651
776,2020-08-17,13.87,14.01,14.04,13.84,22618
777,2020-08-18,13.98,14.27,14.38,13.96,41493
778,2020-08-19,14.2,14.95,15.35,14.16,118320
779,2020-08-20,14.71,14.93,15.47,14.39,87178
780,2020-08-21,15.0,15.38,15.55,14.7,124431
781,2020-08-24,15.37,15.1,15.37,14.8,79553
782,2020-08-25,14.95,14.53,15.02,14.46,57956
783,2020-08-26,14.41,14.07,14.62,14.01,45411
784,2020-08-27,14.12,14.24,14.33,14.01,28823
785,2020-08-28,14.24,14.4,14.4,14.01,34270
786,2020-08-31,14.39,15.84,15.84,14.32,81805
787,2020-09-01,16.0,15.36,16.29,15.03,122452
788,2020-09-02,15.58,15.4,15.75,15.2,86651
789,2020-09-03,15.82,16.94,16.94,15.73,144784
790,2020-09-04,17.44,18.63,18.63,16.62,248486
791,2020-09-07,19.1,20.49,20.49,19.1,141302
792,2020-09-08,21.54,19.05,22.53,18.44,201086
793,2020-09-09,18.0,18.07,18.29,17.2,129987
794,2020-09-10,17.62,17.16,18.62,16.86,116018
795,2020-09-11,17.53,18.17,18.51,16.8,106419
796,2020-09-14,18.2,17.76,18.77,17.46,77329
797,2020-09-15,18.12,17.63,18.15,17.3,60243
798,2020-09-16,17.65,17.37,18.0,17.15,42182
799,2020-09-17,17.41,16.65,17.41,16.65,62440
800,2020-09-18,16.65,17.82,17.82,16.35,81438
801,2020-09-21,17.87,19.6,19.6,17.57,86406
802,2020-09-22,19.38,19.3,20.12,19.02,89081
803,2020-09-23,19.68,19.29,19.97,18.73,62689
804,2020-09-24,19.3,18.92,20.2,18.82,72909
805,2020-09-25,19.48,18.95,19.87,18.41,59862
806,2020-09-28,19.09,18.57,19.24,18.43,48204
807,2020-09-29,18.99,18.44,18.99,18.22,51465
808,2020-09-30,18.69,19.08,19.5,18.48,58460
809,2020-10-09,19.18,18.91,19.45,18.81,55751
810,2020-10-12,18.8,18.97,19.44,18.8,50585
811,2020-10-13,18.6,20.49,20.49,18.0,89308
812,2020-10-14,20.0,20.3,20.85,19.65,60755
813,2020-10-15,20.49,20.83,21.5,20.1,58131
814,2020-10-16,21.34,20.77,21.44,20.3,40220
815,2020-10-19,21.08,20.55,21.4,20.3,30570
816,2020-10-20,20.55,20.88,21.12,20.35,25907
817,2020-10-21,21.03,20.93,21.21,20.27,35200
818,2020-10-22,21.55,21.11,22.87,20.68,71803
819,2020-10-23,20.88,20.45,21.09,20.33,32102
820,2020-10-26,20.61,20.56,20.85,19.78,30901
821,2020-10-27,20.4,20.5,20.85,20.29,19050
822,2020-10-28,20.58,20.59,20.78,20.09,14073
823,2020-10-29,20.22,21.4,21.78,20.21,43256
824,2020-10-30,21.65,20.43,21.7,20.3,27989
825,2020-11-02,20.46,20.0,20.63,19.9,19050
826,2020-11-03,20.17,19.97,20.7,19.92,34617
827,2020-11-04,19.98,19.93,20.24,19.69,18508
828,2020-11-05,20.0,20.1,20.35,19.91,18155
829,2020-11-06,20.05,21.6,22.11,19.91,73234
830,2020-11-09,21.87,21.2,21.93,21.0,48188
831,2020-11-10,21.0,23.2,23.32,21.0,72455
832,2020-11-11,22.96,22.59,23.45,22.36,45711
833,2020-11-12,22.45,21.2,22.45,21.02,58463
834,2020-11-13,21.36,20.79,21.45,20.5,33379
835,2020-11-16,21.0,20.67,21.16,20.28,21577
836,2020-11-17,20.98,21.26,21.7,20.7,36362
837,2020-11-18,21.15,20.96,21.32,20.7,17150
838,2020-11-19,20.9,20.55,20.9,20.24,20948
839,2020-11-20,20.6,21.0,21.58,20.58,24708
840,2020-11-23,21.06,20.54,21.26,20.4,22697
841,2020-11-24,20.54,20.85,21.62,19.98,30560
842,2020-11-25,21.0,20.1,21.0,20.05,21043
843,2020-11-26,20.19,20.26,20.31,19.9,11260
844,2020-11-27,20.26,20.11,20.3,19.76,11212
845,2020-11-30,20.3,20.3,20.38,19.83,11044
846,2020-12-01,20.38,20.51,20.81,20.11,17829
847,2020-12-02,20.49,20.19,20.75,20.17,9813
848,2020-12-03,20.16,21.05,21.58,19.88,34351
849,2020-12-04,21.0,21.22,21.33,20.53,22898
850,2020-12-07,21.22,21.26,21.63,20.76,38147
851,2020-12-08,21.35,20.94,21.58,20.5,25135
852,2020-12-09,21.08,20.74,21.22,20.7,11899
853,2020-12-10,20.74,20.69,20.93,20.52,7646
854,2020-12-11,20.68,20.2,20.83,20.0,22456
855,2020-12-14,20.18,20.51,20.59,19.99,12232
856,2020-12-15,20.56,20.12,20.65,20.1,10820
857,2020-12-16,20.01,20.19,20.46,20.0,9447
858,2020-12-17,20.1,20.74,21.35,20.1,27909
859,2020-12-18,20.65,20.38,20.83,20.12,21645
860,2020-12-21,20.38,20.39,20.52,20.05,11266
861,2020-12-22,20.39,20.17,20.49,20.06,13484
862,2020-12-23,20.1,19.82,20.24,19.81,17797
863,2020-12-24,19.57,18.76,19.7,17.94,24526
864,2020-12-25,18.43,18.5,18.84,17.9,24264
865,2020-12-28,18.58,18.2,18.99,18.0,18493
866,2020-12-29,18.5,17.28,18.5,17.25,30058
867,2020-12-30,17.73,17.9,18.25,17.0,30881
868,2020-12-31,17.9,18.13,18.25,17.5,25653
869,2021-01-04,18.13,18.06,18.23,17.44,38910
870,2021-01-05,17.62,18.18,18.42,17.62,23424
871,2021-01-06,18.17,18.23,18.48,17.8,22109
872,2021-01-07,20.05,18.93,20.05,18.56,45390
873,2021-01-08,17.85,18.0,18.49,17.49,33060
874,2021-01-11,17.7,18.85,19.2,17.13,49408
875,2021-01-12,18.52,18.72,19.52,18.33,32742
876,2021-01-13,18.5,19.24,19.71,18.09,34558
877,2021-01-14,19.05,18.62,19.24,18.51,18752
878,2021-01-15,18.98,18.18,18.98,18.02,14557
879,2021-01-18,17.94,18.03,18.24,17.74,8603
880,2021-01-19,18.01,17.35,18.2,17.3,22451
881,2021-01-20,17.33,17.3,17.65,17.01,14247
882,2021-01-21,17.31,17.62,18.13,17.2,18741
883,2021-01-22,17.87,17.43,17.87,17.28,10814
884,2021-01-25,17.36,17.65,17.82,17.15,13046
885,2021-01-26,17.5,17.35,17.87,17.17,12089
886,2021-01-27,17.49,16.78,17.5,16.78,19012
887,2021-01-28,16.32,16.84,17.22,16.32,16863
888,2021-01-29,16.73,15.2,17.0,15.16,42122
889,2021-02-01,15.2,14.26,15.49,14.2,34037
890,2021-02-02,14.3,14.21,14.38,13.83,18952
891,2021-02-03,14.3,13.95,14.38,13.88,15953
892,2021-02-04,13.9,13.37,14.17,13.24,21889
893,2021-02-05,13.37,12.55,13.69,12.39,39545
894,2021-02-08,12.57,13.14,13.81,12.4,50433
895,2021-02-09,12.8,12.32,12.8,12.07,45321
896,2021-02-10,12.21,12.37,12.6,12.15,23345
897,2021-02-18,12.65,12.9,13.06,12.52,23356
898,2021-02-19,12.84,13.66,13.74,12.77,26024
899,2021-02-22,13.66,14.12,14.45,13.66,33030
900,2021-02-23,13.8,13.7,14.24,13.63,18155
901,2021-02-24,13.71,13.55,14.02,13.32,18301
902,2021-02-25,13.79,13.4,13.79,13.25,13707
903,2021-02-26,13.7,13.52,13.96,13.23,22131
904,2021-03-01,13.57,13.76,13.85,13.52,17287
905,2021-03-02,13.91,14.16,14.49,13.9,26541
906,2021-03-03,14.04,15.58,15.58,14.04,58405
907,2021-03-04,15.42,15.04,15.48,14.88,38443
908,2021-03-05,14.96,15.28,15.73,14.72,31866
909,2021-03-08,15.62,15.45,15.77,15.12,27775
910,2021-03-09,15.64,14.77,15.64,13.91,32828
911,2021-03-10,14.1,14.1,14.55,13.99,31365
912,2021-03-11,14.1,13.77,14.21,13.64,35778
913,2021-03-12,13.73,13.56,13.85,13.35,23462
914,2021-03-15,13.76,13.44,13.86,13.31,22086
915,2021-03-16,13.38,13.75,13.83,13.31,19727
916,2021-03-17,14.0,13.99,14.15,13.66,21402
917,2021-03-18,14.2,13.46,14.2,13.45,23394
918,2021-03-19,13.37,13.65,14.08,13.18,22305
919,2021-03-22,13.66,14.1,14.39,13.66,24594
920,2021-03-23,14.07,13.86,14.35,13.82,17828
921,2021-03-24,14.2,14.04,14.98,13.9,39269
922,2021-03-25,13.98,14.49,15.25,13.45,60416
923,2021-03-26,14.0,14.09,14.23,13.9,38340
924,2021-03-29,14.08,14.1,14.26,13.93,23829
925,2021-03-30,14.1,14.06,14.18,13.91,15324
926,2021-03-31,14.07,13.83,14.14,13.81,17147
927,2021-04-01,13.8,13.65,13.83,13.6,11171
928,2021-04-02,13.65,13.97,14.2,13.53,17963
929,2021-04-06,13.91,13.98,14.1,13.85,13450
930,2021-04-07,14.08,13.83,14.08,13.76,13363
931,2021-04-08,13.8,13.75,13.98,13.65,12464
932,2021-04-09,13.7,13.69,13.77,13.57,8104
933,2021-04-12,13.72,13.47,13.8,13.3,11625
934,2021-04-13,13.47,13.3,13.54,13.26,7550
935,2021-04-14,13.37,13.42,13.45,13.25,7187
936,2021-04-15,13.48,13.39,13.58,13.26,6700
937,2021-04-16,13.39,13.57,13.6,13.33,9343
938,2021-04-19,13.57,13.66,13.72,13.42,9541
939,2021-04-20,13.67,13.74,13.89,13.63,12041
940,2021-04-21,13.76,13.65,13.96,13.54,8874
941,2021-04-22,13.64,14.03,14.43,13.6,26696
942,2021-04-23,13.78,13.63,14.0,13.58,15874
943,2021-04-26,13.5,13.39,13.7,13.37,12164
944,2021-04-27,13.28,12.53,13.28,12.34,24786
945,2021-04-28,12.53,12.45,12.65,12.17,12144
946,2021-04-29,12.42,12.45,12.61,12.39,8733
947,2021-04-30,12.44,12.16,12.6,11.97,15118
948,2021-05-06,12.15,12.18,12.32,12.0,7373
949,2021-05-07,12.28,12.0,12.28,11.98,10027
950,2021-05-10,12.0,13.2,13.2,12.0,25779
951,2021-05-11,13.99,13.1,13.99,12.9,48037
952,2021-05-12,12.9,13.05,13.08,12.6,27550
953,2021-05-13,13.05,12.73,13.18,12.73,19678
954,2021-05-14,12.71,13.13,13.58,12.71,25030
955,2021-05-17,12.93,12.82,12.95,12.68,19613
956,2021-05-18,13.5,14.1,14.1,13.5,38222
957,2021-05-19,14.2,13.7,14.2,13.55,65355
958,2021-05-20,13.43,13.7,13.73,13.25,32288
959,2021-05-21,13.71,13.46,14.35,13.35,40656
960,2021-05-24,13.38,12.92,13.45,12.81,26508
961,2021-05-25,12.92,12.99,13.02,12.65,17380
962,2021-05-26,13.0,13.05,13.38,12.99,22273
963,2021-05-27,13.05,13.2,13.22,12.8,20678
964,2021-05-28,13.17,13.14,13.2,12.9,19850
965,2021-05-31,13.18,14.45,14.45,13.08,69037
966,2021-06-01,14.02,14.03,14.43,13.95,73985
967,2021-06-02,14.17,14.02,14.35,13.85,37643
968,2021-06-03,13.96,13.87,14.15,13.72,29244
969,2021-06-04,14.01,13.93,14.28,13.75,25385
970,2021-06-07,13.84,14.21,14.25,13.59,35227
971,2021-06-08,14.01,13.78,14.19,13.52,40033
972,2021-06-09,13.7,13.85,13.93,13.56,17100
973,2021-06-10,13.84,13.64,13.84,13.54,22033
974,2021-06-11,13.64,13.34,13.65,13.3,19862
975,2021-06-15,13.4,12.92,13.41,12.9,19878
976,2021-06-16,12.88,12.88,13.09,12.75,13333
977,2021-06-17,12.93,13.06,13.06,12.8,11450
978,2021-06-18,13.18,13.17,13.29,13.0,14781
979,2021-06-21,13.17,13.13,13.23,13.02,11427
980,2021-06-22,13.14,13.25,13.3,13.07,12757
981,2021-06-23,13.26,13.09,13.36,13.07,11067
982,2021-06-24,13.07,12.78,13.11,12.77,12423
983,2021-06-25,12.78,13.03,13.32,12.6,13946
984,2021-06-28,13.1,12.97,13.1,12.86,9499
985,2021-06-29,12.9,13.02,13.08,12.89,7408
986,2021-06-30,13.04,12.81,13.11,12.8,11455
987,2021-07-01,12.91,12.62,12.93,12.57,9986
988,2021-07-02,12.51,12.5,12.59,12.39,8417
989,2021-07-05,12.5,12.61,12.62,12.4,7607
990,2021-07-06,12.61,12.77,12.83,12.5,9607
991,2021-07-07,12.77,12.78,12.83,12.65,4388
992,2021-07-08,12.79,12.41,12.8,12.3,10660
993,2021-07-09,12.45,12.47,12.51,12.3,9455
994,2021-07-12,12.51,12.45,12.64,12.44,11934
995,2021-07-13,12.45,12.23,12.49,12.08,19291
996,2021-07-14,12.23,12.03,12.23,12.01,15850
997,2021-07-15,12.08,11.35,12.08,11.31,28232
998,2021-07-16,11.31,10.95,11.44,10.9,32828
999,2021-07-19,11.0,10.4,11.02,10.3,45147
1000,2021-07-20,10.33,10.17,10.43,10.03,43062
1001,2021-07-21,10.18,10.18,10.46,10.03,43669
1002,2021-07-22,10.18,10.15,10.24,10.05,25719
1003,2021-07-23,10.18,9.7,10.18,9.59,52015
1004,2021-07-26,9.65,9.36,9.65,9.14,44890
1005,2021-07-27,9.39,9.14,9.63,9.13,30234
1006,2021-07-28,9.14,8.95,9.23,8.68,43345
1007,2021-07-29,9.08,9.25,9.41,9.07,33512
1008,2021-07-30,9.36,9.28,9.36,9.15,18549
1009,2021-08-02,9.0,9.49,9.61,8.8,44043
1010,2021-08-03,9.46,9.64,9.75,9.34,27938
1011,2021-08-04,9.83,9.43,9.83,9.4,25784
1012,2021-08-05,9.48,9.29,9.48,9.2,16310
1013,2021-08-06,9.21,9.16,9.29,9.09,17047
1014,2021-08-09,9.28,9.68,9.69,9.17,34032
1015,2021-08-10,9.63,9.83,9.93,9.62,30334
1016,2021-08-11,9.89,9.91,10.24,9.81,28017
1017,2021-08-12,9.88,9.74,10.07,9.68,19513
1018,2021-08-13,9.87,9.63,9.87,9.52,18791
1019,2021-08-16,9.63,9.79,9.83,9.56,16639
1020,2021-08-17,9.74,9.46,9.86,9.41,19330
1021,2021-08-18,9.49,9.49,9.55,9.33,13680
1022,2021-08-19,9.51,9.31,9.53,9.31,12381
1023,2021-08-20,9.39,9.17,9.39,9.03,13898
1024,2021-08-23,9.18,9.64,9.65,9.07,23471
1025,2021-08-24,9.63,9.37,9.66,9.35,15576
1026,2021-08-25,9.43,9.44,9.53,9.23,12058
1027,2021-08-26,9.58,9.28,9.58,9.25,15556
1028,2021-08-27,9.27,9.12,9.3,9.07,14667
1029,2021-08-30,9.2,9.03,9.2,8.95,13072
1030,2021-08-31,9.03,8.98,9.16,8.86,13357
1031,2021-09-01,9.14,9.14,9.17,8.96,17353
1032,2021-09-02,9.16,9.07,9.2,9.06,11330
1033,2021-09-03,9.11,9.25,9.35,9.05,19119
1034,2021-09-06,9.28,9.52,9.52,9.2,18925
1035,2021-09-07,9.51,9.51,9.6,9.41,16784
1036,2021-09-08,9.52,9.7,9.73,9.52,27419
1037,2021-09-09,9.65,9.65,9.76,9.57,16043
1038,2021-09-10,9.68,9.56,9.7,9.5,16843
1039,2021-09-13,9.54,9.71,9.8,9.47,17590
1040,2021-09-14,9.79,9.48,9.8,9.42,18069
1041,2021-09-15,9.48,9.62,9.68,9.38,16879
1042,2021-09-16,9.43,9.52,9.79,9.43,21337
1043,2021-09-17,9.5,9.65,9.75,9.23,30789
1044,2021-09-22,9.43,9.54,9.6,9.4,13776
1045,2021-09-23,9.46,9.73,9.77,9.46,20292
1046,2021-09-24,9.62,10.01,10.16,9.6,53953
1047,2021-09-27,10.1,9.86,10.88,9.81,104839
1048,2021-09-28,9.61,9.55,9.7,8.97,61680
1049,2021-09-29,9.8,10.51,10.51,9.7,102255
1050,2021-09-30,10.6,10.76,11.15,10.17,149753
1051,2021-10-08,10.53,10.91,10.96,10.46,101372
1052,2021-10-11,10.73,10.88,11.14,10.6,72840
1053,2021-10-12,10.85,10.94,10.94,10.52,50542
1054,2021-10-13,10.95,10.9,11.18,10.61,58736
1055,2021-10-14,10.83,10.47,10.88,10.44,51825
1056,2021-10-15,10.42,10.09,10.71,10.07,53177
1057,2021-10-18,10.0,10.12,10.3,9.73,42249
1058,2021-10-19,10.15,10.03,10.25,9.97,31143
1059,2021-10-20,9.92,9.87,10.09,9.85,25782
1060,2021-10-21,9.94,9.92,10.04,9.86,20498
1061,2021-10-22,9.8,9.97,10.05,9.79,21477
1062,2021-10-25,10.01,9.63,10.06,9.51,33593
1063,2021-10-26,9.7,9.64,9.7,9.53,20017
1064,2021-10-27,9.27,9.0,9.5,8.92,42434
1065,2021-10-28,8.82,8.84,9.2,8.77,23073
1066,2021-10-29,8.84,9.27,9.44,8.81,35088
1067,2021-11-01,9.29,9.57,9.73,9.1,36689
1068,2021-11-02,9.57,9.91,10.0,9.54,42861
1069,2021-11-03,10.03,9.82,10.03,9.76,25782
1070,2021-11-04,9.86,10.54,10.69,9.82,69472
1071,2021-11-05,10.66,10.38,10.8,10.35,49102
1072,2021-11-08,10.35,10.05,10.42,10.05,32236
1073,2021-11-09,10.08,9.93,10.2,9.91,23529
1074,2021-11-10,9.98,9.81,10.14,9.66,24550
1075,2021-11-11,9.81,9.79,9.87,9.68,20465
1076,2021-11-12,9.76,9.55,9.83,9.52,22457
1077,2021-11-15,9.55,10.12,10.4,9.51,59051
1078,2021-11-16,10.1,9.84,10.11,9.84,30771
1079,2021-11-17,9.84,9.85,9.9,9.71,15909
1080,2021-11-18,9.92,9.55,9.92,9.54,25469
1081,2021-11-19,9.54,9.59,9.67,9.33,23672
1082,2021-11-22,9.58,9.47,9.58,9.41,16826
1083,2021-11-23,9.5,9.51,9.54,9.42,11898
1084,2021-11-24,9.53,9.4,9.53,9.35,16313
1085,2021-11-25,9.4,9.47,9.48,9.38,12765
1086,2021-11-26,9.46,9.66,9.82,9.32,33188
1087,2021-11-29,9.59,9.39,9.64,9.36,26135
1088,2021-11-30,9.43,10.33,10.33,9.38,85540
1089,2021-12-01,10.36,10.66,10.95,10.26,111712
1090,2021-12-02,10.4,10.08,10.66,10.05,58262
1091,2021-12-03,10.2,10.0,10.21,9.9,41989
1092,2021-12-06,10.09,10.21,10.35,9.92,55742
1093,2021-12-07,10.19,10.43,10.49,10.16,58590
1094,2021-12-08,10.43,10.33,10.43,10.22,31383
1095,2021-12-09,10.33,10.2,10.46,10.08,45036
1096,2021-12-10,10.25,10.28,10.59,10.1,49115
1097,2021-12-13,10.29,10.26,10.5,10.21,38005
1098,2021-12-14,10.27,10.43,10.5,10.1,37471
1099,2021-12-15,10.35,10.25,10.42,10.22,24406
1100,2021-12-16,10.16,10.32,10.4,10.14,20273
1101,2021-12-17,10.37,10.15,10.38,10.1,16646
1102,2021-12-20,10.15,10.05,10.25,10.0,17041
1103,2021-12-21,10.04,10.17,10.17,9.91,20642
1104,2021-12-22,10.16,10.06,10.29,10.04,21655
1105,2021-12-23,10.09,9.85,10.12,9.83,24768
1106,2021-12-24,9.89,9.77,10.04,9.64,26848
1107,2021-12-27,9.76,10.61,10.66,9.66,76837
1108,2021-12-28,10.55,10.37,10.56,10.26,44665
1109,2021-12-29,10.37,11.41,11.41,10.37,55286
1110,2021-12-30,12.0,11.19,12.0,10.83,182232
1111,2021-12-31,11.12,10.76,11.3,10.69,104734
1112,2022-01-04,10.77,11.84,11.84,10.64,92394
1113,2022-01-05,12.59,13.02,13.02,12.3,200532
1114,2022-01-06,13.01,12.54,13.87,12.36,281295
1115,2022-01-07,12.08,11.88,12.58,11.85,182512
1116,2022-01-10,11.92,11.93,12.28,11.6,110624
1117,2022-01-11,11.94,11.65,12.04,11.56,94619
1118,2022-01-12,11.75,12.82,12.82,11.44,162239
1119,2022-01-13,13.42,14.1,14.1,13.02,202465
1120,2022-01-14,14.8,14.06,15.51,13.51,363423
1121,2022-01-17,12.65,13.68,14.6,12.65,249620
1122,2022-01-18,13.5,12.31,13.56,12.31,164813
1123,2022-01-19,11.85,12.32,12.51,11.64,164231
1124,2022-01-20,12.17,11.9,12.7,11.71,132675
1125,2022-01-21,11.5,11.26,11.77,11.18,106731
1126,2022-01-24,11.43,11.22,11.52,11.09,67967
1127,2022-01-25,11.22,10.5,11.34,10.38,72321
1128,2022-01-26,10.54,10.43,10.72,10.3,50459
1129,2022-01-27,10.36,9.9,10.61,9.9,51452
1130,2022-01-28,9.96,10.09,10.27,9.95,45845
1131,2022-02-07,10.0,10.1,10.19,9.86,41621
1132,2022-02-08,10.1,10.27,10.41,10.01,40020
1133,2022-02-09,10.23,10.32,10.42,10.2,37007
1134,2022-02-10,10.28,10.18,10.3,10.09,42016
1135,2022-02-11,10.26,9.7,10.28,9.68,55954
1136,2022-02-14,9.75,9.85,9.95,9.66,38015
1137,2022-02-15,9.87,9.63,9.93,9.58,35824
1138,2022-02-16,9.64,9.73,9.76,9.54,31440
1139,2022-02-17,9.66,9.61,9.8,9.56,32430
1140,2022-02-18,9.58,9.62,9.64,9.45,23930
1141,2022-02-21,9.63,9.77,9.81,9.61,29097
1142,2022-02-22,9.75,9.46,9.75,9.42,36302
1143,2022-02-23,9.51,9.61,9.64,9.43,27390
1144,2022-02-24,9.57,9.23,9.65,9.13,50776
1145,2022-02-25,9.28,9.3,9.49,9.27,32345
1146,2022-02-28,9.39,9.36,9.39,9.08,28742
1147,2022-03-01,9.36,9.46,9.46,9.3,23370
1148,2022-03-02,9.42,9.52,9.65,9.38,31590
1149,2022-03-03,9.56,9.52,9.59,9.47,22266
1150,2022-03-04,9.53,9.4,9.55,9.37,23230
1151,2022-03-07,9.37,9.38,9.47,9.24,20082
1152,2022-03-08,9.38,9.08,9.4,9.0,26669
1153,2022-03-09,9.1,8.82,9.15,8.45,30019
1154,2022-03-10,8.96,9.08,9.23,8.93,28495
1155,2022-03-11,8.95,9.3,9.35,8.89,43551
1156,2022-03-14,9.43,9.18,9.51,9.15,41319
1157,2022-03-15,9.15,8.64,9.18,8.64,34282
1158,2022-03-16,8.74,8.78,8.79,8.3,33430
1159,2022-03-17,8.91,8.99,9.22,8.76,35826
1160,2022-03-18,8.86,9.08,9.15,8.86,21340
1161,2022-03-21,9.09,9.54,9.67,9.09,62939
1162,2022-03-22,9.43,9.4,9.57,9.28,36884
1163,2022-03-23,9.4,9.3,9.43,9.27,23396
1164,2022-03-24,9.2,9.25,9.36,9.15,26608
1165,2022-03-25,9.2,9.41,9.5,9.18,37604
1166,2022-03-28,9.41,9.7,9.83,9.3,84736
1167,2022-03-29,9.56,9.88,10.16,9.51,130479
1168,2022-03-30,9.8,9.61,9.82,9.51,70759
1169,2022-03-31,9.61,9.65,9.88,9.52,57375
1170,2022-04-01,9.54,9.52,9.83,9.48,43928
1171,2022-04-06,9.52,9.84,10.1,9.5,81929
1172,2022-04-07,9.83,9.62,10.3,9.61,70408
1173,2022-04-08,9.45,9.24,9.75,9.14,60778
1174,2022-04-11,9.42,9.43,9.97,9.27,89019
1175,2022-04-12,9.18,10.37,10.37,9.09,143595
1176,2022-04-13,10.37,11.41,11.41,10.11,294158
1177,2022-04-14,10.98,11.76,12.5,10.55,302132
1178,2022-04-15,11.08,11.76,11.9,10.89,227469
1179,2022-04-18,11.5,11.05,12.25,10.77,206335
1180,2022-04-19,11.0,11.33,11.84,10.79,168566
1181,2022-04-20,11.23,12.46,12.46,10.9,202407
1182,2022-04-21,12.68,13.71,13.71,12.47,358491
1183,2022-04-22,12.6,12.34,13.4,12.34,160053
1184,2022-04-25,11.11,11.11,11.11,11.11,9734
1185,2022-04-26,10.0,10.28,11.66,10.0,241993
1186,2022-04-27,9.64,9.37,9.82,9.25,198352
1187,2022-04-28,9.13,8.45,9.3,8.43,186274
1188,2022-04-29,8.37,8.87,8.95,8.37,139178
1189,2022-05-05,8.99,9.32,9.49,8.86,110501
1190,2022-05-06,9.03,9.06,9.25,8.91,74912
1191,2022-05-09,9.03,9.21,9.33,8.9,58994
1192,2022-05-10,9.06,9.35,9.44,9.05,62728
1193,2022-05-11,9.36,9.11,9.49,9.06,89981
1194,2022-05-12,9.01,9.12,9.33,8.89,76493
1195,2022-05-13,9.2,9.0,9.25,8.8,64478
1196,2022-05-16,8.97,9.19,9.35,8.97,82760
1197,2022-05-17,9.29,9.03,9.3,8.9,60738
1198,2022-05-18,8.99,9.15,9.2,8.91,57647
1199,2022-05-19,9.0,9.05,9.15,8.95,40198
1200,2022-05-20,9.02,9.24,9.26,9.02,58852
1201,2022-05-23,9.26,9.42,9.47,9.25,58156
1202,2022-05-24,9.45,9.78,10.1,9.26,176191
1203,2022-05-25,9.66,10.76,10.76,9.5,198341
1204,2022-05-26,10.36,10.2,10.55,10.16,148215
1205,2022-05-27,10.18,9.97,10.18,9.77,121916
1206,2022-05-30,9.87,9.89,9.99,9.71,83379
1207,2022-05-31,9.9,10.14,10.33,9.75,137194
1208,2022-06-01,10.1,9.95,10.2,9.86,89960
1209,2022-06-02,9.94,9.82,10.09,9.65,68997
1210,2022-06-06,9.82,9.87,9.88,9.71,55348
1211,2022-06-07,9.87,9.5,9.94,9.32,95461
1212,2022-06-08,9.59,9.59,9.85,9.35,71633
1213,2022-06-09,9.59,9.31,9.65,9.28,53085
1214,2022-06-10,9.22,9.32,9.48,9.19,37106
1215,2022-06-13,9.25,9.52,9.56,9.23,48152
1216,2022-06-14,9.46,9.69,9.7,9.28,69990
1217,2022-06-15,6.99,6.88,7.05,6.83,54103
1218,2022-06-16,6.8,6.93,7.0,6.78,82545
1219,2022-06-17,6.9,6.83,7.17,6.73,77537
1220,2022-06-20,6.83,6.86,6.88,6.78,55709
1221,2022-06-21,6.84,6.77,6.92,6.68,55634
1222,2022-06-22,6.76,6.67,6.79,6.66,44337
1223,2022-06-23,6.67,6.69,6.72,6.59,37919
1224,2022-06-24,6.73,6.87,6.96,6.68,76882
1225,2022-06-27,6.96,7.16,7.26,6.92,145251
1226,2022-06-28,7.13,7.17,7.29,7.06,90796
1227,2022-06-29,7.19,7.14,7.48,7.13,131832
1228,2022-06-30,7.15,7.44,7.53,7.15,132484
1229,2022-07-01,7.44,7.36,7.48,7.23,80419
1230,2022-07-04,7.36,7.38,7.55,7.28,75769
1231,2022-07-05,7.37,7.21,7.37,7.1,77473
1232,2022-07-06,7.2,7.08,7.22,7.01,45704
1233,2022-07-07,7.14,7.03,7.14,6.98,40421
1234,2022-07-08,7.03,7.12,7.17,7.02,47398
1235,2022-07-11,7.14,7.16,7.16,6.95,42169
1236,2022-07-12,7.15,6.88,7.17,6.85,54868
1237,2022-07-13,6.87,6.98,6.98,6.82,31465
1238,2022-07-14,6.95,6.93,6.97,6.82,43830
1239,2022-07-15,6.89,6.7,6.89,6.66,44716
1240,2022-07-18,6.7,6.9,6.98,6.7,54014
1241,2022-07-19,6.9,7.1,7.38,6.89,92139
1242,2022-07-20,7.15,7.01,7.18,7.0,50655
1243,2022-07-21,6.98,6.99,7.12,6.97,43691
1244,2022-07-22,7.07,7.02,7.15,6.91,46770
1245,2022-07-25,6.85,6.98,6.98,6.8,40627
1246,2022-07-26,6.98,6.97,6.98,6.83,33375
1247,2022-07-27,7.0,6.95,7.08,6.93,29102
1248,2022-07-28,7.02,6.98,7.03,6.95,31272
1249,2022-07-29,6.95,6.92,7.0,6.88,27022
1250,2022-08-01,6.96,6.87,6.98,6.85,28488
1251,2022-08-02,6.89,6.57,6.89,6.44,53645
1252,2022-08-03,6.55,6.53,6.7,6.52,28885
1253,2022-08-04,6.58,6.68,6.69,6.52,25794
1254,2022-08-05,6.68,6.79,6.79,6.65,26767
1255,2022-08-08,6.76,6.8,6.83,6.71,21152
1256,2022-08-09,6.73,6.76,6.79,6.7,20175
1257,2022-08-10,6.77,6.77,6.8,6.72,20362
1258,2022-08-11,6.83,6.92,6.93,6.77,38339
1259,2022-08-12,6.91,6.99,7.0,6.86,35038
1260,2022-08-15,6.98,7.06,7.07,6.84,38048
1261,2022-08-16,7.06,7.02,7.1,6.98,21549
1262,2022-08-17,7.03,6.96,7.08,6.95,31971
1263,2022-08-18,6.99,6.88,6.99,6.85,24133
1264,2022-08-19,6.88,6.82,6.94,6.81,21721
1265,2022-08-22,6.82,6.89,6.89,6.8,20035
1266,2022-08-23,6.89,6.9,6.96,6.85,23502
1267,2022-08-24,6.91,6.78,6.94,6.74,30027
1268,2022-08-25,6.78,6.85,6.86,6.67,28431
1269,2022-08-26,6.85,6.97,7.1,6.78,62299
1270,2022-08-29,6.91,7.3,7.31,6.81,114809
1271,2022-08-30,7.18,7.24,7.36,7.13,91453
1272,2022-08-31,7.33,7.36,7.52,7.19,138351
1273,2022-09-01,7.21,7.29,7.55,7.19,123579
1274,2022-09-02,7.3,7.45,7.51,7.18,137296
1275,2022-09-05,7.33,7.3,7.41,7.18,88211
1276,2022-09-06,7.25,7.19,7.33,7.12,62853
1277,2022-09-07,7.16,7.09,7.31,7.04,73499
1278,2022-09-08,7.09,6.93,7.16,6.87,68533
1279,2022-09-09,6.98,6.87,6.99,6.82,41111
1280,2022-09-13,6.87,7.02,7.1,6.87,59179
1281,2022-09-14,6.99,6.97,7.02,6.87,40254
1282,2022-09-15,7.01,6.84,7.06,6.73,52985
1283,2022-09-16,6.84,6.6,6.91,6.58,47841
1284,2022-09-19,6.55,6.68,6.7,6.49,42232
1285,2022-09-20,6.68,6.87,6.92,6.68,57469
1286,2022-09-21,6.84,6.81,6.84,6.69,34481
1287,2022-09-22,6.76,6.65,6.84,6.64,37184
1288,2022-09-23,6.7,6.52,6.7,6.44,37318
1289,2022-09-26,6.46,6.37,6.53,6.34,30955
1290,2022-09-27,6.39,6.77,6.81,6.39,58040
1291,2022-09-28,6.8,6.63,6.84,6.62,41359
1292,2022-09-29,6.75,6.46,6.75,6.42,38974
1293,2022-09-30,6.55,6.39,6.55,6.34,27198
1294,2022-10-10,6.36,6.17,6.46,6.13,31442
1295,2022-10-11,6.12,6.23,6.25,6.03,30490
1296,2022-10-12,6.24,6.33,6.34,6.16,26162
1297,2022-10-13,6.29,6.5,6.57,6.28,38842
1298,2022-10-14,6.54,6.58,6.67,6.5,34535
1299,2022-10-17,6.58,6.64,6.67,6.51,23825
1300,2022-10-18,6.69,6.55,6.69,6.53,30128
1301,2022-10-19,6.55,6.43,6.58,6.42,23011
1302,2022-10-20,6.43,6.42,6.52,6.36,21877
1303,2022-10-21,6.45,6.35,6.49,6.3,17986
1304,2022-10-24,6.37,6.16,6.42,6.14,28277
1305,2022-10-25,6.16,6.09,6.2,6.01,36812
1306,2022-10-26,6.1,6.2,6.26,6.08,24207
1307,2022-10-27,6.25,6.31,6.37,6.2,29511
1308,2022-10-28,6.34,6.14,6.34,6.06,32136
1309,2022-10-31,6.12,6.13,6.23,6.08,22271
1310,2022-11-01,6.15,6.35,6.36,6.15,29179
1311,2022-11-02,6.33,6.5,6.61,6.26,44362
1312,2022-11-03,6.46,6.67,6.72,6.39,53732
1313,2022-11-04,6.54,6.64,6.76,6.52,48387
1314,2022-11-07,6.68,6.91,6.98,6.59,85262
1315,2022-11-08,6.92,6.8,6.92,6.75,66761
1316,2022-11-09,6.82,6.8,6.9,6.77,30248
1317,2022-11-10,6.77,6.82,6.87,6.72,30747
1318,2022-11-11,7.0,6.79,7.0,6.76,39577
1319,2022-11-14,6.83,6.89,6.96,6.74,36247
1320,2022-11-15,6.92,6.95,7.01,6.84,45076
1321,2022-11-16,6.98,7.05,7.08,6.93,39040
1322,2022-11-17,7.05,7.15,7.19,6.93,40540
1323,2022-11-18,7.15,7.1,7.2,7.08,36799
1324,2022-11-21,7.13,7.1,7.13,6.95,43279
1325,2022-11-22,7.1,6.93,7.17,6.88,36911
1326,2022-11-23,6.99,6.79,6.99,6.71,38593
1327,2022-11-24,6.81,6.79,6.92,6.74,25379
1328,2022-11-25,6.8,6.72,6.83,6.68,29617
1329,2022-11-28,6.71,6.81,6.82,6.54,38484
1330,2022-11-29,6.8,6.93,7.0,6.8,46660
1331,2022-11-30,6.99,6.93,7.03,6.9,28354
1332,2022-12-01,7.01,7.19,7.34,7.0,80483
1333,2022-12-02,7.21,7.38,7.65,7.17,110370
1334,2022-12-05,7.5,7.4,7.55,7.32,79908
1335,2022-12-06,7.48,7.36,7.52,7.31,53698
1336,2022-12-07,7.5,7.41,7.5,7.21,42808
1337,2022-12-08,7.51,7.44,7.53,7.35,32139
1338,2022-12-09,7.38,7.62,7.86,7.22,108951
1339,2022-12-12,7.53,7.76,7.87,7.51,110105
1340,2022-12-13,7.77,7.87,7.96,7.61,94857
1341,2022-12-14,7.87,7.99,8.08,7.76,72614
1342,2022-12-15,7.96,7.66,8.03,7.63,69643
1343,2022-12-16,7.71,7.71,7.83,7.6,49146
1344,2022-12-19,7.73,7.62,7.93,7.46,68550
1345,2022-12-20,7.65,7.4,7.7,7.36,42929
1346,2022-12-21,7.4,7.62,7.75,7.37,61570
1347,2022-12-22,7.7,7.65,7.96,7.52,63288
1348,2022-12-23,7.65,7.88,7.96,7.56,68748
1349,2022-12-26,7.8,7.97,8.23,7.78,89003
1350,2022-12-27,7.93,7.93,8.04,7.7,66604
1351,2022-12-28,7.92,7.77,8.05,7.75,43438
1352,2022-12-29,7.84,7.74,7.86,7.52,49118
1353,2022-12-30,7.83,7.98,7.99,7.58,55943
1354,2023-01-03,7.8,7.68,8.1,7.63,67770
1355,2023-01-04,7.71,7.64,7.83,7.58,51376
1356,2023-01-05,7.73,7.52,7.73,7.45,45610
1357,2023-01-06,7.57,7.22,7.57,7.1,64200
1358,2023-01-09,7.2,7.18,7.29,7.11,37462
1359,2023-01-10,7.18,7.02,7.19,6.97,42621
1360,2023-01-11,6.99,6.88,7.03,6.83,38988
1361,2023-01-12,6.88,6.72,6.93,6.67,47757
1362,2023-01-13,6.71,6.77,6.83,6.7,34038
1363,2023-01-16,6.77,6.81,6.87,6.73,42154
1364,2023-01-17,6.82,6.62,6.87,6.56,53528
1365,2023-01-18,6.63,6.62,6.65,6.58,22463
1366,2023-01-19,6.6,6.55,6.62,6.51,30426
1367,2023-01-20,6.55,6.66,6.67,6.55,28859
1368,2023-01-30,6.72,6.88,6.92,6.71,65569
1369,2023-01-31,6.91,6.87,6.94,6.78,44904
1370,2023-02-01,6.9,6.96,6.97,6.81,36870
1371,2023-02-02,6.99,7.08,7.1,6.92,42377
1372,2023-02-03,7.09,7.01,7.09,6.93,33828
1373,2023-02-06,7.01,7.08,7.13,6.92,39975
1374,2023-02-07,7.12,7.05,7.12,7.02,24830
1375,2023-02-08,7.06,7.03,7.09,6.95,30022
1376,2023-02-09,6.99,7.08,7.12,6.96,30816
1377,2023-02-10,7.09,7.27,7.27,7.05,45630
1378,2023-02-13,7.27,7.34,7.34,7.2,34432
1379,2023-02-14,7.44,7.3,7.45,7.27,31349
1380,2023-02-15,7.31,7.25,7.35,7.2,28951
1381,2023-02-16,7.29,7.1,7.3,7.06,29982
1382,2023-02-17,7.11,7.17,7.36,7.1,44550
1383,2023-02-20,7.23,7.18,7.23,7.1,28481
1384,2023-02-21,7.24,7.16,7.24,7.1,22529
1385,2023-02-22,7.17,7.26,7.27,7.1,26248
1386,2023-02-23,7.3,7.27,7.34,7.21,28907
1387,2023-02-24,7.32,7.32,7.33,7.2,26685
1388,2023-02-27,7.32,7.19,7.32,7.15,29046
1389,2023-02-28,7.25,7.27,7.3,7.2,21369
1390,2023-03-01,7.26,7.38,7.49,7.23,51882
1391,2023-03-02,7.43,7.4,7.47,7.33,42760
1392,2023-03-03,7.45,7.33,7.47,7.29,32464
1393,2023-03-06,7.38,7.33,7.39,7.24,31600
1394,2023-03-07,7.37,7.16,7.37,7.12,30057
1395,2023-03-08,7.21,7.18,7.23,7.08,21128
1396,2023-03-09,7.17,7.17,7.25,7.09,26688
1397,2023-03-10,7.12,7.06,7.22,7.05,24782
1398,2023-03-13,7.06,7.05,7.09,6.99,20304
1399,2023-03-14,7.08,6.85,7.09,6.83,25012
1400,2023-03-15,6.9,6.9,6.95,6.86,19939
1401,2023-03-16,6.86,6.8,6.91,6.75,32276
1402,2023-03-17,6.86,6.82,6.92,6.76,21734
1403,2023-03-20,6.83,6.8,6.86,6.75,26481
1404,2023-03-21,6.84,6.99,6.99,6.74,28796
1405,2023-03-22,6.97,7.05,7.19,6.9,28457
1406,2023-03-23,7.06,6.94,7.08,6.89,25018
1407,2023-03-24,6.94,6.94,7.04,6.88,27319
1408,2023-03-27,7.08,6.92,7.08,6.85,28095
1409,2023-03-28,6.94,6.82,6.94,6.8,21268
1410,2023-03-29,6.83,6.72,6.86,6.7,24484
1411,2023-03-30,6.76,6.66,6.77,6.64,22696
1412,2023-03-31,6.64,6.81,6.83,6.64,26253
1413,2023-04-03,6.81,6.75,6.86,6.71,25907
1414,2023-04-04,6.75,6.62,6.8,6.6,30809
1415,2023-04-06,6.63,6.47,6.63,6.42,35084
1416,2023-04-07,6.47,6.5,6.53,6.43,22267
1417,2023-04-10,6.5,6.35,6.51,6.32,34245
1418,2023-04-11,6.33,6.26,6.36,6.23,30427
1419,2023-04-12,6.3,6.3,6.37,6.23,29826
1420,2023-04-13,6.32,6.29,6.34,6.25,21602
1421,2023-04-14,6.31,6.26,6.39,6.24,28626
1422,2023-04-17,6.28,6.63,6.75,6.25,95995
1423,2023-04-18,6.56,6.45,6.65,6.32,115903
1424,2023-04-19,6.45,6.46,6.56,6.35,72976
1425,2023-04-20,6.45,6.34,6.45,6.25,49248
1426,2023-04-21,6.31,6.15,6.41,6.12,43603
1427,2023-04-24,6.15,6.03,6.19,6.01,42098
1428,2023-04-25,6.03,6.05,6.16,5.96,37926
1429,2023-04-26,6.04,6.21,6.24,6.01,35472
1430,2023-04-27,6.21,6.28,6.35,6.2,32726
1431,2023-04-28,6.28,6.45,6.5,6.23,42368
1432,2023-05-04,6.48,6.66,6.75,6.43,66987
1433,2023-05-05,6.7,6.69,6.7,6.55,35556
1434,2023-05-08,6.67,6.55,6.72,6.55,28887
1435,2023-05-09,6.53,6.42,6.57,6.42,24461
1436,2023-05-10,6.42,6.46,6.52,6.39,19611
1437,2023-05-11,6.46,6.52,6.56,6.38,18684
1438,2023-05-12,6.51,6.53,6.62,6.4,21285
1439,2023-05-15,6.53,6.57,6.57,6.44,17951
1440,2023-05-16,6.56,6.49,6.57,6.46,18962
1441,2023-05-17,6.52,6.52,6.55,6.43,16825
1442,2023-05-18,6.52,6.52,6.54,6.44,19357
1443,2023-05-19,6.52,6.53,6.58,6.42,15682
1444,2023-05-22,6.45,6.57,6.6,6.45,22539
1445,2023-05-23,6.57,6.52,6.63,6.5,18681
1446,2023-05-24,6.61,6.62,6.8,6.47,53188
1447,2023-05-25,6.62,6.63,6.66,6.48,47451
1448,2023-05-26,6.64,6.52,6.65,6.46,25466
1449,2023-05-29,6.52,6.45,6.55,6.43,21773
1450,2023-05-30,6.44,6.4,6.44,6.31,16766
1451,2023-05-31,6.43,6.4,6.49,6.34,18205
1452,2023-06-01,6.37,6.48,6.5,6.35,22464
1453,2023-06-02,6.5,6.54,6.6,6.42,22564
1454,2023-06-05,6.54,6.57,6.58,6.48,17344
1455,2023-06-06,6.57,6.46,6.57,6.46,16268
1456,2023-06-07,6.46,6.5,6.5,6.41,13016
1457,2023-06-08,6.47,6.47,6.55,6.44,14785
1458,2023-06-09,6.5,6.42,6.52,6.4,16296
1459,2023-06-12,6.4,6.54,6.54,6.22,30695
1460,2023-06-13,6.48,6.57,6.61,6.48,24988
1461,2023-06-14,6.59,6.68,6.72,6.48,33732
1462,2023-06-15,6.68,6.57,6.73,6.57,23277
1463,2023-06-16,6.58,6.56,6.63,6.54,21017
1464,2023-06-19,6.56,6.42,6.56,6.41,22473
1465,2023-06-20,6.43,6.29,6.43,6.28,27050
1466,2023-06-21,6.29,6.18,6.33,6.18,21723
1467,2023-06-26,6.16,6.1,6.18,6.06,23667
1468,2023-06-27,6.03,6.23,6.25,6.02,31517
1469,2023-06-28,6.24,6.35,6.38,6.16,30373
1470,2023-06-29,6.33,6.33,6.4,6.29,18363
1471,2023-06-30,6.34,6.44,6.46,6.34,21356
1472,2023-07-03,6.56,6.64,6.66,6.45,43341
1473,2023-07-04,6.64,6.72,6.73,6.6,31367
1474,2023-07-05,6.72,6.67,6.75,6.63,25142
1475,2023-07-06,6.63,6.75,6.82,6.63,28759
1476,2023-07-07,6.75,6.89,7.2,6.7,63432
1477,2023-07-10,6.91,6.85,6.96,6.75,38472
1478,2023-07-11,6.9,6.8,6.92,6.75,28415
1479,2023-07-12,6.8,6.77,6.86,6.75,24028
1480,2023-07-13,6.75,6.82,6.85,6.71,26678
1481,2023-07-14,6.82,6.79,6.88,6.76,18354
1482,2023-07-17,6.72,6.82,6.83,6.58,23718
1483,2023-07-18,6.85,6.94,7.0,6.75,23453
1484,2023-07-19,6.9,6.89,6.99,6.85,19006
1485,2023-07-20,6.95,6.91,6.97,6.86,19818
1486,2023-07-21,6.92,6.99,7.07,6.82,31682
1487,2023-07-24,6.98,7.01,7.06,6.92,32404
1488,2023-07-25,7.01,7.0,7.08,6.93,25636
1489,2023-07-26,7.01,7.04,7.05,6.97,21996
1490,2023-07-27,7.08,7.04,7.12,7.0,19978
1491,2023-07-28,7.03,7.05,7.11,6.99,27998
1492,2023-07-31,7.07,7.28,7.32,7.07,42230
1493,2023-08-01,7.53,8.01,8.01,7.5,71750
1494,2023-08-02,8.29,8.81,8.81,7.94,259237
1495,2023-08-03,9.56,9.69,9.69,9.31,112512
1496,2023-08-04,10.66,9.49,10.66,9.26,515776
1497,2023-08-07,9.11,8.54,9.13,8.54,375625
1498,2023-08-08,8.36,9.39,9.39,8.27,423217
1499,2023-08-09,9.39,9.12,9.95,9.12,470591
1500,2023-08-10,9.3,9.46,9.7,8.69,383102
1501,2023-08-11,9.49,8.63,9.54,8.6,286454
1502,2023-08-14,8.69,8.61,8.87,8.48,195877
1503,2023-08-15,8.71,8.46,8.79,8.3,172721
1504,2023-08-16,8.41,8.62,9.03,8.26,229565
1505,2023-08-17,8.62,9.03,9.36,8.33,305011
1506,2023-08-18,9.0,8.5,9.03,8.5,210965
1507,2023-08-21,8.63,8.69,8.75,8.33,164541
1508,2023-08-22,8.52,8.17,8.56,7.97,219420
1509,2023-08-23,8.17,8.11,8.32,8.07,126298
1510,2023-08-24,8.11,8.22,8.32,8.0,120523
1511,2023-08-25,8.16,8.07,8.34,8.03,107557
1512,2023-08-28,8.31,8.1,8.52,8.05,99052
1513,2023-08-29,8.05,8.39,8.42,7.98,91443
1514,2023-08-30,8.4,8.4,8.64,8.34,69896
1515,2023-08-31,8.35,8.32,8.4,8.2,50852
1516,2023-09-01,8.44,8.69,9.15,8.32,300727
1517,2023-09-04,8.6,8.5,8.68,8.35,190701
1518,2023-09-05,8.45,8.26,8.46,8.2,107868
1519,2023-09-06,8.26,8.1,8.33,8.06,67848
1520,2023-09-07,8.08,8.02,8.15,8.0,62238
1521,2023-09-08,7.88,8.08,8.16,7.86,62280
1522,2023-09-11,8.04,8.27,8.44,7.99,73280
1523,2023-09-12,8.3,8.35,8.58,8.19,69864
1524,2023-09-13,8.35,8.28,8.45,8.19,56471
1525,2023-09-14,8.21,8.23,8.35,8.14,49623
1526,2023-09-15,8.25,8.2,8.29,8.13,34910
1527,2023-09-18,8.23,8.36,8.42,8.03,47772
1528,2023-09-19,8.34,8.2,8.34,8.18,30774
1529,2023-09-20,8.08,8.21,8.32,8.08,38590
1530,2023-09-21,8.19,8.1,8.3,8.08,31691
1531,2023-09-22,8.1,8.32,8.34,8.03,41802
1532,2023-09-25,8.3,8.2,8.41,8.16,35105
1533,2023-09-26,8.1,7.97,8.21,7.95,56917
1534,2023-09-27,8.05,7.88,8.06,7.87,40326
1535,2023-09-28,7.92,7.82,7.94,7.77,47373
1536,2023-10-09,7.9,7.76,7.92,7.7,35877
1537,2023-10-10,7.76,7.76,7.96,7.7,39528
1538,2023-10-11,7.77,7.82,7.92,7.76,36691
1539,2023-10-12,7.83,7.76,7.95,7.71,25641
1540,2023-10-13,7.75,7.65,7.75,7.61,29504
1541,2023-10-16,7.71,7.74,7.78,7.63,26970
1542,2023-10-17,7.73,7.73,7.84,7.69,25003
1543,2023-10-18,7.78,7.62,7.78,7.61,23844
1544,2023-10-19,7.63,7.6,7.8,7.51,25333
1545,2023-10-20,7.6,7.6,7.75,7.52,21911
1546,2023-10-23,7.6,7.42,7.64,7.4,23341
1547,2023-10-24,7.61,7.82,7.82,7.41,38371
1548,2023-10-25,7.82,7.79,7.95,7.72,31593
1549,2023-10-26,7.85,7.83,7.88,7.75,29241
1550,2023-10-27,7.89,7.96,8.02,7.81,35295
1551,2023-10-30,7.91,8.0,8.05,7.84,35704
1552,2023-10-31,8.0,7.99,8.05,7.92,32019
1553,2023-11-01,7.99,8.11,8.14,7.98,31022
1554,2023-11-02,8.14,8.05,8.2,7.97,24245
1555,2023-11-03,8.07,8.14,8.2,8.0,25900
1556,2023-11-06,8.18,8.26,8.38,8.15,33700
1557,2023-11-07,8.31,8.31,8.36,8.18,23247
1558,2023-11-08,8.31,8.25,8.34,8.19,20711
1559,2023-11-09,8.27,8.22,8.34,8.17,23629
1560,2023-11-10,8.15,8.24,8.27,8.1,19522
1561,2023-11-13,8.28,8.36,8.37,8.2,30444
1562,2023-11-14,8.4,8.35,8.45,8.29,22655
1563,2023-11-15,8.38,8.34,8.41,8.26,20111
1564,2023-11-16,8.35,8.31,8.38,8.28,21499
1565,2023-11-17,8.28,8.34,8.36,8.26,17840
1566,2023-11-20,8.32,8.49,8.5,8.3,31772
1567,2023-11-21,8.47,8.56,8.64,8.38,26160
1568,2023-11-22,8.49,8.57,8.64,8.49,29286
1569,2023-11-23,8.54,8.57,8.63,8.51,20645
1570,2023-11-24,8.65,9.43,9.43,8.58,69711
1571,2023-11-27,10.37,10.37,10.37,10.37,43130
1572,2023-11-28,10.8,11.41,11.41,10.16,297219
1573,2023-11-29,12.0,12.55,12.55,10.96,220530
1574,2023-11-30,11.7,13.81,13.81,11.68,654060
1575,2023-12-01,14.58,15.19,15.19,13.54,550275
1576,2023-12-04,14.24,16.71,16.71,13.7,685524
1577,2023-12-05,15.36,18.38,18.38,15.36,402110
1578,2023-12-06,20.2,16.54,20.22,16.54,682435
1579,2023-12-07,15.7,18.19,18.19,15.21,648880
1580,2023-12-08,17.53,17.25,19.59,16.88,615840
1581,2023-12-11,15.6,16.78,17.13,15.6,479993
1582,2023-12-12,16.96,17.75,18.15,16.44,534684
1583,2023-12-13,17.25,17.98,18.25,17.02,483095
1584,2023-12-14,17.4,16.18,17.8,16.18,410915
1585,2023-12-15,15.45,16.48,16.64,15.29,375502
1586,2023-12-18,16.26,15.73,16.31,15.55,279681
1587,2023-12-19,15.69,16.51,16.6,15.35,323481
1588,2023-12-20,16.28,14.87,16.8,14.86,363538
1589,2023-12-21,14.3,15.16,15.3,13.83,335699
1590,2023-12-22,15.06,14.54,15.45,14.12,292894
1591,2023-12-25,14.68,15.99,15.99,14.41,336837
1592,2023-12-26,16.31,15.63,17.08,15.5,509861
1593,2023-12-27,15.61,17.19,17.19,14.91,447090
1594,2023-12-28,17.71,17.2,18.31,16.67,593409
1595,2023-12-29,15.48,15.53,16.45,15.48,455030
1596,2024-01-02,15.54,16.33,16.6,15.01,417045
1597,2024-01-03,15.91,15.36,16.16,15.09,302461
1598,2024-01-04,15.19,14.19,15.25,13.9,267431
1599,2024-01-05,14.08,13.15,14.55,12.83,254084
1600,2024-01-08,13.11,13.27,13.4,12.93,168719
1601,2024-01-09,13.27,13.38,13.4,12.9,193181
1602,2024-01-10,13.2,14.72,14.72,13.08,337156
1603,2024-01-11,14.75,14.57,15.27,14.35,391948
1604,2024-01-12,14.55,14.15,15.1,14.06,284859
1605,2024-01-15,14.06,14.31,14.96,14.0,256751
1606,2024-01-16,14.34,14.65,14.86,14.04,315430
1607,2024-01-17,14.36,13.76,14.5,13.76,215032
1608,2024-01-18,13.96,13.5,14.05,13.1,177302
1609,2024-01-19,13.49,13.44,13.79,13.3,145074
1610,2024-01-22,13.29,12.66,13.58,12.53,151597
1611,2024-01-23,12.6,12.34,12.81,12.23,133482
1612,2024-01-24,12.28,12.6,12.63,12.11,127929
1613,2024-01-25,12.58,12.78,12.8,12.46,108139
1614,2024-01-26,12.8,12.6,12.96,12.53,93282
1615,2024-01-29,12.71,12.1,12.73,12.01,90170
1616,2024-01-30,11.99,11.54,12.05,11.5,81912
1617,2024-01-31,11.72,11.08,11.99,11.03,87872
1618,2024-02-01,11.14,10.9,11.14,10.6,93265
1619,2024-02-02,10.95,10.56,11.15,10.16,107255
1620,2024-02-05,10.35,9.5,10.46,9.5,96773
1621,2024-02-06,8.65,8.89,9.44,8.55,163061
1622,2024-02-07,8.89,8.0,8.89,8.0,175317
1623,2024-02-08,7.71,8.25,8.38,7.2,244450
1624,2024-02-19,8.28,8.65,8.68,8.1,196426
1625,2024-02-20,8.68,9.19,9.5,8.5,181651
1626,2024-02-21,9.18,9.49,9.8,8.9,193445
1627,2024-02-22,9.49,10.44,10.44,9.4,204617
1628,2024-02-23,10.39,10.97,11.39,10.07,315264
1629,2024-02-26,10.54,10.57,11.05,10.4,270994
1630,2024-02-27,10.45,10.88,11.0,10.28,238192
1631,2024-02-28,10.93,9.93,11.33,9.91,277867
1632,2024-02-29,9.69,10.31,10.38,9.69,169536
1633,2024-03-01,10.45,10.36,10.6,10.14,144876
1634,2024-03-04,10.45,10.5,10.55,10.1,134760
1635,2024-03-05,10.36,10.2,10.54,10.12,117627
1636,2024-03-06,10.26,10.46,10.51,10.01,141438
1637,2024-03-07,10.38,10.94,10.98,10.36,318880
1638,2024-03-08,10.91,10.51,10.91,10.3,216208
1639,2024-03-11,10.73,10.88,11.3,10.55,268545
1640,2024-03-12,10.84,11.45,11.68,10.74,337857
1641,2024-03-13,11.22,11.15,11.25,10.94,231965
1642,2024-03-14,11.0,10.85,11.2,10.58,179964
1643,2024-03-15,10.9,11.15,11.48,10.85,221276
1644,2024-03-18,10.8,11.1,11.15,10.61,212906
1645,2024-03-19,11.08,11.19,11.28,11.01,177079
1646,2024-03-20,11.23,11.29,11.3,10.98,149017
1647,2024-03-21,11.28,11.54,11.56,11.2,193899
1648,2024-03-22,11.94,11.36,12.28,11.36,358642
1649,2024-03-25,11.13,10.6,11.36,10.6,223351
1650,2024-03-26,10.55,10.7,11.0,10.45,154360
1651,2024-03-27,10.57,10.46,10.95,10.34,158655
1652,2024-03-28,10.08,10.46,10.67,9.63,151907
1653,2024-03-29,10.79,10.65,10.88,10.53,139210
1654,2024-04-01,10.62,11.09,11.14,10.6,173860
1655,2024-04-02,11.09,10.74,11.18,10.66,122417
1656,2024-04-03,10.64,11.27,11.59,10.49,231168
1657,2024-04-08,11.28,12.4,12.4,11.28,391116
1658,2024-04-09,12.31,12.38,13.38,11.97,460523
1659,2024-04-10,12.32,11.83,12.55,11.78,305644
1660,2024-04-11,11.75,11.88,12.1,11.47,244654
1661,2024-04-12,11.66,11.69,12.04,11.08,287713
1662,2024-04-15,11.35,10.52,11.48,10.52,181633
1663,2024-04-16,10.0,9.47,10.0,9.47,90168
1664,2024-04-17,9.1,9.74,9.95,9.1,163285
1665,2024-04-18,9.61,9.66,10.05,9.29,159402
1666,2024-04-19,9.6,9.32,9.6,9.23,128183
1667,2024-04-22,9.25,9.1,9.4,8.87,91941
1668,2024-04-23,9.09,9.09,9.23,9.02,73699
1669,2024-04-24,9.16,9.36,9.42,9.16,95346
1670,2024-04-25,9.25,9.4,9.44,9.25,68605
1671,2024-04-26,9.38,9.5,9.58,9.21,92839
1672,2024-04-29,9.48,9.75,9.77,9.46,109991
1673,2024-04-30,9.8,9.52,9.86,9.33,118296
1674,2024-05-06,9.6,9.92,9.96,9.6,120868
1675,2024-05-07,9.92,9.93,10.08,9.81,80055
1676,2024-05-08,9.92,9.79,10.01,9.78,67784
1677,2024-05-09,9.78,9.8,9.95,9.75,66603
1678,2024-05-10,9.88,9.65,10.03,9.58,94703
1679,2024-05-13,9.55,9.17,9.55,9.15,96724
1680,2024-05-14,9.16,9.42,9.47,9.16,71718
1681,2024-05-15,9.42,9.34,9.5,9.3,46228
1682,2024-05-16,9.39,9.72,9.85,9.39,98467
1683,2024-05-17,9.72,9.72,10.32,9.6,114998
1684,2024-05-20,9.81,9.91,10.09,9.75,111836
1685,2024-05-21,9.85,9.72,9.89,9.61,76955
1686,2024-05-22,9.7,9.66,9.79,9.56,56856
1687,2024-05-23,9.53,9.31,9.59,9.24,64162
1688,2024-05-24,9.27,9.3,9.69,9.25,89141
1689,2024-05-27,9.18,9.25,9.27,9.0,71959
1690,2024-05-28,9.26,9.03,9.29,9.0,44368
1691,2024-05-29,9.02,9.05,9.16,8.91,40634
1692,2024-05-30,9.03,9.02,9.18,8.93,40413
1693,2024-05-31,8.98,9.1,9.15,8.97,38740
1694,2024-06-03,9.07,8.84,9.1,8.75,58293
1695,2024-06-04,8.9,8.63,8.9,8.51,46848
1696,2024-06-05,8.6,8.41,8.64,8.39,43417
1697,2024-06-06,8.48,7.95,8.5,7.83,75593
1698,2024-06-07,8.06,8.26,8.29,8.02,56144
1699,2024-06-11,8.28,8.26,8.31,8.07,40448
1700,2024-06-12,8.36,8.51,8.56,8.28,45684
1701,2024-06-13,8.51,8.31,8.55,8.29,38686
1702,2024-06-14,8.32,8.4,8.45,8.24,31482
1703,2024-06-17,8.38,8.18,8.38,8.15,35832
1704,2024-06-18,8.21,8.19,8.28,8.16,31767
1705,2024-06-19,8.2,8.23,8.32,8.19,30167
1706,2024-06-20,8.23,8.01,8.26,8.0,40333
1707,2024-06-21,7.95,8.05,8.09,7.91,31691
1708,2024-06-24,8.01,7.73,8.01,7.66,37060
1709,2024-06-25,7.72,7.84,7.92,7.69,35430
1710,2024-06-26,7.8,8.0,8.02,7.72,31535
1711,2024-06-27,8.04,7.96,8.19,7.96,40977
1712,2024-06-28,8.0,7.91,8.05,7.86,36023
1713,2024-07-01,7.9,7.98,7.99,7.81,28119
1714,2024-07-02,8.06,8.12,8.18,7.93,35335
1715,2024-07-03,8.06,8.93,8.93,8.05,218124
1716,2024-07-04,8.57,8.3,8.67,8.23,180263
1717,2024-07-05,8.22,8.09,8.35,7.94,122975
1718,2024-07-08,8.11,7.73,8.11,7.68,113959
1719,2024-07-09,7.66,7.55,7.7,7.25,111010
1720,2024-07-10,7.42,7.46,7.58,7.28,74100
1721,2024-07-11,7.5,7.67,7.71,7.5,75946
1722,2024-07-12,7.66,7.64,7.95,7.61,78300
1723,2024-07-15,7.66,7.46,7.67,7.42,46812
1724,2024-07-16,7.44,7.47,7.53,7.37,31315
1725,2024-07-17,7.47,7.51,7.59,7.36,42156
1726,2024-07-18,7.45,7.4,7.45,7.23,49911
1727,2024-07-19,7.37,7.48,7.51,7.33,36311
1728,2024-07-22,7.43,7.51,7.52,7.33,33842
1729,2024-07-23,7.51,7.41,7.62,7.4,40461
1730,2024-07-24,7.48,7.22,7.49,7.19,36283
1731,2024-07-25,7.19,7.21,7.3,7.11,29002
1732,2024-07-26,7.22,7.29,7.32,7.22,24214
1733,2024-07-29,7.3,7.33,7.39,7.22,26595
1734,2024-07-30,7.33,7.4,7.44,7.29,27777
1735,2024-07-31,7.44,7.66,7.73,7.4,51995
1736,2024-08-01,7.64,7.66,7.78,7.59,38037
1737,2024-08-02,7.64,7.76,7.83,7.59,55176
1738,2024-08-05,7.95,7.58,8.12,7.57,83253
1739,2024-08-06,7.63,8.03,8.06,7.58,109150
1740,2024-08-07,7.89,7.64,7.92,7.59,109907
1741,2024-08-08,7.54,7.97,8.3,7.45,141442
1742,2024-08-09,7.88,7.67,7.94,7.66,92879
1743,2024-08-12,7.64,7.5,7.69,7.46,49688
1744,2024-08-13,7.47,7.46,7.52,7.33,37479
1745,2024-08-14,7.43,7.36,7.52,7.36,28432
1746,2024-08-15,7.38,7.45,7.53,7.31,38300
1747,2024-08-16,7.48,7.24,7.49,7.2,45719
1748,2024-08-19,7.24,7.2,7.28,7.12,29660
1749,2024-08-20,7.21,7.04,7.22,7.0,38074
1750,2024-08-21,7.05,7.02,7.07,6.99,20348
1751,2024-08-22,7.02,6.86,7.09,6.8,31189
1752,2024-08-23,6.88,6.8,6.92,6.72,27556
1753,2024-08-26,6.79,6.96,7.01,6.79,30798
1754,2024-08-27,7.01,6.94,7.07,6.91,33854
1755,2024-08-28,6.89,6.98,7.08,6.82,28613
1756,2024-08-29,6.91,7.01,7.06,6.87,21584
1757,2024-08-30,7.01,7.24,7.35,7.01,49251
1758,2024-09-02,7.22,7.17,7.32,7.16,38088
1759,2024-09-03,7.13,7.2,7.29,7.13,24019
1760,2024-09-04,7.19,7.17,7.28,7.15,23538
1761,2024-09-05,7.18,7.28,7.34,7.18,27605
1762,2024-09-06,7.3,7.14,7.32,7.13,22694
1763,2024-09-09,7.14,7.85,7.85,7.04,134586
1764,2024-09-10,7.88,7.7,8.23,7.67,238125
1765,2024-09-11,7.85,7.58,7.95,7.52,132398
1766,2024-09-12,7.77,7.49,7.79,7.45,88334
1767,2024-09-13,7.46,7.28,7.47,7.25,62243
1768,2024-09-18,7.28,7.27,7.37,7.05,58432
1769,2024-09-19,7.28,8.0,8.0,7.28,99426
1770,2024-09-20,8.11,8.19,8.58,8.03,283914
1771,2024-09-23,8.19,8.32,8.36,8.19,175363
1772,2024-09-24,8.62,8.75,9.15,8.31,278584
1773,2024-09-25,8.65,8.48,8.81,8.4,232083
1774,2024-09-26,8.39,8.91,9.14,8.35,238460
1775,2024-09-27,9.1,9.1,9.24,8.69,194522
1776,2024-09-30,9.25,9.79,9.89,9.0,281705
1777,2024-10-08,10.76,9.85,10.76,9.34,265655
1778,2024-10-09,9.54,8.87,9.54,8.87,126530
1779,2024-10-10,8.9,9.05,9.27,8.3,144026
1780,2024-10-11,8.95,8.55,9.1,8.48,90659
1781,2024-10-14,8.63,8.73,8.78,8.48,77017
1782,2024-10-15,8.66,8.57,8.84,8.55,61929
1783,2024-10-16,8.5,8.59,8.7,8.41,61458
1784,2024-10-17,8.66,8.59,8.83,8.57,68666
1785,2024-10-18,8.71,8.67,8.74,8.57,84833
1786,2024-10-21,8.69,8.7,8.77,8.61,87214
1787,2024-10-22,8.68,9.08,9.27,8.61,155597
1788,2024-10-23,9.06,8.87,9.06,8.8,113900
1789,2024-10-24,8.82,8.87,8.93,8.7,69050
1790,2024-10-25,8.95,9.04,9.2,8.9,98376
1791,2024-10-28,8.98,9.26,9.26,8.98,102240
1792,2024-10-29,9.26,9.1,9.45,9.1,116097
1793,2024-10-30,9.07,9.02,9.19,8.84,89541
1794,2024-10-31,9.0,8.93,9.07,8.86,74160
1795,2024-11-01,9.06,9.47,9.66,8.92,247865
1796,2024-11-04,9.32,10.02,10.42,9.09,296255
1797,2024-11-05,10.15,9.93,10.21,9.68,247603
1798,2024-11-06,9.81,10.31,10.4,9.71,241872
1799,2024-11-07,10.5,11.34,11.34,10.48,163438
1800,2024-11-08,12.47,10.78,12.47,10.53,456698
1801,2024-11-11,10.44,10.75,11.06,10.18,257773
1802,2024-11-12,10.6,10.5,10.86,10.45,158191
1803,2024-11-13,10.41,10.19,10.48,9.94,124120
1804,2024-11-14,10.09,9.96,10.29,9.92,85120
1805,2024-11-15,9.95,9.68,10.07,9.66,72564
1806,2024-11-18,9.77,9.14,9.8,9.05,88397
1807,2024-11-19,9.07,9.3,9.3,9.04,76455
1808,2024-11-20,9.21,9.54,9.63,9.21,70457
1809,2024-11-21,9.49,9.69,9.99,9.42,91279
1810,2024-11-22,9.68,9.19,9.68,9.18,75060
1811,2024-11-25,9.15,9.48,9.49,9.15,61172
1812,2024-11-26,9.43,10.03,10.43,9.43,209974
1813,2024-11-27,10.27,10.44,10.67,10.03,261657
1814,2024-11-28,10.05,10.55,10.73,10.04,234356
1815,2024-11-29,10.63,11.61,11.61,10.4,435611
1816,2024-12-02,11.58,11.71,12.5,11.21,453058
1817,2024-12-03,11.48,11.08,11.48,10.78,306860
1818,2024-12-04,10.83,10.94,11.84,10.54,288714
1819,2024-12-05,10.66,10.74,10.83,10.5,182339
1820,2024-12-06,10.7,10.94,11.09,10.51,202572
1821,2024-12-09,10.92,12.03,12.03,10.71,280296
1822,2024-12-10,13.23,13.23,13.23,13.23,34232
1823,2024-12-11,13.32,14.55,14.55,13.02,401161
1824,2024-12-12,15.19,16.01,16.01,15.0,187019
1825,2024-12-13,17.61,17.61,17.61,16.82,428839
1826,2024-12-16,15.88,16.8,19.37,15.88,737102
1827,2024-12-17,15.12,15.12,15.12,15.12,30970
1828,2024-12-18,13.61,13.61,13.61,13.61,79062
1829,2024-12-19,13.01,12.9,13.59,12.61,539748
1830,2024-12-20,12.65,12.64,13.06,12.58,374115
1831,2024-12-23,12.74,11.83,12.83,11.76,292265
1832,2024-12-24,11.98,11.92,11.98,11.5,214130
1833,2024-12-25,11.85,11.99,12.36,11.03,354043
1834,2024-12-26,11.79,12.2,12.22,11.73,256775
1835,2024-12-27,12.2,12.24,12.63,12.1,301070
1836,2024-12-30,12.09,11.55,12.09,11.4,225220
1837,2024-12-31,11.62,11.68,12.55,11.55,260247
1838,2025-01-02,11.58,12.3,12.5,11.57,349313
1839,2025-01-03,12.32,11.07,12.5,11.07,302947
1840,2025-01-06,10.3,10.18,10.78,10.02,225541
1841,2025-01-07,10.29,10.33,10.39,9.94,172064
1842,2025-01-08,10.27,10.68,10.75,10.0,203962
1843,2025-01-09,10.5,10.67,10.89,10.48,170617
1844,2025-01-10,10.67,10.04,10.67,10.02,139734
1845,2025-01-13,10.04,10.15,10.27,9.58,127563
1846,2025-01-14,10.21,10.71,10.71,10.21,149129
1847,2025-01-15,10.69,10.81,11.02,10.65,153580
1848,2025-01-16,10.87,11.17,11.34,10.8,210376
1849,2025-01-17,11.14,10.96,11.47,10.7,193782
1850,2025-01-20,11.02,10.91,11.2,10.71,167812
1851,2025-01-21,11.1,11.29,11.3,10.64,217107
1852,2025-01-22,11.1,10.66,11.46,10.53,172176
1853,2025-01-23,10.8,10.66,11.03,10.64,147534
1854,2025-01-24,10.65,10.4,10.65,10.37,116407
1855,2025-01-27,10.44,10.12,10.62,10.12,93678
1856,2025-02-05,10.12,10.14,10.23,10.0,85194
1857,2025-02-06,10.15,10.62,10.64,10.0,131966
1858,2025-02-07,10.62,10.72,10.81,10.49,113579
1859,2025-02-10,10.73,11.11,11.13,10.73,140737
1860,2025-02-11,11.22,11.14,11.29,10.97,117984
1861,2025-02-12,11.14,11.18,11.2,10.95,106597
1862,2025-02-13,11.18,11.05,11.27,10.94,109568
1863,2025-02-14,11.03,10.82,11.33,10.81,134612
1864,2025-02-17,10.81,10.9,11.0,10.64,120894
1865,2025-02-18,10.9,10.2,10.98,10.16,144630
1866,2025-02-19,10.2,10.44,10.57,10.11,93460
1867,2025-02-20,10.52,10.63,10.68,10.35,83998
1868,2025-02-21,10.63,10.37,10.7,10.18,114888
1869,2025-02-24,10.35,10.41,10.58,10.3,84997
1870,2025-02-25,10.32,10.32,10.59,10.25,78435
1871,2025-02-26,10.32,10.45,10.47,10.21,74230
1872,2025-02-27,10.5,11.04,11.4,10.45,349224
1873,2025-02-28,10.85,10.55,11.34,10.5,286825
1874,2025-03-03,10.48,10.41,10.77,10.33,165540
1875,2025-03-04,10.31,10.33,10.35,10.12,126399
1876,2025-03-05,9.88,9.61,9.99,9.33,266830
1877,2025-03-06,9.52,9.74,9.82,9.45,164993
1878,2025-03-07,9.68,9.65,9.88,9.58,113998
1879,2025-03-10,9.65,9.75,9.8,9.61,80822
1880,2025-03-11,9.66,9.9,9.9,9.61,90791
1881,2025-03-12,9.92,10.15,10.68,9.92,199562
1882,2025-03-13,10.05,9.88,10.17,9.78,99372
1883,2025-03-14,9.87,10.51,10.66,9.87,247395
1884,2025-03-17,10.66,10.33,10.8,10.32,150100
1885,2025-03-18,10.33,10.3,10.38,10.17,86351
1886,2025-03-19,10.3,10.13,10.3,10.09,57274
1887,2025-03-20,10.09,10.05,10.24,10.04,51596
1888,2025-03-21,9.97,9.87,10.1,9.83,52893
1889,2025-03-24,9.92,9.55,9.97,9.38,85274
1890,2025-03-25,9.54,9.5,9.72,9.21,95405
1891,2025-03-26,9.39,9.5,9.66,9.38,54619
1892,2025-03-27,9.5,9.41,9.56,9.37,46216
1893,2025-03-28,9.43,9.2,9.43,9.19,60830
1894,2025-03-31,9.24,8.99,9.24,8.9,57785
1895,2025-04-01,9.03,9.03,9.16,8.98,49814
